{"accountManagerModalData":{},"activeModalId":null,"ads":{},"apiRequestState":{},"approvedSubmitters":{"api":{"error":null,"pending":{}},"fetchedTokens":{},"loadMore":{},"models":{},"search":{"api":{"error":null,"pending":false},"result":null},"userOrder":{}},"authorFlair":{"inContext":null,"models":{"t5_2qnan":{"[deleted]":null,"jgudnas":null,"vitalsign0":{"text":"[VCAP]","richtext":[],"backgroundColor":"","templateId":null,"textColor":"dark","type":"text"},"saysjuan":null,"cr0ft":null,"twowordz":null,"7h3dud3":{"text":"[VCP-DCV]","richtext":[],"backgroundColor":"","templateId":null,"textColor":"dark","type":"text"},"spiffdifilous":null,"lost_signal":{"text":"Too ESXY for his datacenter...","richtext":[],"backgroundColor":"","templateId":null,"textColor":"dark","type":"text"},"mro21":null,"compwizpro":null,"DahJimmer":{"text":"[VCP]","richtext":[],"backgroundColor":"","templateId":null,"textColor":"dark","type":"text"},"nullvector":null,"kielrandor":null,"solace666":null}}},"awards":{"blacklist":{},"create":{"api":{"error":null,"pending":false}},"manageable":{"api":{"error":null,"pending":{}},"order":{}},"models":{},"usable":{"api":{"error":null,"pending":{}},"order":{}}},"badges":{"api":{"subreddit":{"error":{},"pending":{}},"user":{"error":{},"pending":{}}},"models":{}},"banned":{"api":{"error":null,"pending":{}},"fetchedTokens":{},"inContext":null,"loadMore":{},"models":{},"search":{"api":{"error":null,"pending":false},"result":null},"userOrder":{}},"blockUser":{"api":{"error":{},"pending":{}}},"brandSafety":{"isViewSafe":true,"hasBrandSafetyBeenAssessed":false},"categories":{"api":{"list":{"error":null,"loaded":false,"pending":false},"subreddits":{"error":{},"loaded":{},"pending":{}}},"ids":[],"models":{},"nameToId":{}},"chat":{"isInited":false,"isUserSubredditChatEnabled":false,"subredditSettings":{"subredditId":null,"bannedWords":"","domains":"","rateLimit":-1,"regexes":[]},"promos":{"displaySubredditChatFtux":false},"unread":{"api":{"error":{"apiError":null},"pending":false},"count":{"basicChannelCount":0,"subredditChannelCount":0}}},"claimGold":{"api":{"error":null,"pending":false,"showLoader":false},"code":"","showModal":false},"comments":{"collapsed":{"commentsPage--[post:'t3_a3djyx']":{}},"drafts":{"replyToPost_t3_a3djyx":{"commentMode":"richtext","draftType":0,"hasFocus":false,"rteState":null,"text":""}},"focused":{},"hidden":{},"isEditing":{},"models":{"t1_ebatauf":{"editedAt":null,"isStickied":false,"isMod":false,"postAuthor":null,"isScoreHidden":false,"id":"t1_ebatauf","isDeleted":false,"author":"compwizpro","media":{"richtextContent":{"document":[{"c":[{"e":"text","t":"Do you do thin with SQL servers and other large servers?  How do you manage / maintain adequate free space on datastores?"}],"e":"par"}]},"type":"rtjson","rteMode":"richtext"},"isAdmin":false,"isOp":true,"isLocked":false,"score":1,"parentId":"t1_eb9dcbg","subredditId":"t5_2qnan","collapsedReason":null,"collapsed":false,"sendReplies":true,"goldCount":0,"gildings":null,"authorId":"t2_ady6j","postId":"t3_a3djyx","permalink":"/r/vmware/comments/a3djyx/anyone_thinprovisioning_across_the_board/ebatauf/","created":1544202177,"postTitle":null,"distinguishType":null,"isSaved":false,"voteState":0,"deletedBy":null},"t1_eb5mykz":{"editedAt":null,"isStickied":false,"isMod":false,"postAuthor":null,"isScoreHidden":false,"id":"t1_eb5mykz","isDeleted":false,"author":"cr0ft","media":{"richtextContent":{"document":[{"c":[{"e":"text","t":"Sure. I see no reason to not use thin. Much more efficient use of the storage, and the performance impact I've seen so far is near to nil."}],"e":"par"},{"c":[{"e":"text","t":"I suppose if you absolutely must have the maximum, then thick."}],"e":"par"},{"c":[{"e":"text","t":"Just one guy's opinion."}],"e":"par"}]},"type":"rtjson","rteMode":"richtext"},"isAdmin":false,"isOp":false,"isLocked":false,"score":1,"parentId":null,"subredditId":"t5_2qnan","collapsedReason":null,"collapsed":false,"sendReplies":true,"goldCount":0,"gildings":null,"authorId":"t2_3bckx","postId":"t3_a3djyx","permalink":"/r/vmware/comments/a3djyx/anyone_thinprovisioning_across_the_board/eb5mykz/","created":1544035356,"postTitle":null,"distinguishType":null,"isSaved":false,"voteState":0,"deletedBy":null},"t1_eb5kbkm":{"editedAt":1554395178,"isStickied":false,"isMod":false,"postAuthor":null,"isScoreHidden":false,"id":"t1_eb5kbkm","isDeleted":true,"isAuthorCakeday":true,"author":"[deleted]","media":{"richtextContent":{"document":[{"c":[{"e":"text","t":"[deleted]"}],"e":"par"}]},"type":"rtjson","rteMode":"richtext"},"isAdmin":false,"isOp":false,"isLocked":false,"score":2,"parentId":"t1_eb5gda8","subredditId":"t5_2qnan","collapsedReason":null,"collapsed":false,"sendReplies":true,"goldCount":0,"gildings":null,"authorId":null,"postId":"t3_a3djyx","permalink":"/r/vmware/comments/a3djyx/anyone_thinprovisioning_across_the_board/eb5kbkm/","created":1544033686,"postTitle":null,"distinguishType":null,"isSaved":false,"voteState":0,"deletedBy":"user"},"t1_eb5ibrj":{"editedAt":null,"isStickied":false,"isMod":false,"postAuthor":null,"isScoreHidden":false,"id":"t1_eb5ibrj","isDeleted":false,"author":"spiffdifilous","media":{"richtextContent":{"document":[{"c":[{"e":"text","t":"Almost every VM we deploy is thin provisioned. The exceptions are typically file servers, and SQL servers. It really depends on the use case for the VM. Things like webservers, and application servers don't tend to grow as much, so we keep them thin provisioned, and monitor disk growth."}],"e":"par"}]},"type":"rtjson","rteMode":"richtext"},"isAdmin":false,"isOp":false,"isLocked":false,"score":5,"parentId":null,"subredditId":"t5_2qnan","collapsedReason":null,"collapsed":false,"sendReplies":true,"goldCount":0,"gildings":null,"authorId":"t2_12lt2d","postId":"t3_a3djyx","permalink":"/r/vmware/comments/a3djyx/anyone_thinprovisioning_across_the_board/eb5ibrj/","created":1544032378,"postTitle":null,"distinguishType":null,"isSaved":false,"voteState":0,"deletedBy":null},"t1_eb5gda8":{"editedAt":null,"isStickied":false,"isMod":false,"postAuthor":null,"isScoreHidden":false,"id":"t1_eb5gda8","isDeleted":false,"author":"jgudnas","media":{"richtextContent":{"document":[{"c":[{"e":"text","t":"every VM i deploy is thin."}],"e":"par"},{"c":[{"e":"text","t":"that being said, you still need to issue unmap commands to allow the array to trim reclaimed space.  (although 6.7 finally natively does this)"}],"e":"par"},{"c":[{"e":"text","t":"# esxcli storage vmfs unmap -l dataStoreName"}],"e":"par"},{"c":[],"e":"par"}]},"type":"rtjson","rteMode":"richtext"},"isAdmin":false,"isOp":false,"isLocked":false,"score":5,"parentId":null,"subredditId":"t5_2qnan","collapsedReason":null,"collapsed":false,"sendReplies":true,"goldCount":0,"gildings":null,"authorId":"t2_4nh99sy","postId":"t3_a3djyx","permalink":"/r/vmware/comments/a3djyx/anyone_thinprovisioning_across_the_board/eb5gda8/","created":1544031093,"postTitle":null,"distinguishType":null,"isSaved":false,"voteState":0,"deletedBy":null},"t1_eb5meen":{"editedAt":null,"isStickied":false,"isMod":false,"postAuthor":null,"isScoreHidden":false,"id":"t1_eb5meen","isDeleted":false,"author":"twowordz","media":{"richtextContent":{"document":[{"c":[{"e":"text","t":"All thin provisioned. I have storage DRS running every weekend, rebalancing the datastores as needed. It seems to work fine."}],"e":"par"}]},"type":"rtjson","rteMode":"richtext"},"isAdmin":false,"isOp":false,"isLocked":false,"score":3,"parentId":null,"subredditId":"t5_2qnan","collapsedReason":null,"collapsed":false,"sendReplies":true,"goldCount":0,"gildings":null,"authorId":"t2_2zyow","postId":"t3_a3djyx","permalink":"/r/vmware/comments/a3djyx/anyone_thinprovisioning_across_the_board/eb5meen/","created":1544035004,"postTitle":null,"distinguishType":null,"isSaved":false,"voteState":0,"deletedBy":null},"t1_eb6emgt":{"editedAt":null,"isStickied":false,"isMod":false,"postAuthor":null,"isScoreHidden":false,"id":"t1_eb6emgt","isDeleted":false,"author":"compwizpro","media":{"richtextContent":{"document":[{"c":[{"e":"text","t":"Yep I was excited to see that announcement especially since the ultimate goal is to move to vSAN once the arrays are up for lifecycle."}],"e":"par"}]},"type":"rtjson","rteMode":"richtext"},"isAdmin":false,"isOp":true,"isLocked":false,"score":1,"parentId":"t1_eb672ht","subredditId":"t5_2qnan","collapsedReason":null,"collapsed":false,"sendReplies":true,"goldCount":0,"gildings":null,"authorId":"t2_ady6j","postId":"t3_a3djyx","permalink":"/r/vmware/comments/a3djyx/anyone_thinprovisioning_across_the_board/eb6emgt/","created":1544054334,"postTitle":null,"distinguishType":null,"isSaved":false,"voteState":0,"deletedBy":null},"t1_eb603ua":{"editedAt":null,"isStickied":false,"isMod":false,"postAuthor":null,"isScoreHidden":false,"id":"t1_eb603ua","isDeleted":false,"author":"compwizpro","media":{"richtextContent":{"document":[{"c":[{"e":"text","t":"Great to hear!  Do you see any performance impact from SDRS running on the weekend?  What free space threshold do you try to keep your datastores at?"}],"e":"par"}]},"type":"rtjson","rteMode":"richtext"},"isAdmin":false,"isOp":true,"isLocked":false,"score":2,"parentId":"t1_eb5lvda","subredditId":"t5_2qnan","collapsedReason":null,"collapsed":false,"sendReplies":true,"goldCount":0,"gildings":null,"authorId":"t2_ady6j","postId":"t3_a3djyx","permalink":"/r/vmware/comments/a3djyx/anyone_thinprovisioning_across_the_board/eb603ua/","created":1544044148,"postTitle":null,"distinguishType":null,"isSaved":false,"voteState":0,"deletedBy":null},"t1_eb66gdq":{"editedAt":null,"isStickied":false,"isMod":false,"postAuthor":null,"isScoreHidden":false,"id":"t1_eb66gdq","isDeleted":false,"author":"saysjuan","media":{"richtextContent":{"document":[{"c":[{"e":"text","t":"We found the best approach is to thin provision at the underlying storage array and thick eager zero at the VM level (thick on thin).  When you thin on thin provisioned storage there is a significant performance hit especially with your high I/O systems."}],"e":"par"}]},"type":"rtjson","rteMode":"richtext"},"isAdmin":false,"isOp":false,"isLocked":false,"score":2,"parentId":null,"subredditId":"t5_2qnan","collapsedReason":null,"collapsed":false,"sendReplies":true,"goldCount":0,"gildings":null,"authorId":"t2_16vwxm","postId":"t3_a3djyx","permalink":"/r/vmware/comments/a3djyx/anyone_thinprovisioning_across_the_board/eb66gdq/","created":1544048600,"postTitle":null,"distinguishType":null,"isSaved":false,"voteState":0,"deletedBy":null},"t1_eb5ixnz":{"editedAt":null,"isStickied":false,"isMod":false,"postAuthor":null,"isScoreHidden":false,"id":"t1_eb5ixnz","isDeleted":false,"author":"compwizpro","media":{"richtextContent":{"document":[{"c":[{"e":"text","t":"how are you managing disk space on the datastore?  are you not over committing storage on the datastore so it can't fill up?"}],"e":"par"},{"c":[],"e":"par"}]},"type":"rtjson","rteMode":"richtext"},"isAdmin":false,"isOp":true,"isLocked":false,"score":1,"parentId":"t1_eb5gda8","subredditId":"t5_2qnan","collapsedReason":null,"collapsed":false,"sendReplies":true,"goldCount":0,"gildings":null,"authorId":"t2_ady6j","postId":"t3_a3djyx","permalink":"/r/vmware/comments/a3djyx/anyone_thinprovisioning_across_the_board/eb5ixnz/","created":1544032779,"postTitle":null,"distinguishType":null,"isSaved":false,"voteState":0,"deletedBy":null},"t1_eb9dcbg":{"editedAt":null,"isStickied":false,"isMod":false,"postAuthor":null,"isScoreHidden":false,"id":"t1_eb9dcbg","isDeleted":false,"author":"kielrandor","media":{"richtextContent":{"document":[{"c":[{"e":"text","t":"Another 100% thin environment here. No issues except when the new guys create a VM with Thick provisioning. Such a waste..."}],"e":"par"}]},"type":"rtjson","rteMode":"richtext"},"isAdmin":false,"isOp":false,"isLocked":false,"score":1,"parentId":null,"subredditId":"t5_2qnan","collapsedReason":null,"collapsed":false,"sendReplies":true,"goldCount":0,"gildings":null,"authorId":"t2_km4e0","postId":"t3_a3djyx","permalink":"/r/vmware/comments/a3djyx/anyone_thinprovisioning_across_the_board/eb9dcbg/","created":1544147704,"postTitle":null,"distinguishType":null,"isSaved":false,"voteState":0,"deletedBy":null},"t1_eb5iypd":{"editedAt":null,"isStickied":false,"isMod":false,"postAuthor":null,"isScoreHidden":false,"id":"t1_eb5iypd","isDeleted":false,"author":"compwizpro","media":{"richtextContent":{"document":[{"c":[{"c":[{"e":"text","t":"how are you managing disk space on the datastore?  are you not over committing storage on the datastore so it can't fill up?"}],"e":"par"}],"e":"blockquote"},{"c":[],"e":"par"}]},"type":"rtjson","rteMode":"richtext"},"isAdmin":false,"isOp":true,"isLocked":false,"score":1,"parentId":"t1_eb5ibrj","subredditId":"t5_2qnan","collapsedReason":null,"collapsed":false,"sendReplies":true,"goldCount":0,"gildings":null,"authorId":"t2_ady6j","postId":"t3_a3djyx","permalink":"/r/vmware/comments/a3djyx/anyone_thinprovisioning_across_the_board/eb5iypd/","created":1544032798,"postTitle":null,"distinguishType":null,"isSaved":false,"voteState":0,"deletedBy":null},"t1_eb672ht":{"editedAt":null,"isStickied":false,"isMod":false,"postAuthor":null,"isScoreHidden":false,"id":"t1_eb672ht","isDeleted":false,"author":"lost_signal","media":{"richtextContent":{"document":[{"c":[{"e":"text","t":"VxRail’s newest release (VSAN 6.7U1) now supports UNMAP."}],"e":"par"}]},"type":"rtjson","rteMode":"richtext"},"isAdmin":false,"isOp":false,"isLocked":false,"score":1,"parentId":null,"subredditId":"t5_2qnan","collapsedReason":null,"collapsed":false,"sendReplies":true,"goldCount":0,"gildings":null,"authorId":"t2_bhuku","postId":"t3_a3djyx","permalink":"/r/vmware/comments/a3djyx/anyone_thinprovisioning_across_the_board/eb672ht/","created":1544049039,"postTitle":null,"distinguishType":null,"isSaved":false,"voteState":0,"deletedBy":null},"t1_eb5jjv4":{"editedAt":null,"isStickied":false,"isMod":false,"postAuthor":null,"isScoreHidden":false,"id":"t1_eb5jjv4","isDeleted":false,"author":"vitalsign0","media":{"richtextContent":{"document":[{"c":[{"e":"text","t":"How often were you running this command?"}],"e":"par"}]},"type":"rtjson","rteMode":"richtext"},"isAdmin":false,"isOp":false,"isLocked":false,"score":1,"parentId":"t1_eb5gda8","subredditId":"t5_2qnan","collapsedReason":null,"collapsed":false,"sendReplies":true,"goldCount":0,"gildings":null,"authorId":"t2_4n8yk","postId":"t3_a3djyx","permalink":"/r/vmware/comments/a3djyx/anyone_thinprovisioning_across_the_board/eb5jjv4/","created":1544033193,"postTitle":null,"distinguishType":null,"isSaved":false,"voteState":0,"deletedBy":null},"t1_eb5zp70":{"editedAt":null,"isStickied":false,"isMod":false,"postAuthor":null,"isScoreHidden":false,"id":"t1_eb5zp70","isDeleted":false,"author":"7h3dud3","media":{"richtextContent":{"document":[{"c":[{"e":"text","t":"We've been thin for over 7 years with 600 or so VMs and a mix of RHEL and Windows workloads.  We've used exlusive thin provisioning on several models of VNX, a VMAX 10k and now a Pure X50.  We use a combination of monitoring and SDRS to insure no one volume ever fills.  Since moving to VMFS6 unmap has been a non-issue."}],"e":"par"},{"c":[{"e":"text","t":"One thing I do have in place are separate datastores for ERP database servers and core vSphere components such as vCenter, PSCs, NSX, vSOM, etc."}],"e":"par"}]},"type":"rtjson","rteMode":"richtext"},"isAdmin":false,"isOp":false,"isLocked":false,"score":1,"parentId":null,"subredditId":"t5_2qnan","collapsedReason":null,"collapsed":false,"sendReplies":true,"goldCount":0,"gildings":null,"authorId":"t2_3s70v","postId":"t3_a3djyx","permalink":"/r/vmware/comments/a3djyx/anyone_thinprovisioning_across_the_board/eb5zp70/","created":1544043871,"postTitle":null,"distinguishType":null,"isSaved":false,"voteState":0,"deletedBy":null},"t1_eb6141i":{"editedAt":null,"isStickied":false,"isMod":false,"postAuthor":null,"isScoreHidden":false,"id":"t1_eb6141i","isDeleted":false,"author":"compwizpro","media":{"richtextContent":{"document":[{"c":[{"e":"text","t":"Thats great to hear!  How often do you have SDRS run?  Do you see any impact from when it balances?  How big are your datastores for non-large VMs like SQL?"}],"e":"par"},{"c":[{"e":"text","t":"I'll probably stick with standalone datastores for larger SQL vms and keep them thick as well since once the data files grow, they shouldn't shrink."}],"e":"par"},{"c":[{"e":"text","t":"For RHEL, I believe you need to add the discard option to the files system mount for the OS to automatically issue UNMAP command upon file deletion."}],"e":"par"},{"c":[{"e":"text","t":"Thanks for the info!"}],"e":"par"}]},"type":"rtjson","rteMode":"richtext"},"isAdmin":false,"isOp":true,"isLocked":false,"score":1,"parentId":"t1_eb5mo1d","subredditId":"t5_2qnan","collapsedReason":null,"collapsed":false,"sendReplies":true,"goldCount":0,"gildings":null,"authorId":"t2_ady6j","postId":"t3_a3djyx","permalink":"/r/vmware/comments/a3djyx/anyone_thinprovisioning_across_the_board/eb6141i/","created":1544044842,"postTitle":null,"distinguishType":null,"isSaved":false,"voteState":0,"deletedBy":null},"t1_eb5mo1d":{"editedAt":null,"isStickied":false,"isMod":false,"postAuthor":null,"isScoreHidden":false,"id":"t1_eb5mo1d","isDeleted":false,"author":"nullvector","media":{"richtextContent":{"document":[{"c":[{"e":"text","t":"Yes, we do thin provisioning across the board with hundreds of VMs. We started thin provisioning most everything around 5 years ago. We use Storage DRS groups of datastores, and set thresholds for freespace (80% due to backup requirements).  We also have alarms that indicate warning levels at 85/95/99%, but the storage DRS automation usually balances out before we ever hit those numbers. For our 6.5 implementation, we finally allow sDRS to split VMs across multiple datastores, which allows it to be a little more efficient balancing smaller pieces of VMs across datastores as opposed to balancing larger VMs."}],"e":"par"},{"c":[{"e":"text","t":"There are around 5-6 VMs that we DONT thin provision, larger multi-TB VMs that need their own datastores anyway, things like Splunk, SQL databases, etc. The basic rule for us is if its less than 500GB, it gets thin provisioned. Anything more gets its own LUN based on possible growth."}],"e":"par"},{"c":[{"e":"text","t":"VMFS 6 supports storage reclamation, and we're already seeing that working for most of our Windows servers, although we're not exactly sure if it's working for all of our RHEL6/7 systems, as the command to check on it is per-datastore and I haven't seen that data down at the individual VM level (haven't dug too deep for it either)."}],"e":"par"},{"c":[],"e":"par"}]},"type":"rtjson","rteMode":"richtext"},"isAdmin":false,"isOp":false,"isLocked":false,"score":2,"parentId":null,"subredditId":"t5_2qnan","collapsedReason":null,"collapsed":false,"sendReplies":true,"goldCount":0,"gildings":null,"authorId":"t2_4ebio","postId":"t3_a3djyx","permalink":"/r/vmware/comments/a3djyx/anyone_thinprovisioning_across_the_board/eb5mo1d/","created":1544035171,"postTitle":null,"distinguishType":null,"isSaved":false,"voteState":0,"deletedBy":null},"t1_eb5lvda":{"editedAt":null,"isStickied":false,"isMod":false,"postAuthor":null,"isScoreHidden":false,"id":"t1_eb5lvda","isDeleted":false,"author":"DahJimmer","media":{"richtextContent":{"document":[{"c":[{"e":"text","t":"We are 100% thin on thin.  Full automation with SDRS clusters.  That said, we also stay well ahead of our capacity growth by having storage ready to be provisioned as/where needed."}],"e":"par"}]},"type":"rtjson","rteMode":"richtext"},"isAdmin":false,"isOp":false,"isLocked":false,"score":2,"parentId":null,"subredditId":"t5_2qnan","collapsedReason":null,"collapsed":false,"sendReplies":true,"goldCount":0,"gildings":null,"authorId":"t2_c0j9w","postId":"t3_a3djyx","permalink":"/r/vmware/comments/a3djyx/anyone_thinprovisioning_across_the_board/eb5lvda/","created":1544034671,"postTitle":null,"distinguishType":null,"isSaved":false,"voteState":0,"deletedBy":null},"t1_eb5whpx":{"editedAt":null,"isStickied":false,"isMod":false,"postAuthor":null,"isScoreHidden":false,"id":"t1_eb5whpx","isDeleted":false,"author":"mro21","media":{"richtextContent":{"document":[{"c":[{"e":"text","t":"When we don't eager-zero our THICK provisioned disks/flash, (write) performance (initial block write) is near to nil."}],"e":"par"},{"c":[{"e":"text","t":"As for the main question: thin on the array: yes, saves space and gives flexibility. Thin inside esx (again): nope, too many layers where sth can go wrong and would need meticulous monitoring."}],"e":"par"}]},"type":"rtjson","rteMode":"richtext"},"isAdmin":false,"isOp":false,"isLocked":false,"score":3,"parentId":"t1_eb5mykz","subredditId":"t5_2qnan","collapsedReason":null,"collapsed":false,"sendReplies":true,"goldCount":0,"gildings":null,"authorId":"t2_yfflu","postId":"t3_a3djyx","permalink":"/r/vmware/comments/a3djyx/anyone_thinprovisioning_across_the_board/eb5whpx/","created":1544041667,"postTitle":null,"distinguishType":null,"isSaved":false,"voteState":0,"deletedBy":null},"t1_eb5llya":{"editedAt":null,"isStickied":false,"isMod":false,"postAuthor":null,"isScoreHidden":false,"id":"t1_eb5llya","isDeleted":false,"author":"solace666","media":{"richtextContent":{"document":[{"c":[{"e":"text","t":"I believe the function for this to happen automatically is a VMFS 6 thing, not a vSphere 6.7 thing.  You have to enable \"Space Reclamation\" for the datastore.  I have this working automatically in 6.5"}],"e":"par"}]},"type":"rtjson","rteMode":"richtext"},"isAdmin":false,"isOp":false,"isLocked":false,"score":5,"parentId":"t1_eb5gda8","subredditId":"t5_2qnan","collapsedReason":null,"collapsed":false,"sendReplies":true,"goldCount":0,"gildings":null,"authorId":"t2_98sq8","postId":"t3_a3djyx","permalink":"/r/vmware/comments/a3djyx/anyone_thinprovisioning_across_the_board/eb5llya/","created":1544034509,"postTitle":null,"distinguishType":null,"isSaved":false,"voteState":0,"deletedBy":null}},"replyFormOpen":{},"submit":{"error":{},"pending":{}},"visitHighlightFilter":"Last"},"commentsListTruncated":true,"commentsPage":{"api":{"error":{"commentsPage--[post:'t3_a3djyx']":null},"fullyLoaded":{"commentsPage--[post:'t3_a3djyx']":true},"pending":{"commentsPage--[post:'t3_a3djyx']":false}},"keyToChatCommentLinks":{"commentsPage--[post:'t3_a3djyx']":[{"id":"t1_eb5gda8","created":1544031093,"stickied":false},{"id":"t1_eb5ibrj","created":1544032378,"stickied":false},{"id":"t1_eb5ixnz","created":1544032779,"stickied":false},{"id":"t1_eb5iypd","created":1544032798,"stickied":false},{"id":"t1_eb5jjv4","created":1544033193,"stickied":false},{"id":"t1_eb5kbkm","created":1544033686,"stickied":false},{"id":"t1_eb5llya","created":1544034509,"stickied":false},{"id":"t1_eb5lvda","created":1544034671,"stickied":false},{"id":"t1_eb5meen","created":1544035004,"stickied":false},{"id":"t1_eb5mo1d","created":1544035171,"stickied":false},{"id":"t1_eb5mykz","created":1544035356,"stickied":false},{"id":"t1_eb5whpx","created":1544041667,"stickied":false},{"id":"t1_eb5zp70","created":1544043871,"stickied":false},{"id":"t1_eb603ua","created":1544044148,"stickied":false},{"id":"t1_eb6141i","created":1544044842,"stickied":false},{"id":"t1_eb66gdq","created":1544048600,"stickied":false},{"id":"t1_eb672ht","created":1544049039,"stickied":false},{"id":"t1_eb6emgt","created":1544054334,"stickied":false},{"id":"t1_eb9dcbg","created":1544147704,"stickied":false},{"id":"t1_ebatauf","created":1544202177,"stickied":false}]},"keyToCommentThreadLinkSets":{"commentsPage--[post:'t3_a3djyx']":{"t1_ebatauf":{"depth":1,"next":{"type":"continueThread","id":"continueThread-t1_ebatauf"},"prev":{"type":"comment","id":"t1_eb9dcbg"}},"t1_eb5mykz":{"depth":0,"next":{"type":"comment","id":"t1_eb5whpx"},"prev":{"type":"comment","id":"t1_eb66gdq"}},"t1_eb5kbkm":{"depth":1,"next":{"type":"continueThread","id":"continueThread-t1_eb5kbkm"},"prev":{"type":"continueThread","id":"continueThread-t1_eb5llya"}},"t1_eb5ibrj":{"depth":0,"next":{"type":"comment","id":"t1_eb5iypd"},"prev":{"type":"continueThread","id":"continueThread-t1_eb5jjv4"}},"t1_eb5gda8":{"depth":0,"next":{"type":"comment","id":"t1_eb5llya"},"prev":null},"t1_eb5meen":{"depth":0,"next":{"type":"comment","id":"t1_eb5lvda"},"prev":{"type":"continueThread","id":"continueThread-t1_eb5iypd"}},"t1_eb6emgt":{"depth":1,"next":{"type":"comment","id":"t1_eb9dcbg"},"prev":{"type":"comment","id":"t1_eb672ht"}},"t1_eb603ua":{"depth":1,"next":{"type":"continueThread","id":"continueThread-t1_eb603ua"},"prev":{"type":"comment","id":"t1_eb5lvda"}},"t1_eb66gdq":{"depth":0,"next":{"type":"comment","id":"t1_eb5mykz"},"prev":{"type":"continueThread","id":"continueThread-t1_eb6141i"}},"t1_eb5ixnz":{"depth":1,"next":{"type":"continueThread","id":"continueThread-t1_eb5ixnz"},"prev":{"type":"continueThread","id":"continueThread-t1_eb5kbkm"}},"t1_eb9dcbg":{"depth":0,"next":{"type":"comment","id":"t1_ebatauf"},"prev":{"type":"comment","id":"t1_eb6emgt"}},"t1_eb5iypd":{"depth":1,"next":{"type":"continueThread","id":"continueThread-t1_eb5iypd"},"prev":{"type":"comment","id":"t1_eb5ibrj"}},"t1_eb672ht":{"depth":0,"next":{"type":"comment","id":"t1_eb6emgt"},"prev":{"type":"comment","id":"t1_eb5zp70"}},"t1_eb5jjv4":{"depth":1,"next":{"type":"continueThread","id":"continueThread-t1_eb5jjv4"},"prev":{"type":"continueThread","id":"continueThread-t1_eb5ixnz"}},"t1_eb5zp70":{"depth":0,"next":{"type":"comment","id":"t1_eb672ht"},"prev":{"type":"continueThread","id":"continueThread-t1_eb5whpx"}},"t1_eb6141i":{"depth":1,"next":{"type":"continueThread","id":"continueThread-t1_eb6141i"},"prev":{"type":"comment","id":"t1_eb5mo1d"}},"t1_eb5mo1d":{"depth":0,"next":{"type":"comment","id":"t1_eb6141i"},"prev":{"type":"continueThread","id":"continueThread-t1_eb603ua"}},"t1_eb5lvda":{"depth":0,"next":{"type":"comment","id":"t1_eb603ua"},"prev":{"type":"comment","id":"t1_eb5meen"}},"t1_eb5whpx":{"depth":1,"next":{"type":"continueThread","id":"continueThread-t1_eb5whpx"},"prev":{"type":"comment","id":"t1_eb5mykz"}},"t1_eb5llya":{"depth":1,"next":{"type":"continueThread","id":"continueThread-t1_eb5llya"},"prev":{"type":"comment","id":"t1_eb5gda8"}},"continueThread-t1_eb5ixnz":{"depth":2,"next":{"type":"comment","id":"t1_eb5jjv4"},"prev":{"type":"comment","id":"t1_eb5ixnz"}},"continueThread-t1_eb5llya":{"depth":2,"next":{"type":"comment","id":"t1_eb5kbkm"},"prev":{"type":"comment","id":"t1_eb5llya"}},"continueThread-t1_eb5kbkm":{"depth":2,"next":{"type":"comment","id":"t1_eb5ixnz"},"prev":{"type":"comment","id":"t1_eb5kbkm"}},"continueThread-t1_eb5iypd":{"depth":2,"next":{"type":"comment","id":"t1_eb5meen"},"prev":{"type":"comment","id":"t1_eb5iypd"}},"continueThread-t1_eb5jjv4":{"depth":2,"next":{"type":"comment","id":"t1_eb5ibrj"},"prev":{"type":"comment","id":"t1_eb5jjv4"}},"continueThread-t1_eb5whpx":{"depth":2,"next":{"type":"comment","id":"t1_eb5zp70"},"prev":{"type":"comment","id":"t1_eb5whpx"}},"continueThread-t1_eb603ua":{"depth":2,"next":{"type":"comment","id":"t1_eb5mo1d"},"prev":{"type":"comment","id":"t1_eb603ua"}},"continueThread-t1_ebatauf":{"depth":2,"next":null,"prev":{"type":"comment","id":"t1_ebatauf"}},"continueThread-t1_eb6141i":{"depth":2,"next":{"type":"comment","id":"t1_eb66gdq"},"prev":{"type":"comment","id":"t1_eb6141i"}}}},"keyToHeadCommentId":{"commentsPage--[post:'t3_a3djyx']":"t1_eb5gda8"},"keyToPostId":{"commentsPage--[post:'t3_a3djyx']":"t3_a3djyx"},"ads":[]},"contentGate":{},"continueThreads":{"models":{"continueThread-t1_eb5ixnz":{"postId":"t3_a3djyx","next":{"type":"comment","id":"t1_eb5jjv4"},"depth":2,"parentId":"t1_eb5ixnz","prev":{"type":"comment","id":"t1_eb5ixnz"},"id":"continueThread-t1_eb5ixnz"},"continueThread-t1_eb5llya":{"postId":"t3_a3djyx","next":{"type":"comment","id":"t1_eb5kbkm"},"depth":2,"parentId":"t1_eb5llya","prev":{"type":"comment","id":"t1_eb5llya"},"id":"continueThread-t1_eb5llya"},"continueThread-t1_eb5kbkm":{"postId":"t3_a3djyx","next":{"type":"comment","id":"t1_eb5ixnz"},"depth":2,"parentId":"t1_eb5kbkm","prev":{"type":"comment","id":"t1_eb5kbkm"},"id":"continueThread-t1_eb5kbkm"},"continueThread-t1_eb5iypd":{"postId":"t3_a3djyx","next":{"type":"comment","id":"t1_eb5meen"},"depth":2,"parentId":"t1_eb5iypd","prev":{"type":"comment","id":"t1_eb5iypd"},"id":"continueThread-t1_eb5iypd"},"continueThread-t1_eb5jjv4":{"postId":"t3_a3djyx","next":{"type":"comment","id":"t1_eb5ibrj"},"depth":2,"parentId":"t1_eb5jjv4","prev":{"type":"comment","id":"t1_eb5jjv4"},"id":"continueThread-t1_eb5jjv4"},"continueThread-t1_eb5whpx":{"postId":"t3_a3djyx","next":{"type":"comment","id":"t1_eb5zp70"},"depth":2,"parentId":"t1_eb5whpx","prev":{"type":"comment","id":"t1_eb5whpx"},"id":"continueThread-t1_eb5whpx"},"continueThread-t1_eb603ua":{"postId":"t3_a3djyx","next":{"type":"comment","id":"t1_eb5mo1d"},"depth":2,"parentId":"t1_eb603ua","prev":{"type":"comment","id":"t1_eb603ua"},"id":"continueThread-t1_eb603ua"},"continueThread-t1_ebatauf":{"postId":"t3_a3djyx","next":null,"depth":2,"parentId":"t1_ebatauf","prev":{"type":"comment","id":"t1_ebatauf"},"id":"continueThread-t1_ebatauf"},"continueThread-t1_eb6141i":{"postId":"t3_a3djyx","next":{"type":"comment","id":"t1_eb66gdq"},"depth":2,"parentId":"t1_eb6141i","prev":{"type":"comment","id":"t1_eb6141i"},"id":"continueThread-t1_eb6141i"}}},"creations":{"api":{"collection":{"createOrUpdate":{"error":null,"pending":false}},"draft":{"deleteDraft":{"error":{},"pending":{}},"listing":{"error":null,"pending":false},"save":{"error":{"apiError":null,"needsCaptcha":false,"validationError":null,"submitValidationError":null},"pending":false}},"editor":{"converting":{"pending":{}},"mediaUpload":{"error":null,"pending":false}},"page":{"error":{},"fetched":{},"pending":{}},"post":{"submit":{"error":{"apiError":null,"needsCaptcha":false,"validationError":null,"submitValidationError":null},"pending":false},"update":{"error":null,"pending":false}},"subreddit":{"change":{"error":null,"pending":false}}},"drafts":{},"formData":{"body":{"link":"","markdown":"","media":null,"rte":{"isBound":false,"editorKey":"6bfbdf","initialRTJSON":{"document":[]}}},"eventSchedule":null,"flair":null,"govType":null,"isChatPost":false,"isNSFW":false,"isOC":false,"isPoll":false,"isPublicLink":false,"isSpoiler":false,"newSubreddit":"","newTopMod":"","nextSubreddit":null,"ocCategory":null,"postToTwitter":false,"polls":null,"recaptcha":"","sendReplies":true,"submissionType":"post","title":""},"formState":{"fieldValidation":{"title":null,"body":null,"link":null,"flair":null},"isChanged":false,"modalId":null,"ocCategory":null,"submitMode":0},"postEditing":{"draft":{"markdown":"","rte":{"isBound":false,"editorKey":"d590d5","initialRTJSON":{"document":[]}}},"editorMode":"richtext","postId":null}},"dashboard":{"selectedComponent":null,"subredditPending":false,"subredditLoaded":{}},"discoveryUnits":{"api":{"list":{"error":null,"loaded":true,"pending":false}},"models":{"xd_66":{"enabled":true,"id":"xd_66","layout":"large","parameters":{"sort":"hot"},"surface":"explore","unitName":"posts_in_category_rails_hero","unitType":"listing","url":"/api/posts_in_category.json"},"xd_67":{"enabled":true,"id":"xd_67","layout":"large","surface":"explore","unitName":"posts_in_subreddit_hero","unitType":"listing","url":"/r/%{subredditName}/hot.json"},"xd_68":{"enabled":true,"id":"xd_68","layout":"large","parameters":{"sort":"hot"},"surface":"explore","unitName":"posts_in_category_rails_small","unitType":"listing","url":"/api/posts_in_category.json"},"xd_69":{"enabled":true,"id":"xd_69","layout":"large","surface":"explore","unitName":"posts_in_subreddit_small","unitType":"listing","url":"/r/%{subredditName}/hot.json"},"xd_70":{"enabled":true,"id":"xd_70","layout":"large","surface":"search","unitName":"search_posts","unitType":"community_category","url":"/api/posts_in_category.json"},"xd_71":{"enabled":true,"id":"xd_71","layout":"large","surface":"search","unitName":"search_subreddits","unitType":"community_category","url":"/api/subreddits_in_category.json"},"xd_72":{"enabled":true,"id":"xd_72","layout":"large","surface":"subreddit_listing","unitName":"community_banner_posts","unitType":"subreddit_listing","url":"/r/%{subredditName}/top.json"},"xd_83":{"enabled":true,"id":"xd_83","layout":"large","surface":"subreddit_listing","unitName":"best_of_community","unitType":"subreddit_listing","url":"/r/%{subredditName}/top.json"},"xd_88":{"enabled":true,"id":"xd_88","layout":"large","surface":"front_page","title":"Similar communities to %{subredditName}","unitName":"chaining_similar_subreddits_posts","unitType":"listing"},"xd_89":{"enabled":true,"id":"xd_89","layout":"large","surface":"front_page","title":"Mildy similar posts","unitName":"chaining_similar_posts","unitType":"listing"},"xd_90":{"enabled":true,"id":"xd_90","layout":"large","surface":"comments","title":"Posts in subreddit %{subredditName}","unitName":"posts_in_subreddit_vertical","unitType":"listing"},"xd_91":{"enabled":true,"id":"xd_91","layout":"large","surface":"comments","title":"Posts in recommended home","unitName":"posts_in_rec_home","unitType":"listing"}},"nameToId":{"posts_in_category_rails_hero":"xd_66","posts_in_subreddit_hero":"xd_67","posts_in_category_rails_small":"xd_68","posts_in_subreddit_small":"xd_69","search_posts":"xd_70","search_subreddits":"xd_71","community_banner_posts":"xd_72","best_of_community":"xd_83","chaining_similar_subreddits_posts":"xd_88","chaining_similar_posts":"xd_89","posts_in_subreddit_vertical":"xd_90","posts_in_rec_home":"xd_91"}},"economics":{"currentBadgeManagementScreen":{"badgeType":"cosmetic","view":"gallery"},"currentModalArgs":null,"currentPaymentTarget":null,"emotes":{},"ftue":{"tippingHighlightViewed":null,"topTippersViewed":null},"paymentSystems":{"status":2},"specialMemberships":{"allSubscriptionsFetched":false,"data":{}},"subredditPremium":{},"tipDetails":{}},"emojis":{"api":{"list":{"pending":{}}},"models":{}},"externalAccount":{"api":{"connect":{"error":{},"pending":{}},"disconnect":{"error":{},"pending":{}},"user":{"error":{},"pending":{}},"subreddit":{"error":{},"fetched":{},"pending":{}}},"user":{},"subreddit":{}},"featureFlags":{"overrides":{"introModal":null,"markdownMode":null,"modQueue":null,"spBadges":null,"spCommunityTipJar":null,"spEmotes":null,"spFavoriteCreators":null,"spGovPolls":null,"spHarberger":null,"spLeaderboard":null,"spLoadtest":null,"spPoints":null,"spPolls":null,"spPremium":null,"spPremiumSubscriptions":null,"spPremiumUpsells":null,"spPublicPoints":null,"spSpinoffs":null,"spSupport":null,"spTopTippers":null,"communityTopics":null,"adminCommunityTopics":null,"events":null,"collections":null,"rteVideoPoster":null,"userSeenSubredditChatFtux":null,"userInChat":null,"userInSubredditChat":null,"userInChatUserSettings":null,"devAndStagingWatermark":null,"fpsMeter":null,"rabbitHole":null,"measureScrollFPS":null,"showVerboseErrors":null,"uappBanner":null,"canProxyGild":null,"experiments":null,"enableGraphQl":null,"importExportThemes":null,"flairRestrictions":null,"spezModal":null,"superbOwl":null,"enableShadowMode":null,"useGraphQLInFrontpage":null,"wikiEditing":null,"pushNotificationsBrowserSupported":null,"enableCrowdControlMode":null,"customFeeds":null,"snoovatar30":null,"isEmailPermissionRequired":null,"__requiredDoNotRemove":null}},"flairedUsers":{"api":{"error":null,"pending":false},"models":{},"pageInfo":{},"search":{"api":{"error":null,"pending":false},"result":null},"userOrder":{}},"fontFiles":[{"family":"IBMPlexSans","weight":700,"style":"normal","woffUrl":"fonts/IBMPlexSans/Bold-c34ba754b7235b49d33b294ff7a54179.woff","woff2Url":"fonts/IBMPlexSans/Bold-875de5047556e7c822519d95d7ee692d.woff2"},{"family":"IBMPlexSans","weight":500,"style":"normal","woffUrl":"fonts/IBMPlexSans/Medium-1051a531d3e1ee3483a6533158557139.woff","woff2Url":"fonts/IBMPlexSans/Medium-c4b185e25a4dde85a29f902cd5ce5360.woff2"},{"family":"IBMPlexSans","weight":400,"style":"normal","woffUrl":"fonts/IBMPlexSans/Regular-e6bbcdd30d3bd4d6b170bcb6d3552cab.woff","woff2Url":"fonts/IBMPlexSans/Regular-116bb6d508f5307861d3b1269bc597e7.woff2"},{"family":"Noto Mono","weight":400,"style":"normal","woffUrl":"fonts/NotoMono/Regular-e6bbcdd30d3bd4d6b170bcb6d3552cab.woff","woff2Url":"fonts/NotoMono/Regular-b16bb0524a7e7ee597970333c0c67180.woff2"},{"family":"Noto Mono","weight":400,"style":"normal","woffUrl":"fonts/NotoMono/el-Regular-06ee3f893717454d11a16c3e8d0aa9f9.woff","woff2Url":"fonts/NotoMono/el-Regular-29d72243d2cd6145b28bcb80dc33f0e4.woff2"},{"family":"Noto Sans","weight":700,"style":"italic","woffUrl":"fonts/NotoSans/Bold-Italic-255b4934a1f414dd312aa89382d65114.woff","woff2Url":"fonts/NotoSans/Bold-Italic-be39cd37f002d25d500c67b88871bed4.woff2"},{"family":"Noto Sans","weight":700,"style":"normal","woffUrl":"fonts/NotoSans/Bold-c34ba754b7235b49d33b294ff7a54179.woff","woff2Url":"fonts/NotoSans/Bold-d4ba4ecba17e90993f442f7bb082a3a2.woff2"},{"family":"Noto Sans","weight":400,"style":"normal","woffUrl":"fonts/NotoSans/Regular-e6bbcdd30d3bd4d6b170bcb6d3552cab.woff","woff2Url":"fonts/NotoSans/Regular-d6a6aa8dc0f93416a832ea04a18c6fb8.woff2"},{"family":"Noto Sans","weight":700,"style":"italic","woffUrl":"fonts/OldNotoSans/Bold-Italic-255b4934a1f414dd312aa89382d65114.woff","woff2Url":"fonts/OldNotoSans/Bold-Italic-5a241c76c24e463ef9bcc5855d20209b.woff2"},{"family":"Noto Sans","weight":700,"style":"normal","woffUrl":"fonts/OldNotoSans/Bold-c34ba754b7235b49d33b294ff7a54179.woff","woff2Url":"fonts/OldNotoSans/Bold-b85bf848c28799f5ad34ee29db68051c.woff2"},{"family":"Noto Sans","weight":400,"style":"normal","woffUrl":"fonts/OldNotoSans/Regular-e6bbcdd30d3bd4d6b170bcb6d3552cab.woff","woff2Url":"fonts/OldNotoSans/Regular-e50c34178d20d5fa4ab3c1f6c67901a9.woff2"}],"gild":{"api":{"error":null,"pending":false,"showLoader":false},"gildModalThingId":null,"includeMessage":false,"isAnonymous":false,"isIframed":false,"message":"","selectedAward":{"awardType":"GLOBAL","coinPrice":500,"coinReward":100,"description":"","daysOfDripExtension":0,"icon":{"url":"https://www.redditstatic.com/desktop2x/img/gold/badges/award-gold-medium.png?v=2"},"id":"gid_2","isEnabled":true,"name":"Gold","daysOfPremium":7}},"goldPurchase":{"coinPurchaseModal":{"activePage":"selectPayment","gildThingId":null,"purchasePackage":null,"showModal":false},"payment":{"cardName":"","cardValidation":{"cardCvc":"","cardExpiry":"","cardNumber":"","nameOnCard":"","postalCode":""},"paymentMethod":"paypal","paypal":{"errorMessage":null,"passthrough":""},"rememberCard":true,"savedCards":[],"savedCardsPending":false,"stripeToken":{"errorMessage":null,"pending":false},"useSavedCard":null},"premiumPurchaseModal":{"activePage":"selectPayment","showModal":false},"updateCardModal":{"pending":false}},"header":{"isSubscriptionsDropdownOpen":false},"imageUploads":{},"isEmailVerificationTooltipShowing":true,"isModeratorWithPostPerms":false,"jsApi":[],"leaderboard":{"api":{"error":{},"pending":{}},"dateRangeSelection":{},"models":{}},"listings":{"activeKey":"","listingOrder":{"api":{"error":{},"pending":{}},"identifiers":{},"ids":{},"fetchedTokens":{},"loadMore":{}},"postOrder":{"api":{"error":{},"pending":{}},"endMarkers":{},"fetchedTokens":{},"ids":{},"listingSort":{},"loadMore":{}}},"live":{"featured":null,"isFrontpageLoaded":false},"mediaPlayback":{"isMuted":true,"volume":1},"meta":{"isBot":false,"isSessionSeo":false,"userAgent":"Mozilla/5.0 (Windows NT 10.0; Win64; x64) AppleWebKit/537.36 (KHTML, like Gecko) Chrome/75.0.3770.142 Safari/537.36","country":"US","domain":"www.reddit.com","protocol":"https","sessionReferrerDomain":"","method":"GET","pageloadServerTime":1564653063319},"moderatingSubreddits":{},"moderationLog":{"actions":{"itemOrder":{},"models":{}},"endCursor":null,"hasNextPage":{},"hasPreviousPage":{},"moderators":[],"startCursor":null},"moderators":{"editableModerators":{},"editableUserOrder":{"data":{},"api":{"error":{},"pending":{}}},"invitedModerators":{"api":{"error":null,"pending":false},"models":{},"userOrder":{}},"invitePending":{},"loadMoreModerators":{},"loadMoreEditableModerators":{},"models":{},"search":{"api":{"error":null,"pending":false},"result":null},"userOrder":{"data":{},"api":{"error":{},"pending":{}}}},"modListingPage":{"filteredSubreddits":{"api":{"error":null,"pending":false},"names":[]}},"modModeEnabled":true,"modQueue":{"bulkAction":{"api":{"error":null,"pending":false},"selectedItems":{},"undoLastAction":{}},"edited":{"api":{"error":null,"pending":false},"itemOrder":{},"loadMore":{}},"moderatedCommunitiesOrder":{"after":null,"data":[],"loaded":false,"pending":false},"modqueue":{"api":{"error":null,"pending":false},"itemOrder":{},"loadMore":{}},"reports":{"api":{"error":null,"pending":false},"itemOrder":{},"loadMore":{}},"spam":{"api":{"error":null,"pending":false},"itemOrder":{},"loadMore":{}},"unmoderated":{"api":{"error":null,"pending":false},"itemOrder":{},"loadMore":{}}},"moreComments":{"api":{"error":{},"pending":{}},"models":{}},"multireddits":{"api":{"addSubreddit":{"error":null,"fetched":false,"pending":null},"create":{"error":null,"fetched":false,"pending":false},"deleteMulti":{"error":null,"fetched":false,"pending":false},"duplicate":{"error":null,"fetched":false,"pending":false},"edit":{"error":null,"fetched":false,"pending":false},"forUser":{"fetched":false,"pending":false},"recommendations":{"error":null,"fetched":false,"pending":true},"removeSubreddit":{"error":null,"fetched":false,"pending":null}},"byUserId":{},"models":{},"recommendations":{}},"muted":{"api":{"error":null,"pending":{}},"fetchedTokens":{},"inContext":null,"loadMore":{},"models":{},"search":{"api":{"error":null,"pending":false},"result":null},"userOrder":{}},"notificationBannerId":null,"nps":{"pending":false,"success":false},"oldSiteRules":[],"originalContent":{"bestPosts":{"api":{"error":{},"pending":{}}},"categories":{"api":{"error":null,"pending":false},"models":{}},"topCommunities":{"api":{"error":{},"pending":{}}},"topCreators":{"api":{"error":{},"pending":{}}}},"partnerSubredditConnection":{"api":{"page":{"error":{},"fetched":{},"pending":{}}}},"platform":{"allowNavigationCallback":null,"currentPage":{"key":"/r/vmware/comments/a3djyx/anyone_thinprovisioning_across_the_board/","meta":{"name":"comments"},"queryParams":{},"routeMatch":{"match":{"path":"/:routePrefix(r)/:subredditName/comments/:partialPostId/:urlSafePostTitle?","url":"/r/vmware/comments/a3djyx/anyone_thinprovisioning_across_the_board/","isExact":true,"params":{"routePrefix":"r","subredditName":"vmware","partialPostId":"a3djyx","urlSafePostTitle":"anyone_thinprovisioning_across_the_board"},"queryParams":{}},"route":{"path":"/:routePrefix(r)/:subredditName/comments/:partialPostId/:urlSafePostTitle?","chunk":"CommentsPage","exact":true,"meta":{"name":"comments"},"prefetches":["Frontpage","Subreddit"]}},"status":200,"url":"/r/vmware/comments/a3djyx/anyone_thinprovisioning_across_the_board/","urlParams":{"routePrefix":"r","subredditName":"vmware","partialPostId":"a3djyx","urlSafePostTitle":"anyone_thinprovisioning_across_the_board"},"isRobotIndexable":true},"lastPage":null,"referrers":{},"sessionReferrer":null,"metas":{"/r/vmware/comments/a3djyx/anyone_thinprovisioning_across_the_board/":{"title":"Anyone thin-provisioning across the board? : vmware"}}},"postCollection":{"models":{},"subredditToIds":{},"api":{"error":{"reorderError":null,"updateDescriptionError":null,"updateLayoutError":null},"pending":{"reorderPending":false,"updateDescriptionPending":false,"updateLayoutPending":false}}},"polls":{"api":{"voting":{"error":{},"pending":{}}},"models":{},"results":{"byLockedVotingPower":{},"byVoters":{},"byVotingPower":{}},"rewards":{}},"postFlair":{"t5_2qnan":{"displaySettings":{"position":null,"isEnabled":false},"permissions":{"canAssignOwn":false},"templateIds":[],"templates":{}}},"posts":{"bestOCPosts":{},"chained":{"dismissed":false,"dismissedIdToListingKey":{},"idToListingKey":{}},"embedAndImage":{"loadable":{}},"expanded":{},"focus":null,"instances":{},"metaMap":{},"models":{"t3_a3djyx":{"domain":"self.vmware","isCrosspostable":false,"isMeta":false,"isStickied":false,"domainOverride":null,"callToAction":null,"eventsOnRender":[],"isScoreHidden":false,"saved":false,"numComments":32,"upvoteRatio":0.92,"author":"compwizpro","postCategories":null,"media":{"obfuscated":null,"richtextContent":{"document":[{"c":[{"e":"text","t":"Hello.  I have an environment that consists of hundreds of VMs consisting of both Windows and REHL.  I am working to move most if not all of them from VMAX to XtremIO X2 storage and ultimately VxRail All Flash when the arrays are up for lifecycle.  New datastores are VMFS6."}],"e":"par"},{"c":[{"e":"text","t":"I have done a lot of investigation into guest UNMAP with Server 2012 and up and it's ability to reclaim \"dead space\" on the array when passed through the ESX host with EnableBlockDelete set to 1.  Since I'm moving from spinning disk with no data reduction to all flash with data reduction,  I want to maximize the space efficiency by not having to dedup and compress already deleted files on the guest.  The problem is in order for the guest OS to automatically issue UNMAP / TRIM commands to the underlying disk, it needs to detect as thin-provisioned."}],"e":"par"},{"c":[],"e":"par"},{"c":[{"e":"text","t":"Having said that, is anyone currently deploying most or all VMs in their environment as thin provisioned and if so, how are you managing datastore space so they don't fill up with larger VMs?"}],"e":"par"},{"c":[],"e":"par"},{"c":[{"e":"text","t":"I am already using datastore clusters and was thinking of doing the same with thin provisioned but set the free space threshold for the datastore to something like 25% for a 4TB datastore and turn on automated storage DRS so VMs can be automatically moved as their VMDKs grow / shrink.  Depending on the rate of migration of VMs, I don't want that to create performance overhead."}],"e":"par"},{"c":[],"e":"par"},{"c":[{"e":"text","t":"Alternatively I could stick with Thick VMs and somehow automate sdelete to zero out dead space on VMs on a schedule but that seems more clunkly and possibly higher performance overhead."}],"e":"par"},{"c":[],"e":"par"},{"c":[{"e":"text","t":"Thanks!"}],"e":"par"}]},"type":"rtjson","rteMode":"richtext","mediaMetadata":null},"numCrossposts":0,"isSponsored":false,"id":"t3_a3djyx","contentCategories":null,"source":null,"isLocked":false,"score":10,"isSpoiler":false,"isArchived":true,"contestMode":false,"liveCommentsWebsocket":"wss://ws-034ba158e876c2f4d.wss.redditmedia.com/link/a3djyx?m=AQAAhwdEXbYM57WRsB08L6SbfgRby8Sd0XuT5JPjjf0T3OgJvR_i","thumbnail":{"url":"self","width":null,"height":null},"belongsTo":{"type":"subreddit","id":"t5_2qnan"},"crosspostRootId":null,"crosspostParentId":null,"sendReplies":true,"goldCount":0,"gildings":null,"authorId":"t2_ady6j","isNSFW":false,"isMediaOnly":false,"postId":"t3_a3djyx","suggestedSort":null,"hidden":false,"viewCount":0,"permalink":"https://www.reddit.com/r/vmware/comments/a3djyx/anyone_thinprovisioning_across_the_board/","created":1544025520000,"title":"Anyone thin-provisioning across the board?","events":[],"isOriginalContent":false,"distinguishType":null,"discussionType":null,"voteState":0,"flair":[],"isBlank":false,"numDuplicates":0}},"recent":[],"video":{"autoPlayed":{},"buffering":{},"consumed":{},"continuousViewStartedAt":{},"fullscreen":null,"loadable":{},"loadTimes":{},"metadata":{},"paused":{},"playing":{},"started":{},"time":{}}},"postStickiedComments":{"data":{}},"givePremium":{"api":{"error":null,"pending":false},"givePremiumModalAccountName":""},"products":{"api":{"fetch":{"error":{},"pending":{}},"purchase":{"error":{},"pending":{}}},"currentlyPurchasing":null,"models":{}},"profileCommentsPage":{"api":{"error":{},"pending":{}},"endMarkers":{},"fetchedTokens":{},"commentIds":{},"loadMore":{}},"profilePrivatePage":{"api":{"error":{},"pending":{}},"ids":{},"pageInfo":{}},"profileModSettingsPage":{"api":{"pending":true}},"profileOverviewPage":{"chrono":{"api":{"error":{},"pending":{}},"fetchedTokens":{},"ids":{},"loadMore":{}},"conversations":{"api":{"error":{},"pending":{}},"extraComments":{"api":{"error":{},"pending":{}},"models":{}},"keyToCommentThreadLinkSets":{},"keyToHeadCommentId":{},"keyToPostId":{}}},"profilePostsPage":{},"profiles":{"about":{},"models":{},"moderated":{"api":{"pending":{}},"models":{},"pageInfo":{}},"multireddits":{"api":{"pending":{}},"pageInfo":{}},"pinnedPosts":{"data":{},"initialData":{},"pending":{}},"trophyCases":{}},"providerFlair":{"models":{"t5_2qnan":{"[deleted]":null,"jgudnas":null,"vitalsign0":null,"saysjuan":null,"cr0ft":null,"twowordz":null,"7h3dud3":null,"spiffdifilous":null,"lost_signal":null,"mro21":null,"compwizpro":null,"DahJimmer":null,"nullvector":null,"kielrandor":null,"solace666":null}}},"promos":{"mobilePromoBanner":false,"upsellSignUpBannerLarge":false,"upsellSignUpBannerMedium":false,"upsellSignUpBannerSmall":null},"recommendations":{},"removalReasons":{"api":{"error":null,"pending":false},"models":{},"reasonOrder":{},"removedItemIds":null},"reportFlow":{"api":{"error":{},"pending":{},"success":{}},"openedFromModalPage":false,"postOrCommentId":null,"userIsMod":false},"reportPage":{"reportPageApi":{"error":null,"pending":false,"success":false},"reportPageRules":[]},"requestHost":"www.reddit.com","runTimeEnvVars":{"staging":false,"startTimeInMillis":1564652883877},"search":{"relatedQueries":{},"searchQuery":null,"typeahead":{"idsByQuery":{},"models":{}},"viewTreatment":{}},"searchDiscoveryUnits":{"headerContent":{},"models":{},"order":{}},"seo":{"crawler":null,"linksModule":{}},"shortcuts":{"activeCommentId":null,"activePostId":"t3_a3djyx","namespace":"CommentPage"},"sidebarPromotedPosts":{"firstFetch":false,"models":{}},"sitewideRules":[],"structuredStyles":{"draft":{},"exportStyles":{"error":null,"pending":false},"flairTemplate":{"models":{}},"imagePreviews":{},"isBladeEditorDirty":false,"isEditing":null,"models":{"t5_2qnan":{"menuBackgroundBlur":null,"menuLinkColorInactive":null,"menuLinkColorHover":null,"bannerCommunityNameFormat":null,"postUpvoteIconInactive":null,"highlightColor":null,"menuBackgroundOpacity":null,"postUpvoteCountColor":null,"bannerHeight":null,"postBackgroundColor":null,"mobileBannerImage":null,"bannerOverlayColor":null,"bannerCommunityName":null,"postDownvoteIconActive":null,"postUpvoteIconActive":null,"menuBackgroundColor":null,"postBackgroundImagePosition":null,"backgroundImage":null,"bannerBackgroundImagePosition":null,"backgroundColor":null,"submenuBackgroundStyle":null,"backgroundImagePosition":null,"bannerShowCommunityIcon":null,"bannerBackgroundColor":null,"submenuBackgroundColor":null,"sidebarWidgetHeaderColor":null,"bannerPositionedImagePosition":null,"bannerBackgroundImage":null,"postDownvoteCountColor":null,"postPlaceholderImagePosition":null,"postDownvoteIconInactive":null,"primaryColor":null,"sidebarWidgetBackgroundColor":null,"mobileKeyColor":null,"menuPosition":null,"postVoteIcons":null,"menuLinkColorActive":null,"bannerPositionedImage":null,"secondaryBannerPositionedImage":null,"menuBackgroundImage":null,"postBackgroundImage":null,"postPlaceholderImage":null,"communityIcon":null,"postTitleColor":null}}},"stylesheets":"https://www.redditstatic.com/desktop2x/chunkCSS/Reddit.44c4e6e827a82a16994e.css","subredditAutocomplete":{"api":{"error":{},"pending":{}},"models":{}},"subredditChannels":{"api":{"error":{},"pending":{},"whitelist":{}},"models":{},"selected":null},"subreddits":{"about":{"t5_2qnan":{"contentCategory":"","publicDescription":"The un-official VMware Reddit.","hasExternalAccount":false,"userIsSubscriber":null,"accountsActive":154,"advertiserCategory":"","allOriginalContent":false,"restrictCommenting":false,"showMedia":true,"restrictPosting":true,"subscribers":75049,"allowedPostTypes":{"images":true,"text":true,"videos":true,"links":true,"spoilers":true},"usingNewModmail":false,"emojisEnabled":false,"disableContributorRequests":false,"userIsContributor":null,"originalContentTagEnabled":false}},"api":{"about":{"error":{},"pending":false},"connectToPartner":{"error":null,"lastConnectedSubredditId":null,"pending":false},"create":{"error":{"apiError":null},"lastCreatedSubredditId":null,"pending":false},"rankings":{"error":null,"pending":false},"rules":false,"similar":{"pending":{}},"topContent":{"error":{},"pending":{}},"wiki":{"error":{},"pending":{}}},"appliedFilters":{"meta":{}},"byCategory":{},"communityInfo":{},"crosspostable":{"api":{"errors":null,"pending":false},"ids":{}},"duplicates":{"models":{}},"gov":{"assets":{},"communityJar":{},"distributions":{},"meta":{},"releaseNotes":{}},"models":{"t5_2qnan":{"whitelistStatus":"all_ads","isNSFW":false,"subscribers":75049,"primaryColor":"","id":"t5_2qnan","icon":{"url":"https://b.thumbs.redditmedia.com/TmmDGDmuqkyMuX0K6W07_d8xprk-a38Jozp1ad82k7w.png","width":256,"height":256},"isQuarantined":false,"name":"vmware","title":"VMware: virtually anything is possible","url":"/r/vmware/","wls":6,"freeFormReports":true,"displayText":"r/vmware","type":"public","communityIcon":""}},"moderated":{"api":{"errors":null,"fetched":false,"pending":false},"order":null},"original":[],"products":{},"rankings":{},"rankingsPageInfo":{},"rules":{},"settings":{},"similar":{},"subredditWiki":{"diff":{},"directory":{},"pages":{},"pageSettings":{},"revisions":{"api":{"error":{},"pending":{}},"listings":{},"models":{}}},"top":{},"topContent":{},"trending":[]},"subredditSettings":{"postRequirements":{"formState":{"isLoading":true,"isSaving":false,"hasFormError":false,"serverError":null,"titleStrings":{"isToggled":false,"strings":[]},"titleRegEx":{"isToggled":false,"regex":[]},"titleLength":{"isToggled":false,"min":null,"max":null},"postLength":{"isToggled":false,"min":null,"max":null},"postingGuidelines":{"requirement":"none","guidelines":null},"postBodyRequirement":"none","linkListPermission":"none","linkDomain":{"whitelist":[],"blacklist":[]},"reposts":{"isToggled":false,"days":null},"flair":{"isToggled":false}},"formErrors":{"titleRegEx":{"regex":null},"titleStrings":{"strings":null},"titleLength":{"min":null,"max":null},"postLength":{"min":null,"max":null},"postingGuidelines":{"guidelines":null},"postBodyRequirement":{"requirement":null},"linkListPermission":{"permission":null},"linkDomain":{"whitelist":null,"blacklist":null},"reposts":{"days":null}},"initialData":null},"requirementsBySubreddit":{}},"subredditStickyPosts":{"data":{}},"subscriptions":{"api":{"errors":null,"fetched":false,"pending":false},"favoriteMultiOrder":[],"favoriteProfileOrder":[],"favoriteSubredditOrder":[],"multiredditOrder":[],"profileOrder":[],"subredditOrder":[]},"tags":{"api":{"create":{"pending":false,"error":false},"deleteTag":{"pending":false,"error":false},"fetch":{"pending":false,"error":false},"update":{"pending":false,"error":false}},"availableGlobalTagOrder":{"global":[],"recommendedGlobal":[]},"models":{"globalSubredditTags":{},"subredditScopedTags":{},"itemTags":{},"suggestedItemTags":{},"sortedItemTags":{}},"selected":{"selectedOptions":{},"selectedSuggestedOptions":{},"deselectedOptions":{},"deselectedSuggestedOptions":{},"inputByItemId":{},"suggestedInputByItemId":{}}},"themes":{},"toaster":[],"tooltipId":null,"tracking":{"viewportDataLoaded":{}},"trafficStats":{"pending":false,"trafficStats":null},"transfers":{"communityPoints":{"api":{"error":null,"pending":false},"contentId":null,"initialRecipient":""}},"trending":{"models":[]},"trophies":{},"uploads":{},"user":{"account":null,"accountSettings":{"changeEmail":{"api":{"error":null,"pending":false}},"resetPassword":{"api":{"pending":false}},"sendResetEmail":{"api":{"pending":false,"emailSent":false}}},"blocked":{"api":{},"data":[]},"chatSettings":{"invitePolicy":"Everyone"},"drafts":null,"experiments":{"models":[{"id":207,"name":"android_email_digest_copy","variant":"treatment_1","version":"8"},{"id":328,"name":"android_graphql_all_feed_5","variant":"enabled","version":"1"},{"id":326,"name":"android_graphql_popular_feed_6","variant":"enabled","version":"1"},{"id":184,"name":"android_max_video_bitrate","variant":"2_0_mbps","version":"4"},{"id":62,"name":"best_sort_explore_batch","variant":"best_sort_explore_enabled","version":"5"},{"id":196,"name":"channels_subscriber_limit","variant":"no_limit","version":"7"},{"id":206,"name":"chat_posts_android_2","variant":"control_2","version":"4"},{"id":210,"name":"chat_posts_android_2_features","variant":"true","version":"7"},{"id":127,"name":"d2x_graphql_home_feed","variant":"gql_home_feed","version":"21"},{"id":69,"name":"desktop_seo_post_test_v1","variant":"listing_on_bottom","version":"10"},{"id":164,"name":"desktop_seo_post_v2_truncate","variant":"both","version":"3"},{"id":58,"name":"dn_perms_current_pre_prompt","variant":"dark_system_dialogue","version":"9"},{"id":226,"name":"email_digest_frequency","variant":"twice_per_week","version":"4"},{"id":177,"name":"email_permissions","variant":"treatment_1","version":"5"},{"id":106,"name":"email_verification_banner","variant":"tooltip","version":"3"},{"id":285,"name":"hide_best_of_community","variant":"control_2","version":"2"},{"id":265,"name":"ios_email_permissions","variant":"treatment_1","version":"4"},{"id":310,"name":"ios_graphql_home_feed_3","variant":"enabled","version":"1"},{"id":311,"name":"ios_graphql_popular_feed_2","variant":"enabled","version":"1"},{"id":325,"name":"ios_graphql_post_feeds_1","variant":"enabled","version":"1"},{"id":245,"name":"ios_post_collections_v2","variant":"enabled","version":"1"},{"id":315,"name":"ios_screenshot_share","variant":"toast","version":"2"},{"id":72,"name":"ios_wkwebview_youtube_rollout","variant":"enabled","version":"5"},{"id":86,"name":"jerome_test","variant":"0_3_50_unmetered","version":"12"},{"id":50,"name":"lnl_vs_best_vs_explore_exploit","variant":"best_sort","version":"33"},{"id":57,"name":"logged_in_transactional_dn_test","variant":"treatment","version":"5"},{"id":98,"name":"logged_in_trending_dns_2","variant":"trending_only","version":"5"},{"id":137,"name":"logged_out_pn_personalization","variant":"expanded_best_sort_tos","version":"15"},{"id":104,"name":"logged_out_trending_dns","variant":"enabled","version":"9"},{"id":155,"name":"logged_out_weighted_tos_notification","variant":"best_sort_tos_boosting_5","version":"7"},{"id":257,"name":"low_karma_rate_limit","variant":"limit_20_per_hour","version":"4"},{"id":120,"name":"manual_sr_recommendations","variant":"direct_tos","version":"5"},{"id":194,"name":"meta_features","variant":"true","version":"3"},{"id":212,"name":"new_media_transitions","variant":"enabled","version":"3"},{"id":90,"name":"non_personalized_notification_frequency","variant":"two_per_day","version":"8"},{"id":158,"name":"pn_sub_fallback","variant":"best_sort_fallback","version":"4"},{"id":47,"name":"popular_re_sort","variant":"linear_regression_v2_60","version":"23"},{"id":140,"name":"post_view_consume_killswitch","variant":"false","version":"2"},{"id":79,"name":"rails_search_results_redesign","variant":"treatment_1","version":"9"},{"id":169,"name":"redesign_feed_chaining_logged_in","variant":"factorization_similar","version":"14"},{"id":170,"name":"redesign_feed_chaining_logged_out","variant":"factorization_similar","version":"15"},{"id":43,"name":"redesign_go_to_home","variant":"home_after_0","version":"7"},{"id":83,"name":"related_queries_rollout","variant":"active","version":"9"},{"id":284,"name":"search_typeahead_v3","variant":"control_1","version":"4"},{"id":329,"name":"subreddit_recommendation_tod","variant":"eight_pm","version":"1"},{"id":78,"name":"time_on_subreddit_push_notifications","variant":"expanded_best_sort","version":"12"},{"id":63,"name":"trending_dropdown_redesign","variant":"treatment_1","version":"9"},{"id":81,"name":"trending_entrypoint_redesign","variant":"treatment_1","version":"7"},{"id":48,"name":"typeahead_redesign","variant":"control_1","version":"4"},{"id":153,"name":"weighted_random_tos_notification","variant":"best_sort_tos_boosting_5","version":"8"},{"id":119,"name":"work_manager_android","variant":"true","version":"6"}],"localPersisted":{},"overrides":{}},"features":{},"isCustomizeFlyoutShowing":false,"topContentDismissalPrefsSet":null,"language":"en","loggedOutData":{"accountCompleteness":{"collapsed":false,"step":"initial"},"dataLoaded":false,"feedMultiName":[],"homeFeed":{"similar":[],"topBanner":{"isClosed":false,"viewsCount":0},"views":["vmware"],"votes":{}},"isFrontpageHome":false,"postsCount":0,"tooltips":{"home_active":{},"subscribe_feed":{},"subscribe_id":{},"subscribe_reminder":{},"vote":{},"vote_reminder":{},"vote_success":{}},"views":{"count":{"beforeBanner":0,"total":1},"posts":["t3_a3djyx"]},"votes":{"comments":{},"posts":{}}},"loid":{"blob":"Z0FBQUFBQmRRcllIc2lvUUl4ZmVMUENRbUZDeWlrQlhaOHpBc1hUTFVDcXZHS09GSFBHcENYdHVXVjVUNTVpd29IanZSM1hvcXBfaW1NUE1LUEZKOXo5dUp3RU1lQUJYYlk5RTFCZmx3aVV1cWMxVGdZd1JBcVpnRGVybHZma2piRFo1eVhYV1ZqTW8","loid":"00000000004a2czp7v","loidCreated":"1564653063348","version":2},"notificationPrefs":{"api":{"getPreferences":{"error":null,"loaded":false,"pending":false},"setPreferences":{"error":null,"loaded":false,"pending":false}},"isPrePromptVisible":false,"preferences":{"chatMessages":false,"trendingPosts":false,"unreadMessages":false}},"ownedBadges":{},"prefs":{"allowClickTracking":false,"autoplayVideo":true,"collapsedTraySections":{"favorites":false,"multis":false,"moderating":false,"subscriptions":false,"profiles":false},"commentMode":"richtext","layout":"card","rememberCommunityLayout":false,"defaultCommentSort":"confidence","editorMode":"richtext","featuresViewedHistory":{"commentForm":{"markdownModeNotification":false}},"globalTheme":"REDDIT","hasSeenCustomizeFlyout":true,"hideNSFW":true,"ignoreSuggestedSort":false,"labelNSFW":true,"markMessagesRead":true,"nightmode":false,"openPostInNewTab":false,"over18":false,"showActiveCommunities":true,"showTwitter":false,"sort":"hot","stylesEnabled":true,"subreddit":{},"topContentDismissalTime":0,"topContentTimesDismissed":0,"rememberCommunitySort":false,"useMarkdown":false},"reddaid":"","session":{"accessToken":"-JtSWUHrGTkhU73IeaGIwwFdA7ac","expires":"2019-08-01T10:51:03.362Z","expiresIn":3600,"unsafeLoggedOut":true,"safe":true},"sessionRefreshFailed":false,"sessionTracker":"Q0xZQ5Drrk8iazvNc1.0.1564653063627.Z0FBQUFBQmRRcllIRXc4N0wzMEppZGR1QXd1X1Y4eFJUeHJfOXlQVXpueVJHMDRQd2otaDVYQkxvb1hJNXlkYnc4SkRmZU5lWjY2SFZlODRPSHhHZE9LOFRZQ19oT2JYUklwTDVpWFZUVFV1M01zYkszeWtueXpHcW5yaElyR3NGU0ZYOExrUXNjSkY","shuffledCategories":["tech","news","photography","art","travel","outdoors","animals","food","memes","picsAndGifs","videos","dIY","vroom","videoGames","science","sports","gaming","relationships","music","fashion","writing","funny","entertainment","advice","health","tv","electronics"],"temporaryGQL":{"isEmployee":null,"isLoggedIn":false},"wallets":{},"whitelist":{"api":{},"data":[]}},"userFlair":{"t5_2qnan":{"applied":null,"templates":{},"templateIds":[],"displaySettings":{"position":"right","isEnabled":true,"isUserEnabled":false},"permissions":{"canUserChange":false,"canAssignOwn":false}}},"users":{"api":{"error":{},"pending":false},"appliedBadges":{},"models":{},"nameAvailable":{},"publicWallets":{},"topOCCreators":{}},"widgets":{"idCardIds":{"t5_2qnan":"widget_id-card-2qnan"},"menuIds":{},"models":{"widget_id-card-2qnan":{"styles":{"headerColor":null,"backgroundColor":null},"kind":"id-card","description":"The un-official VMware Reddit.","id":"widget_id-card-2qnan","currentlyViewingCount":154,"currentlyViewingText":"","subscribersCount":75049,"subscribersText":"","shortName":"Community Details"},"widget_moderators-2qnan":{"styles":{"headerColor":null,"backgroundColor":null},"kind":"moderators","mods":[{"name":"jakobjs","authorFlairType":"text","authorFlairTextColor":"dark","authorFlairBackgroundColor":"","authorFlairRichText":[],"authorFlairText":null},{"name":"VMwareTech","authorFlairType":"text","authorFlairTextColor":"dark","authorFlairBackgroundColor":"","authorFlairRichText":[],"authorFlairText":"[VCIX]"},{"name":"wazoo9000","authorFlairType":"text","authorFlairTextColor":"dark","authorFlairBackgroundColor":"","authorFlairRichText":[],"authorFlairText":"[VCAP]"},{"name":"cloud_dizzle","authorFlairType":"text","authorFlairTextColor":"dark","authorFlairBackgroundColor":"","authorFlairRichText":[],"authorFlairText":"[VCAP]"},{"name":"vDingus","authorFlairType":"text","authorFlairTextColor":"dark","authorFlairBackgroundColor":"","authorFlairRichText":[],"authorFlairText":"[VCDX-DCV]"},{"name":"vTimD","authorFlairType":"text","authorFlairTextColor":"dark","authorFlairBackgroundColor":"","authorFlairRichText":[],"authorFlairText":null},{"name":"shaunwhiteinc","authorFlairType":"text","authorFlairTextColor":"dark","authorFlairBackgroundColor":"","authorFlairRichText":[],"authorFlairText":"[VCIX6-NV]"},{"name":"virtualviking","authorFlairType":"text","authorFlairTextColor":"dark","authorFlairBackgroundColor":"","authorFlairRichText":[],"authorFlairText":"[VCIX]"},{"name":"lost_signal","authorFlairType":"text","authorFlairTextColor":"dark","authorFlairBackgroundColor":"","authorFlairRichText":[],"authorFlairText":"Too ESXY for his datacenter..."}],"totalMods":9,"id":"widget_moderators-2qnan"}},"moderatorIds":{"t5_2qnan":"widget_moderators-2qnan"},"sidebar":{"t5_2qnan":[]}}}