{"accountManagerModalData":{},"activeModalId":null,"ads":{},"apiRequestState":{},"approvedSubmitters":{"api":{"error":null,"pending":{}},"fetchedTokens":{},"loadMore":{},"models":{},"search":{"api":{"error":null,"pending":false},"result":null},"userOrder":{}},"authorFlair":{"inContext":null,"models":{"t5_2qnp7":{"FreakySpook":null,"HanSolo71":null,"caustic386":null,"Natoll":null,"acconboy":null,"canadian_sysadmin":{"text":"IT Manager","richtext":[{"e":"text","t":"IT Manager"}],"backgroundColor":"","templateId":null,"textColor":"dark","type":"richtext"},"EagerPony":null,"millamb4":null,"cmPLX_FL":{"text":"Jack of All Trades","richtext":[{"e":"text","t":"Jack of All Trades"}],"backgroundColor":null,"templateId":"d2cdfaa4-6f77-11e1-b696-12313b08a511","textColor":"dark","type":"richtext"}}}},"awards":{"blacklist":{},"create":{"api":{"error":null,"pending":false}},"manageable":{"api":{"error":null,"pending":{}},"order":{}},"models":{},"usable":{"api":{"error":null,"pending":{}},"order":{}}},"badges":{"api":{"subreddit":{"error":{},"pending":{}},"user":{"error":{},"pending":{}}},"models":{}},"banned":{"api":{"error":null,"pending":{}},"fetchedTokens":{},"inContext":null,"loadMore":{},"models":{},"search":{"api":{"error":null,"pending":false},"result":null},"userOrder":{}},"blockUser":{"api":{"error":{},"pending":{}}},"brandSafety":{"isViewSafe":true,"hasBrandSafetyBeenAssessed":false},"categories":{"api":{"list":{"error":null,"loaded":false,"pending":false},"subreddits":{"error":{},"loaded":{},"pending":{}}},"ids":[],"models":{},"nameToId":{}},"chat":{"isInited":false,"isUserSubredditChatEnabled":false,"subredditSettings":{"subredditId":null,"bannedWords":"","domains":"","rateLimit":-1,"regexes":[]},"promos":{"displaySubredditChatFtux":false},"unread":{"api":{"error":{"apiError":null},"pending":false},"count":{"basicChannelCount":0,"subredditChannelCount":0}}},"claimGold":{"api":{"error":null,"pending":false,"showLoader":false},"code":"","showModal":false},"comments":{"collapsed":{"commentsPage--[post:'t3_8y3hgz']":{}},"drafts":{"replyToPost_t3_8y3hgz":{"commentMode":"richtext","draftType":0,"hasFocus":false,"rteState":null,"text":""}},"focused":{},"hidden":{},"isEditing":{},"models":{"t1_e27vbpv":{"editedAt":1531345425,"isStickied":false,"isMod":false,"postAuthor":null,"isScoreHidden":false,"id":"t1_e27vbpv","isDeleted":false,"author":"caustic386","media":{"richtextContent":{"document":[{"c":[{"e":"text","t":"I’ve personally not had good luck on 6 vSAN installs and my 1 experience with VxRail.  It took Dell support over a week to get VxRail up and running, some kind of issue with their deployment script."}],"e":"par"},{"c":[{"e":"text","t":"A lot of people like hyperconverged for VDI but I’ve never really heard a good explanation why.  My $ is on Dell SC series (SAS if you’re sure 4 bodes is sufficient, but they now offer a 10Gb port in case you outgrow those 4)or for only 40 VMs you can buy a hell of a lot of Azure credits for the price of VxRail if you have fast WAN"}],"e":"par"}]},"type":"rtjson","rteMode":"richtext"},"isAdmin":false,"isOp":false,"isLocked":false,"score":5,"parentId":null,"subredditId":"t5_2qnp7","collapsedReason":null,"collapsed":false,"sendReplies":true,"goldCount":0,"gildings":null,"authorId":"t2_a42z4","postId":"t3_8y3hgz","permalink":"/r/sysadmin/comments/8y3hgz/dell_emc_vxrail/e27vbpv/","created":1531345204,"postTitle":null,"distinguishType":null,"isSaved":false,"voteState":0,"deletedBy":null},"t1_e27yf1v":{"editedAt":null,"isStickied":false,"isMod":false,"postAuthor":null,"isScoreHidden":false,"id":"t1_e27yf1v","isDeleted":false,"author":"Natoll","media":{"richtextContent":{"document":[{"c":[{"e":"text","t":"Haven't dealt with vxrail however I have worked with another hyper-converged solution. Instead of something easy to manage and cost effective, we ended up with a solution that doesn't need our needs and requires constant support. The vsan component breaks down all the time and causes a storage faiure. The customer support is awful and all activity (outside of basic operation), is password locked by support."}],"e":"par"},{"c":[{"e":"text","t":"As soon as we can life cycle then out we are going with a Dell sc series"}],"e":"par"}]},"type":"rtjson","rteMode":"richtext"},"isAdmin":false,"isOp":false,"isLocked":false,"score":4,"parentId":null,"subredditId":"t5_2qnp7","collapsedReason":null,"collapsed":false,"sendReplies":true,"goldCount":0,"gildings":null,"authorId":"t2_af2e2","postId":"t3_8y3hgz","permalink":"/r/sysadmin/comments/8y3hgz/dell_emc_vxrail/e27yf1v/","created":1531347869,"postTitle":null,"distinguishType":null,"isSaved":false,"voteState":0,"deletedBy":null},"t1_e27vt4h":{"editedAt":null,"isStickied":false,"isMod":false,"postAuthor":null,"isScoreHidden":false,"id":"t1_e27vt4h","isDeleted":false,"author":"cmPLX_FL","media":{"richtextContent":{"document":[{"c":[{"e":"text","t":"We currently have the SC series in place, it's relatively easy to manage. The scalability is great on it, we're getting ready to add two more drive arrays to it now."}],"e":"par"},{"c":[{"e":"text","t":"How long ago was your VxRail deployment?"}],"e":"par"}]},"type":"rtjson","rteMode":"richtext"},"isAdmin":false,"isOp":true,"isLocked":false,"score":2,"parentId":"t1_e27vbpv","subredditId":"t5_2qnp7","collapsedReason":null,"collapsed":false,"sendReplies":true,"goldCount":0,"gildings":null,"authorId":"t2_2w6ld0f","postId":"t3_8y3hgz","permalink":"/r/sysadmin/comments/8y3hgz/dell_emc_vxrail/e27vt4h/","created":1531345604,"postTitle":null,"distinguishType":null,"isSaved":false,"voteState":0,"deletedBy":null},"t1_e4moxua":{"editedAt":null,"isStickied":false,"isMod":false,"postAuthor":null,"isScoreHidden":false,"id":"t1_e4moxua","isDeleted":false,"author":"EagerPony","media":{"richtextContent":{"document":[{"c":[{"e":"text","t":"I am also looking at vxrail, simplivity and ucs mini.  Is there a single point of failure in the vxrail as far as you know?"}],"e":"par"}]},"type":"rtjson","rteMode":"richtext"},"isAdmin":false,"isOp":false,"isLocked":false,"score":1,"parentId":null,"subredditId":"t5_2qnp7","collapsedReason":null,"collapsed":false,"sendReplies":true,"goldCount":0,"gildings":null,"authorId":"t2_218spbch","postId":"t3_8y3hgz","permalink":"/r/sysadmin/comments/8y3hgz/dell_emc_vxrail/e4moxua/","created":1534944433,"postTitle":null,"distinguishType":null,"isSaved":false,"voteState":0,"deletedBy":null},"t1_e28711y":{"editedAt":null,"isStickied":false,"isMod":false,"postAuthor":null,"isScoreHidden":false,"id":"t1_e28711y","isDeleted":false,"author":"millamb4","media":{"richtextContent":{"document":[{"c":[{"e":"text","t":"What HCI solution did you have? If you don’t mind me asking."}],"e":"par"}]},"type":"rtjson","rteMode":"richtext"},"isAdmin":false,"isOp":false,"isLocked":false,"score":3,"parentId":"t1_e27yf1v","subredditId":"t5_2qnp7","collapsedReason":null,"collapsed":false,"sendReplies":true,"goldCount":0,"gildings":null,"authorId":"t2_j6bsu","postId":"t3_8y3hgz","permalink":"/r/sysadmin/comments/8y3hgz/dell_emc_vxrail/e28711y/","created":1531356050,"postTitle":null,"distinguishType":null,"isSaved":false,"voteState":0,"deletedBy":null},"t1_e2873ab":{"editedAt":1531356505,"isStickied":false,"isMod":false,"postAuthor":null,"isScoreHidden":false,"id":"t1_e2873ab","isDeleted":false,"author":"FreakySpook","media":{"richtextContent":{"document":[{"c":[{"e":"text","t":"VXRail is vanilla VSAN with a deployment orchestration layer, vmware data protection, and recoverpoint for VMs bolted on the top."}],"e":"par"},{"c":[{"e":"text","t":"Personally unless you plan on using the whole stack I don't think its worth it compared to vanilla VSAN on ReadyNodes(which i quite like)."}],"e":"par"},{"c":[{"e":"text","t":"At times vxrail has also been 9 months behind in support to current stable of esxi as well so if you need urgent patches due to vsan stability/drivers you had to wait or run unsupported by Dell/EMC."}],"e":"par"},{"c":[{"e":"text","t":"Vxrail is purely a Frankenstein product that exists to compete in competetive tenders against Nutanix."}],"e":"par"}]},"type":"rtjson","rteMode":"richtext"},"isAdmin":false,"isOp":false,"isLocked":false,"score":3,"parentId":null,"subredditId":"t5_2qnp7","collapsedReason":null,"collapsed":false,"sendReplies":true,"goldCount":0,"gildings":null,"authorId":"t2_cbp0x","postId":"t3_8y3hgz","permalink":"/r/sysadmin/comments/8y3hgz/dell_emc_vxrail/e2873ab/","created":1531356112,"postTitle":null,"distinguishType":null,"isSaved":false,"voteState":0,"deletedBy":null},"t1_e27xne3":{"editedAt":null,"isStickied":false,"isMod":false,"postAuthor":null,"isScoreHidden":false,"id":"t1_e27xne3","isDeleted":false,"author":"canadian_sysadmin","media":{"richtextContent":{"document":[{"c":[{"e":"text","t":"The biggest debate with vxRail and other hyperconverged stuff is the cost (tends to be much more expensive and it's all $$ up front, whereas with traditional infrastructure you're typically not replacing storage and compute all at once all at the same time). That's always been my issue looking at HC stuff."}],"e":"par"},{"c":[{"e":"text","t":"Last time I was replacing 2 or 3 servers in my cluster plus looking at a new another SAN - traditional servers plus another nimble was like $75K, but the comparable vxRail or Nutanix setup was like double. Granted it was a bit more capable and slick, but it was tough to justify."}],"e":"par"}]},"type":"rtjson","rteMode":"richtext"},"isAdmin":false,"isOp":false,"isLocked":false,"score":3,"parentId":null,"subredditId":"t5_2qnp7","collapsedReason":null,"collapsed":false,"sendReplies":true,"goldCount":0,"gildings":null,"authorId":"t2_y1uvm","postId":"t3_8y3hgz","permalink":"/r/sysadmin/comments/8y3hgz/dell_emc_vxrail/e27xne3/","created":1531347181,"postTitle":null,"distinguishType":null,"isSaved":false,"voteState":0,"deletedBy":null},"t1_e286omm":{"editedAt":null,"isStickied":false,"isMod":false,"postAuthor":null,"isScoreHidden":false,"id":"t1_e286omm","isDeleted":false,"author":"HanSolo71","media":{"richtextContent":{"document":[{"c":[{"e":"text","t":"I have heard from multiple sources including other sysadmins and our VAR that the VXRail project is painful and really unenjoyable to support."}],"e":"par"}]},"type":"rtjson","rteMode":"richtext"},"isAdmin":false,"isOp":false,"isLocked":false,"score":3,"parentId":null,"subredditId":"t5_2qnp7","collapsedReason":null,"collapsed":false,"sendReplies":true,"goldCount":0,"gildings":null,"authorId":"t2_32htc","postId":"t3_8y3hgz","permalink":"/r/sysadmin/comments/8y3hgz/dell_emc_vxrail/e286omm/","created":1531355713,"postTitle":null,"distinguishType":null,"isSaved":false,"voteState":0,"deletedBy":null},"t1_e29s48g":{"editedAt":null,"isStickied":false,"isMod":false,"postAuthor":null,"isScoreHidden":false,"id":"t1_e29s48g","isDeleted":false,"author":"acconboy","media":{"richtextContent":{"document":[{"c":[{"e":"text","t":"Take a closer look at HC3 from Scale Computing. It is made for the size and cost you are talking about"}],"e":"par"}]},"type":"rtjson","rteMode":"richtext"},"isAdmin":false,"isOp":false,"isLocked":false,"score":1,"parentId":null,"subredditId":"t5_2qnp7","collapsedReason":null,"collapsed":false,"sendReplies":true,"goldCount":0,"gildings":null,"authorId":"t2_120458","postId":"t3_8y3hgz","permalink":"/r/sysadmin/comments/8y3hgz/dell_emc_vxrail/e29s48g/","created":1531421330,"postTitle":null,"distinguishType":null,"isSaved":false,"voteState":0,"deletedBy":null}},"replyFormOpen":{},"submit":{"error":{},"pending":{}},"visitHighlightFilter":"Last"},"commentsListTruncated":true,"commentsPage":{"api":{"error":{"commentsPage--[post:'t3_8y3hgz']":null},"fullyLoaded":{"commentsPage--[post:'t3_8y3hgz']":true},"pending":{"commentsPage--[post:'t3_8y3hgz']":false}},"keyToChatCommentLinks":{"commentsPage--[post:'t3_8y3hgz']":[{"id":"t1_e27vbpv","created":1531345204,"stickied":false},{"id":"t1_e27vt4h","created":1531345604,"stickied":false},{"id":"t1_e27xne3","created":1531347181,"stickied":false},{"id":"t1_e27yf1v","created":1531347869,"stickied":false},{"id":"t1_e286omm","created":1531355713,"stickied":false},{"id":"t1_e28711y","created":1531356050,"stickied":false},{"id":"t1_e2873ab","created":1531356112,"stickied":false},{"id":"t1_e29s48g","created":1531421330,"stickied":false},{"id":"t1_e4moxua","created":1534944433,"stickied":false}]},"keyToCommentThreadLinkSets":{"commentsPage--[post:'t3_8y3hgz']":{"t1_e27vbpv":{"depth":0,"next":{"type":"comment","id":"t1_e27vt4h"},"prev":null},"t1_e27yf1v":{"depth":0,"next":{"type":"comment","id":"t1_e28711y"},"prev":{"type":"continueThread","id":"continueThread-t1_e27vt4h"}},"t1_e27vt4h":{"depth":1,"next":{"type":"continueThread","id":"continueThread-t1_e27vt4h"},"prev":{"type":"comment","id":"t1_e27vbpv"}},"t1_e4moxua":{"depth":0,"next":null,"prev":{"type":"comment","id":"t1_e29s48g"}},"t1_e28711y":{"depth":1,"next":{"type":"continueThread","id":"continueThread-t1_e28711y"},"prev":{"type":"comment","id":"t1_e27yf1v"}},"t1_e2873ab":{"depth":0,"next":{"type":"comment","id":"t1_e29s48g"},"prev":{"type":"comment","id":"t1_e286omm"}},"t1_e27xne3":{"depth":0,"next":{"type":"comment","id":"t1_e286omm"},"prev":{"type":"continueThread","id":"continueThread-t1_e28711y"}},"t1_e286omm":{"depth":0,"next":{"type":"comment","id":"t1_e2873ab"},"prev":{"type":"comment","id":"t1_e27xne3"}},"t1_e29s48g":{"depth":0,"next":{"type":"comment","id":"t1_e4moxua"},"prev":{"type":"comment","id":"t1_e2873ab"}},"continueThread-t1_e27vt4h":{"depth":2,"next":{"type":"comment","id":"t1_e27yf1v"},"prev":{"type":"comment","id":"t1_e27vt4h"}},"continueThread-t1_e28711y":{"depth":2,"next":{"type":"comment","id":"t1_e27xne3"},"prev":{"type":"comment","id":"t1_e28711y"}}}},"keyToHeadCommentId":{"commentsPage--[post:'t3_8y3hgz']":"t1_e27vbpv"},"keyToPostId":{"commentsPage--[post:'t3_8y3hgz']":"t3_8y3hgz"},"ads":[]},"contentGate":{},"continueThreads":{"models":{"continueThread-t1_e27vt4h":{"postId":"t3_8y3hgz","next":{"type":"comment","id":"t1_e27yf1v"},"depth":2,"parentId":"t1_e27vt4h","prev":{"type":"comment","id":"t1_e27vt4h"},"id":"continueThread-t1_e27vt4h"},"continueThread-t1_e28711y":{"postId":"t3_8y3hgz","next":{"type":"comment","id":"t1_e27xne3"},"depth":2,"parentId":"t1_e28711y","prev":{"type":"comment","id":"t1_e28711y"},"id":"continueThread-t1_e28711y"}}},"creations":{"api":{"collection":{"createOrUpdate":{"error":null,"pending":false}},"draft":{"deleteDraft":{"error":{},"pending":{}},"listing":{"error":null,"pending":false},"save":{"error":{"apiError":null,"needsCaptcha":false,"validationError":null,"submitValidationError":null},"pending":false}},"editor":{"converting":{"pending":{}},"mediaUpload":{"error":null,"pending":false}},"page":{"error":{},"fetched":{},"pending":{}},"post":{"submit":{"error":{"apiError":null,"needsCaptcha":false,"validationError":null,"submitValidationError":null},"pending":false},"update":{"error":null,"pending":false}},"subreddit":{"change":{"error":null,"pending":false}}},"drafts":{},"formData":{"body":{"link":"","markdown":"","media":null,"rte":{"isBound":false,"editorKey":"23558d","initialRTJSON":{"document":[]}}},"eventSchedule":null,"flair":null,"govType":null,"isChatPost":false,"isNSFW":false,"isOC":false,"isPoll":false,"isPublicLink":false,"isSpoiler":false,"newSubreddit":"","newTopMod":"","nextSubreddit":null,"ocCategory":null,"postToTwitter":false,"polls":null,"recaptcha":"","sendReplies":true,"submissionType":"post","title":""},"formState":{"fieldValidation":{"title":null,"body":null,"link":null,"flair":null},"isChanged":false,"modalId":null,"ocCategory":null,"submitMode":0},"postEditing":{"draft":{"markdown":"","rte":{"isBound":false,"editorKey":"fba722","initialRTJSON":{"document":[]}}},"editorMode":"richtext","postId":null}},"dashboard":{"selectedComponent":null,"subredditPending":false,"subredditLoaded":{}},"discoveryUnits":{"api":{"list":{"error":null,"loaded":true,"pending":false}},"models":{"xd_66":{"enabled":true,"id":"xd_66","layout":"large","parameters":{"sort":"hot"},"surface":"explore","unitName":"posts_in_category_rails_hero","unitType":"listing","url":"/api/posts_in_category.json"},"xd_67":{"enabled":true,"id":"xd_67","layout":"large","surface":"explore","unitName":"posts_in_subreddit_hero","unitType":"listing","url":"/r/%{subredditName}/hot.json"},"xd_68":{"enabled":true,"id":"xd_68","layout":"large","parameters":{"sort":"hot"},"surface":"explore","unitName":"posts_in_category_rails_small","unitType":"listing","url":"/api/posts_in_category.json"},"xd_69":{"enabled":true,"id":"xd_69","layout":"large","surface":"explore","unitName":"posts_in_subreddit_small","unitType":"listing","url":"/r/%{subredditName}/hot.json"},"xd_70":{"enabled":true,"id":"xd_70","layout":"large","surface":"search","unitName":"search_posts","unitType":"community_category","url":"/api/posts_in_category.json"},"xd_71":{"enabled":true,"id":"xd_71","layout":"large","surface":"search","unitName":"search_subreddits","unitType":"community_category","url":"/api/subreddits_in_category.json"},"xd_72":{"enabled":true,"id":"xd_72","layout":"large","surface":"subreddit_listing","unitName":"community_banner_posts","unitType":"subreddit_listing","url":"/r/%{subredditName}/top.json"},"xd_83":{"enabled":true,"id":"xd_83","layout":"large","surface":"subreddit_listing","unitName":"best_of_community","unitType":"subreddit_listing","url":"/r/%{subredditName}/top.json"},"xd_88":{"enabled":true,"id":"xd_88","layout":"large","surface":"front_page","title":"Similar communities to %{subredditName}","unitName":"chaining_similar_subreddits_posts","unitType":"listing"},"xd_89":{"enabled":true,"id":"xd_89","layout":"large","surface":"front_page","title":"Mildy similar posts","unitName":"chaining_similar_posts","unitType":"listing"},"xd_90":{"enabled":true,"id":"xd_90","layout":"large","surface":"comments","title":"Posts in subreddit %{subredditName}","unitName":"posts_in_subreddit_vertical","unitType":"listing"},"xd_91":{"enabled":true,"id":"xd_91","layout":"large","surface":"comments","title":"Posts in recommended home","unitName":"posts_in_rec_home","unitType":"listing"}},"nameToId":{"posts_in_category_rails_hero":"xd_66","posts_in_subreddit_hero":"xd_67","posts_in_category_rails_small":"xd_68","posts_in_subreddit_small":"xd_69","search_posts":"xd_70","search_subreddits":"xd_71","community_banner_posts":"xd_72","best_of_community":"xd_83","chaining_similar_subreddits_posts":"xd_88","chaining_similar_posts":"xd_89","posts_in_subreddit_vertical":"xd_90","posts_in_rec_home":"xd_91"}},"economics":{"currentBadgeManagementScreen":{"badgeType":"cosmetic","view":"gallery"},"currentModalArgs":null,"currentPaymentTarget":null,"emotes":{},"ftue":{"tippingHighlightViewed":null,"topTippersViewed":null},"paymentSystems":{"status":2},"specialMemberships":{"allSubscriptionsFetched":false,"data":{}},"subredditPremium":{},"tipDetails":{}},"emojis":{"api":{"list":{"pending":{}}},"models":{}},"externalAccount":{"api":{"connect":{"error":{},"pending":{}},"disconnect":{"error":{},"pending":{}},"user":{"error":{},"pending":{}},"subreddit":{"error":{},"fetched":{},"pending":{}}},"user":{},"subreddit":{}},"featureFlags":{"overrides":{"introModal":null,"markdownMode":null,"modQueue":null,"spBadges":null,"spCommunityTipJar":null,"spEmotes":null,"spFavoriteCreators":null,"spGovPolls":null,"spHarberger":null,"spLeaderboard":null,"spLoadtest":null,"spPoints":null,"spPolls":null,"spPremium":null,"spPremiumSubscriptions":null,"spPremiumUpsells":null,"spPublicPoints":null,"spSpinoffs":null,"spSupport":null,"spTopTippers":null,"communityTopics":null,"adminCommunityTopics":null,"events":null,"collections":null,"rteVideoPoster":null,"userSeenSubredditChatFtux":null,"userInChat":null,"userInSubredditChat":null,"userInChatUserSettings":null,"devAndStagingWatermark":null,"fpsMeter":null,"rabbitHole":null,"measureScrollFPS":null,"showVerboseErrors":null,"uappBanner":null,"canProxyGild":null,"experiments":null,"enableGraphQl":null,"importExportThemes":null,"flairRestrictions":null,"spezModal":null,"superbOwl":null,"enableShadowMode":null,"useGraphQLInFrontpage":null,"wikiEditing":null,"pushNotificationsBrowserSupported":null,"enableCrowdControlMode":null,"customFeeds":null,"snoovatar30":null,"isEmailPermissionRequired":null,"__requiredDoNotRemove":null}},"flairedUsers":{"api":{"error":null,"pending":false},"models":{},"pageInfo":{},"search":{"api":{"error":null,"pending":false},"result":null},"userOrder":{}},"fontFiles":[{"family":"IBMPlexSans","weight":700,"style":"normal","woffUrl":"fonts/IBMPlexSans/Bold-c34ba754b7235b49d33b294ff7a54179.woff","woff2Url":"fonts/IBMPlexSans/Bold-875de5047556e7c822519d95d7ee692d.woff2"},{"family":"IBMPlexSans","weight":500,"style":"normal","woffUrl":"fonts/IBMPlexSans/Medium-1051a531d3e1ee3483a6533158557139.woff","woff2Url":"fonts/IBMPlexSans/Medium-c4b185e25a4dde85a29f902cd5ce5360.woff2"},{"family":"IBMPlexSans","weight":400,"style":"normal","woffUrl":"fonts/IBMPlexSans/Regular-e6bbcdd30d3bd4d6b170bcb6d3552cab.woff","woff2Url":"fonts/IBMPlexSans/Regular-116bb6d508f5307861d3b1269bc597e7.woff2"},{"family":"Noto Mono","weight":400,"style":"normal","woffUrl":"fonts/NotoMono/Regular-e6bbcdd30d3bd4d6b170bcb6d3552cab.woff","woff2Url":"fonts/NotoMono/Regular-b16bb0524a7e7ee597970333c0c67180.woff2"},{"family":"Noto Mono","weight":400,"style":"normal","woffUrl":"fonts/NotoMono/el-Regular-06ee3f893717454d11a16c3e8d0aa9f9.woff","woff2Url":"fonts/NotoMono/el-Regular-29d72243d2cd6145b28bcb80dc33f0e4.woff2"},{"family":"Noto Sans","weight":700,"style":"italic","woffUrl":"fonts/NotoSans/Bold-Italic-255b4934a1f414dd312aa89382d65114.woff","woff2Url":"fonts/NotoSans/Bold-Italic-be39cd37f002d25d500c67b88871bed4.woff2"},{"family":"Noto Sans","weight":700,"style":"normal","woffUrl":"fonts/NotoSans/Bold-c34ba754b7235b49d33b294ff7a54179.woff","woff2Url":"fonts/NotoSans/Bold-d4ba4ecba17e90993f442f7bb082a3a2.woff2"},{"family":"Noto Sans","weight":400,"style":"normal","woffUrl":"fonts/NotoSans/Regular-e6bbcdd30d3bd4d6b170bcb6d3552cab.woff","woff2Url":"fonts/NotoSans/Regular-d6a6aa8dc0f93416a832ea04a18c6fb8.woff2"},{"family":"Noto Sans","weight":700,"style":"italic","woffUrl":"fonts/OldNotoSans/Bold-Italic-255b4934a1f414dd312aa89382d65114.woff","woff2Url":"fonts/OldNotoSans/Bold-Italic-5a241c76c24e463ef9bcc5855d20209b.woff2"},{"family":"Noto Sans","weight":700,"style":"normal","woffUrl":"fonts/OldNotoSans/Bold-c34ba754b7235b49d33b294ff7a54179.woff","woff2Url":"fonts/OldNotoSans/Bold-b85bf848c28799f5ad34ee29db68051c.woff2"},{"family":"Noto Sans","weight":400,"style":"normal","woffUrl":"fonts/OldNotoSans/Regular-e6bbcdd30d3bd4d6b170bcb6d3552cab.woff","woff2Url":"fonts/OldNotoSans/Regular-e50c34178d20d5fa4ab3c1f6c67901a9.woff2"}],"gild":{"api":{"error":null,"pending":false,"showLoader":false},"gildModalThingId":null,"includeMessage":false,"isAnonymous":false,"isIframed":false,"message":"","selectedAward":{"awardType":"GLOBAL","coinPrice":500,"coinReward":100,"description":"","daysOfDripExtension":0,"icon":{"url":"https://www.redditstatic.com/desktop2x/img/gold/badges/award-gold-medium.png?v=2"},"id":"gid_2","isEnabled":true,"name":"Gold","daysOfPremium":7}},"goldPurchase":{"coinPurchaseModal":{"activePage":"selectPayment","gildThingId":null,"purchasePackage":null,"showModal":false},"payment":{"cardName":"","cardValidation":{"cardCvc":"","cardExpiry":"","cardNumber":"","nameOnCard":"","postalCode":""},"paymentMethod":"paypal","paypal":{"errorMessage":null,"passthrough":""},"rememberCard":true,"savedCards":[],"savedCardsPending":false,"stripeToken":{"errorMessage":null,"pending":false},"useSavedCard":null},"premiumPurchaseModal":{"activePage":"selectPayment","showModal":false},"updateCardModal":{"pending":false}},"header":{"isSubscriptionsDropdownOpen":false},"imageUploads":{},"isEmailVerificationTooltipShowing":true,"isModeratorWithPostPerms":false,"jsApi":[],"leaderboard":{"api":{"error":{},"pending":{}},"dateRangeSelection":{},"models":{}},"listings":{"activeKey":"","listingOrder":{"api":{"error":{},"pending":{}},"identifiers":{},"ids":{},"fetchedTokens":{},"loadMore":{}},"postOrder":{"api":{"error":{},"pending":{}},"endMarkers":{},"fetchedTokens":{},"ids":{},"listingSort":{},"loadMore":{}}},"live":{"featured":null,"isFrontpageLoaded":false},"mediaPlayback":{"isMuted":true,"volume":1},"meta":{"isBot":false,"isSessionSeo":false,"userAgent":"Mozilla/5.0 (Windows NT 10.0; Win64; x64) AppleWebKit/537.36 (KHTML, like Gecko) Chrome/75.0.3770.142 Safari/537.36","country":"US","domain":"www.reddit.com","protocol":"https","sessionReferrerDomain":"","method":"GET","pageloadServerTime":1564651712835},"moderatingSubreddits":{},"moderationLog":{"actions":{"itemOrder":{},"models":{}},"endCursor":null,"hasNextPage":{},"hasPreviousPage":{},"moderators":[],"startCursor":null},"moderators":{"editableModerators":{},"editableUserOrder":{"data":{},"api":{"error":{},"pending":{}}},"invitedModerators":{"api":{"error":null,"pending":false},"models":{},"userOrder":{}},"invitePending":{},"loadMoreModerators":{},"loadMoreEditableModerators":{},"models":{},"search":{"api":{"error":null,"pending":false},"result":null},"userOrder":{"data":{},"api":{"error":{},"pending":{}}}},"modListingPage":{"filteredSubreddits":{"api":{"error":null,"pending":false},"names":[]}},"modModeEnabled":true,"modQueue":{"bulkAction":{"api":{"error":null,"pending":false},"selectedItems":{},"undoLastAction":{}},"edited":{"api":{"error":null,"pending":false},"itemOrder":{},"loadMore":{}},"moderatedCommunitiesOrder":{"after":null,"data":[],"loaded":false,"pending":false},"modqueue":{"api":{"error":null,"pending":false},"itemOrder":{},"loadMore":{}},"reports":{"api":{"error":null,"pending":false},"itemOrder":{},"loadMore":{}},"spam":{"api":{"error":null,"pending":false},"itemOrder":{},"loadMore":{}},"unmoderated":{"api":{"error":null,"pending":false},"itemOrder":{},"loadMore":{}}},"moreComments":{"api":{"error":{},"pending":{}},"models":{}},"multireddits":{"api":{"addSubreddit":{"error":null,"fetched":false,"pending":null},"create":{"error":null,"fetched":false,"pending":false},"deleteMulti":{"error":null,"fetched":false,"pending":false},"duplicate":{"error":null,"fetched":false,"pending":false},"edit":{"error":null,"fetched":false,"pending":false},"forUser":{"fetched":false,"pending":false},"recommendations":{"error":null,"fetched":false,"pending":true},"removeSubreddit":{"error":null,"fetched":false,"pending":null}},"byUserId":{},"models":{},"recommendations":{}},"muted":{"api":{"error":null,"pending":{}},"fetchedTokens":{},"inContext":null,"loadMore":{},"models":{},"search":{"api":{"error":null,"pending":false},"result":null},"userOrder":{}},"notificationBannerId":null,"nps":{"pending":false,"success":false},"oldSiteRules":[],"originalContent":{"bestPosts":{"api":{"error":{},"pending":{}}},"categories":{"api":{"error":null,"pending":false},"models":{}},"topCommunities":{"api":{"error":{},"pending":{}}},"topCreators":{"api":{"error":{},"pending":{}}}},"partnerSubredditConnection":{"api":{"page":{"error":{},"fetched":{},"pending":{}}}},"platform":{"allowNavigationCallback":null,"currentPage":{"key":"/r/sysadmin/comments/8y3hgz/dell_emc_vxrail/","meta":{"name":"comments"},"queryParams":{},"routeMatch":{"match":{"path":"/:routePrefix(r)/:subredditName/comments/:partialPostId/:urlSafePostTitle?","url":"/r/sysadmin/comments/8y3hgz/dell_emc_vxrail/","isExact":true,"params":{"routePrefix":"r","subredditName":"sysadmin","partialPostId":"8y3hgz","urlSafePostTitle":"dell_emc_vxrail"},"queryParams":{}},"route":{"path":"/:routePrefix(r)/:subredditName/comments/:partialPostId/:urlSafePostTitle?","chunk":"CommentsPage","exact":true,"meta":{"name":"comments"},"prefetches":["Frontpage","Subreddit"]}},"status":200,"url":"/r/sysadmin/comments/8y3hgz/dell_emc_vxrail/","urlParams":{"routePrefix":"r","subredditName":"sysadmin","partialPostId":"8y3hgz","urlSafePostTitle":"dell_emc_vxrail"},"isRobotIndexable":true},"lastPage":null,"referrers":{},"sessionReferrer":null,"metas":{"/r/sysadmin/comments/8y3hgz/dell_emc_vxrail/":{"title":"Dell EMC VxRail : sysadmin"}}},"postCollection":{"models":{},"subredditToIds":{},"api":{"error":{"reorderError":null,"updateDescriptionError":null,"updateLayoutError":null},"pending":{"reorderPending":false,"updateDescriptionPending":false,"updateLayoutPending":false}}},"polls":{"api":{"voting":{"error":{},"pending":{}}},"models":{},"results":{"byLockedVotingPower":{},"byVoters":{},"byVotingPower":{}},"rewards":{}},"postFlair":{"t5_2qnp7":{"displaySettings":{"position":"left","isEnabled":true},"permissions":{"canAssignOwn":true},"templateIds":[],"templates":{}}},"posts":{"bestOCPosts":{},"chained":{"dismissed":false,"dismissedIdToListingKey":{},"idToListingKey":{}},"embedAndImage":{"loadable":{}},"expanded":{},"focus":null,"instances":{},"metaMap":{},"models":{"t3_8y3hgz":{"domain":"self.sysadmin","isCrosspostable":false,"isMeta":false,"isStickied":false,"domainOverride":null,"callToAction":null,"eventsOnRender":[],"isScoreHidden":false,"saved":false,"numComments":14,"upvoteRatio":0.73,"author":"cmPLX_FL","postCategories":[{"categoryId":"c1016","categoryName":"Tech"}],"media":{"obfuscated":null,"richtextContent":{"document":[{"c":[{"e":"text","t":"Good Afternoon Ladies and Gents,"}],"e":"par"},{"c":[{"e":"text","t":"Long story short, we are looking at VxRails with VMWare. Currently on the traditional SAN/Cluster(Hyper-V) infrastructure. Small organization (~300 employees), most of our servers (~40) are virtual."}],"e":"par"},{"c":[{"e":"text","t":"VxRails E-Series would replace our current infrastructure and the SAN/Cluster would be put into DR until funds are available to move DR to the same solution."}],"e":"par"},{"c":[{"e":"text","t":"We also have some CAD workstations that are coming up on EOL, so I was looking at the V-Series as well to replace those and to host our upcoming VDI for Citrix."}],"e":"par"},{"c":[{"e":"text","t":"I am looking for Pros and Cons of this solution such as licensing gotchas, unforeseen requirements, and general notes on what to expect."}],"e":"par"}]},"type":"rtjson","rteMode":"richtext","mediaMetadata":null},"numCrossposts":0,"isSponsored":false,"id":"t3_8y3hgz","contentCategories":null,"source":null,"isLocked":false,"score":5,"isSpoiler":false,"isArchived":true,"contestMode":false,"liveCommentsWebsocket":"wss://ws-00b2ec7e0811b4d7a.wss.redditmedia.com/link/8y3hgz?m=AQAAQQJEXcMNMDVFtb5NftWepuIfYtNLTC-fLqxWymMNhts6eCob","thumbnail":{"url":"self","width":null,"height":null},"belongsTo":{"type":"subreddit","id":"t5_2qnp7"},"crosspostRootId":null,"crosspostParentId":null,"sendReplies":true,"goldCount":0,"gildings":null,"authorId":"t2_2w6ld0f","isNSFW":false,"isMediaOnly":false,"postId":"t3_8y3hgz","suggestedSort":null,"hidden":false,"viewCount":0,"permalink":"https://www.reddit.com/r/sysadmin/comments/8y3hgz/dell_emc_vxrail/","created":1531343455000,"title":"Dell EMC VxRail","events":[],"isOriginalContent":false,"distinguishType":null,"discussionType":null,"voteState":0,"flair":[{"templateId":"e1597ab8-8e34-11e1-95a6-12313d051e91","textColor":"dark","type":"richtext","backgroundColor":"","richtext":[{"e":"text","t":"Discussion"}]},{"text":"Discussion","textColor":"dark","type":"text","backgroundColor":"","templateId":"e1597ab8-8e34-11e1-95a6-12313d051e91"}],"isBlank":false,"numDuplicates":0}},"recent":[],"video":{"autoPlayed":{},"buffering":{},"consumed":{},"continuousViewStartedAt":{},"fullscreen":null,"loadable":{},"loadTimes":{},"metadata":{},"paused":{},"playing":{},"started":{},"time":{}}},"postStickiedComments":{"data":{}},"givePremium":{"api":{"error":null,"pending":false},"givePremiumModalAccountName":""},"products":{"api":{"fetch":{"error":{},"pending":{}},"purchase":{"error":{},"pending":{}}},"currentlyPurchasing":null,"models":{}},"profileCommentsPage":{"api":{"error":{},"pending":{}},"endMarkers":{},"fetchedTokens":{},"commentIds":{},"loadMore":{}},"profilePrivatePage":{"api":{"error":{},"pending":{}},"ids":{},"pageInfo":{}},"profileModSettingsPage":{"api":{"pending":true}},"profileOverviewPage":{"chrono":{"api":{"error":{},"pending":{}},"fetchedTokens":{},"ids":{},"loadMore":{}},"conversations":{"api":{"error":{},"pending":{}},"extraComments":{"api":{"error":{},"pending":{}},"models":{}},"keyToCommentThreadLinkSets":{},"keyToHeadCommentId":{},"keyToPostId":{}}},"profilePostsPage":{},"profiles":{"about":{},"models":{},"moderated":{"api":{"pending":{}},"models":{},"pageInfo":{}},"multireddits":{"api":{"pending":{}},"pageInfo":{}},"pinnedPosts":{"data":{},"initialData":{},"pending":{}},"trophyCases":{}},"providerFlair":{"models":{"t5_2qnp7":{"FreakySpook":null,"HanSolo71":null,"caustic386":null,"Natoll":null,"acconboy":null,"canadian_sysadmin":null,"EagerPony":null,"millamb4":null,"cmPLX_FL":null}}},"promos":{"mobilePromoBanner":false,"upsellSignUpBannerLarge":false,"upsellSignUpBannerMedium":false,"upsellSignUpBannerSmall":null},"recommendations":{},"removalReasons":{"api":{"error":null,"pending":false},"models":{},"reasonOrder":{},"removedItemIds":null},"reportFlow":{"api":{"error":{},"pending":{},"success":{}},"openedFromModalPage":false,"postOrCommentId":null,"userIsMod":false},"reportPage":{"reportPageApi":{"error":null,"pending":false,"success":false},"reportPageRules":[]},"requestHost":"www.reddit.com","runTimeEnvVars":{"staging":false,"startTimeInMillis":1564650364177},"search":{"relatedQueries":{},"searchQuery":null,"typeahead":{"idsByQuery":{},"models":{}},"viewTreatment":{}},"searchDiscoveryUnits":{"headerContent":{},"models":{},"order":{}},"seo":{"crawler":null,"linksModule":{}},"shortcuts":{"activeCommentId":null,"activePostId":"t3_8y3hgz","namespace":"CommentPage"},"sidebarPromotedPosts":{"firstFetch":false,"models":{}},"sitewideRules":[],"structuredStyles":{"draft":{},"exportStyles":{"error":null,"pending":false},"flairTemplate":{"models":{}},"imagePreviews":{},"isBladeEditorDirty":false,"isEditing":null,"models":{"t5_2qnp7":{"menuBackgroundBlur":null,"menuLinkColorInactive":null,"menuLinkColorHover":null,"bannerCommunityNameFormat":"pretty","postUpvoteIconInactive":null,"highlightColor":"#0079d3","menuBackgroundOpacity":null,"postUpvoteCountColor":null,"bannerHeight":"small","postBackgroundColor":null,"mobileBannerImage":null,"bannerOverlayColor":null,"bannerCommunityName":null,"postDownvoteIconActive":null,"postUpvoteIconActive":null,"menuBackgroundColor":null,"postBackgroundImagePosition":null,"backgroundImage":null,"bannerBackgroundImagePosition":null,"backgroundColor":"#bbbdbf","submenuBackgroundStyle":null,"backgroundImagePosition":null,"bannerShowCommunityIcon":null,"bannerBackgroundColor":null,"submenuBackgroundColor":null,"sidebarWidgetHeaderColor":null,"bannerPositionedImagePosition":null,"bannerBackgroundImage":null,"postDownvoteCountColor":null,"postPlaceholderImagePosition":null,"postDownvoteIconInactive":null,"primaryColor":"#7193ff","sidebarWidgetBackgroundColor":null,"mobileKeyColor":null,"menuPosition":null,"postVoteIcons":null,"menuLinkColorActive":null,"bannerPositionedImage":null,"secondaryBannerPositionedImage":null,"menuBackgroundImage":null,"postBackgroundImage":null,"postPlaceholderImage":null,"communityIcon":"https://styles.redditmedia.com/t5_2qnp7/styles/communityIcon_gcx9bz62dbg01.png","postTitleColor":null}}},"stylesheets":"https://www.redditstatic.com/desktop2x/chunkCSS/Reddit.44c4e6e827a82a16994e.css","subredditAutocomplete":{"api":{"error":{},"pending":{}},"models":{}},"subredditChannels":{"api":{"error":{},"pending":{},"whitelist":{}},"models":{},"selected":null},"subreddits":{"about":{"t5_2qnp7":{"contentCategory":"","publicDescription":"A reddit dedicated to the profession of Computer System Administration.","hasExternalAccount":false,"userIsSubscriber":null,"accountsActive":1732,"advertiserCategory":"Technology","allOriginalContent":false,"restrictCommenting":false,"showMedia":true,"restrictPosting":true,"subscribers":359361,"allowedPostTypes":{"images":false,"text":true,"videos":false,"links":false,"spoilers":true},"usingNewModmail":true,"emojisEnabled":true,"disableContributorRequests":false,"userIsContributor":null,"originalContentTagEnabled":false}},"api":{"about":{"error":{},"pending":false},"connectToPartner":{"error":null,"lastConnectedSubredditId":null,"pending":false},"create":{"error":{"apiError":null},"lastCreatedSubredditId":null,"pending":false},"rankings":{"error":null,"pending":false},"rules":false,"similar":{"pending":{}},"topContent":{"error":{},"pending":{}},"wiki":{"error":{},"pending":{}}},"appliedFilters":{"meta":{}},"byCategory":{},"communityInfo":{},"crosspostable":{"api":{"errors":null,"pending":false},"ids":{}},"duplicates":{"models":{}},"gov":{"assets":{},"communityJar":{},"distributions":{},"meta":{},"releaseNotes":{}},"models":{"t5_2qnp7":{"whitelistStatus":"all_ads","isNSFW":false,"subscribers":359361,"primaryColor":"#7193ff","id":"t5_2qnp7","icon":{"url":"","width":null,"height":null},"isQuarantined":false,"name":"sysadmin","title":"Sysadmin","url":"/r/sysadmin/","wls":6,"freeFormReports":true,"displayText":"r/sysadmin","type":"public","communityIcon":"https://styles.redditmedia.com/t5_2qnp7/styles/communityIcon_gcx9bz62dbg01.png"}},"moderated":{"api":{"errors":null,"fetched":false,"pending":false},"order":null},"original":[],"products":{},"rankings":{},"rankingsPageInfo":{},"rules":{},"settings":{},"similar":{},"subredditWiki":{"diff":{},"directory":{},"pages":{},"pageSettings":{},"revisions":{"api":{"error":{},"pending":{}},"listings":{},"models":{}}},"top":{},"topContent":{},"trending":[]},"subredditSettings":{"postRequirements":{"formState":{"isLoading":true,"isSaving":false,"hasFormError":false,"serverError":null,"titleStrings":{"isToggled":false,"strings":[]},"titleRegEx":{"isToggled":false,"regex":[]},"titleLength":{"isToggled":false,"min":null,"max":null},"postLength":{"isToggled":false,"min":null,"max":null},"postingGuidelines":{"requirement":"none","guidelines":null},"postBodyRequirement":"none","linkListPermission":"none","linkDomain":{"whitelist":[],"blacklist":[]},"reposts":{"isToggled":false,"days":null},"flair":{"isToggled":false}},"formErrors":{"titleRegEx":{"regex":null},"titleStrings":{"strings":null},"titleLength":{"min":null,"max":null},"postLength":{"min":null,"max":null},"postingGuidelines":{"guidelines":null},"postBodyRequirement":{"requirement":null},"linkListPermission":{"permission":null},"linkDomain":{"whitelist":null,"blacklist":null},"reposts":{"days":null}},"initialData":null},"requirementsBySubreddit":{}},"subredditStickyPosts":{"data":{}},"subscriptions":{"api":{"errors":null,"fetched":false,"pending":false},"favoriteMultiOrder":[],"favoriteProfileOrder":[],"favoriteSubredditOrder":[],"multiredditOrder":[],"profileOrder":[],"subredditOrder":[]},"tags":{"api":{"create":{"pending":false,"error":false},"deleteTag":{"pending":false,"error":false},"fetch":{"pending":false,"error":false},"update":{"pending":false,"error":false}},"availableGlobalTagOrder":{"global":[],"recommendedGlobal":[]},"models":{"globalSubredditTags":{},"subredditScopedTags":{},"itemTags":{},"suggestedItemTags":{},"sortedItemTags":{}},"selected":{"selectedOptions":{},"selectedSuggestedOptions":{},"deselectedOptions":{},"deselectedSuggestedOptions":{},"inputByItemId":{},"suggestedInputByItemId":{}}},"themes":{},"toaster":[],"tooltipId":null,"tracking":{"viewportDataLoaded":{}},"trafficStats":{"pending":false,"trafficStats":null},"transfers":{"communityPoints":{"api":{"error":null,"pending":false},"contentId":null,"initialRecipient":""}},"trending":{"models":[]},"trophies":{},"uploads":{},"user":{"account":null,"accountSettings":{"changeEmail":{"api":{"error":null,"pending":false}},"resetPassword":{"api":{"pending":false}},"sendResetEmail":{"api":{"pending":false,"emailSent":false}}},"blocked":{"api":{},"data":[]},"chatSettings":{"invitePolicy":"Everyone"},"drafts":null,"experiments":{"models":[{"id":207,"name":"android_email_digest_copy","variant":"treatment_1","version":"8"},{"id":328,"name":"android_graphql_all_feed_5","variant":"enabled","version":"1"},{"id":326,"name":"android_graphql_popular_feed_6","variant":"enabled","version":"1"},{"id":184,"name":"android_max_video_bitrate","variant":"2_0_mbps","version":"4"},{"id":62,"name":"best_sort_explore_batch","variant":"best_sort_explore_enabled","version":"5"},{"id":196,"name":"channels_subscriber_limit","variant":"no_limit","version":"7"},{"id":206,"name":"chat_posts_android_2","variant":"live_commenting","version":"4"},{"id":210,"name":"chat_posts_android_2_features","variant":"true","version":"7"},{"id":127,"name":"d2x_graphql_home_feed","variant":"gql_home_feed","version":"21"},{"id":312,"name":"desktop_general_cleanup","variant":"top_banner","version":"2"},{"id":69,"name":"desktop_seo_post_test_v1","variant":"listing_on_bottom","version":"10"},{"id":164,"name":"desktop_seo_post_v2_truncate","variant":"both","version":"3"},{"id":58,"name":"dn_perms_current_pre_prompt","variant":"dark_system_dialogue","version":"9"},{"id":263,"name":"email_collection_v1","variant":"footer_1","version":"6"},{"id":226,"name":"email_digest_frequency","variant":"three_per_week","version":"4"},{"id":177,"name":"email_permissions","variant":"treatment_1","version":"5"},{"id":106,"name":"email_verification_banner","variant":"tooltip","version":"3"},{"id":285,"name":"hide_best_of_community","variant":"enabled","version":"2"},{"id":265,"name":"ios_email_permissions","variant":"treatment_1","version":"4"},{"id":310,"name":"ios_graphql_home_feed_3","variant":"enabled","version":"1"},{"id":311,"name":"ios_graphql_popular_feed_2","variant":"enabled","version":"1"},{"id":325,"name":"ios_graphql_post_feeds_1","variant":"enabled","version":"1"},{"id":245,"name":"ios_post_collections_v2","variant":"enabled","version":"1"},{"id":315,"name":"ios_screenshot_share","variant":"control_1","version":"2"},{"id":72,"name":"ios_wkwebview_youtube_rollout","variant":"enabled","version":"5"},{"id":86,"name":"jerome_test","variant":"0_3_50_unmetered","version":"12"},{"id":50,"name":"lnl_vs_best_vs_explore_exploit","variant":"best_sort","version":"33"},{"id":57,"name":"logged_in_transactional_dn_test","variant":"treatment","version":"5"},{"id":98,"name":"logged_in_trending_dns_2","variant":"trending_only","version":"5"},{"id":137,"name":"logged_out_pn_personalization","variant":"expanded_best_sort_tos","version":"15"},{"id":104,"name":"logged_out_trending_dns","variant":"enabled","version":"9"},{"id":155,"name":"logged_out_weighted_tos_notification","variant":"best_sort_tos_boosting_5","version":"7"},{"id":257,"name":"low_karma_rate_limit","variant":"limit_20_per_hour","version":"4"},{"id":120,"name":"manual_sr_recommendations","variant":"direct_tos","version":"5"},{"id":194,"name":"meta_features","variant":"true","version":"3"},{"id":212,"name":"new_media_transitions","variant":"enabled","version":"3"},{"id":90,"name":"non_personalized_notification_frequency","variant":"two_per_day","version":"8"},{"id":158,"name":"pn_sub_fallback","variant":"best_sort_fallback","version":"4"},{"id":47,"name":"popular_re_sort","variant":"control_1","version":"23"},{"id":140,"name":"post_view_consume_killswitch","variant":"false","version":"2"},{"id":79,"name":"rails_search_results_redesign","variant":"treatment_1","version":"9"},{"id":169,"name":"redesign_feed_chaining_logged_in","variant":"factorization_similar","version":"14"},{"id":170,"name":"redesign_feed_chaining_logged_out","variant":"factorization_similar","version":"15"},{"id":43,"name":"redesign_go_to_home","variant":"home_after_0","version":"7"},{"id":83,"name":"related_queries_rollout","variant":"active","version":"9"},{"id":329,"name":"subreddit_recommendation_tod","variant":"thirty_day_most_active","version":"1"},{"id":78,"name":"time_on_subreddit_push_notifications","variant":"expanded_best_sort","version":"12"},{"id":63,"name":"trending_dropdown_redesign","variant":"treatment_1","version":"9"},{"id":81,"name":"trending_entrypoint_redesign","variant":"treatment_1","version":"7"},{"id":283,"name":"trending_max_age","variant":"max_12_hours","version":"2"},{"id":153,"name":"weighted_random_tos_notification","variant":"best_sort_tos_boosting_5","version":"8"},{"id":119,"name":"work_manager_android","variant":"true","version":"6"}],"localPersisted":{},"overrides":{}},"features":{},"isCustomizeFlyoutShowing":false,"topContentDismissalPrefsSet":null,"language":"en","loggedOutData":{"accountCompleteness":{"collapsed":false,"step":"initial"},"dataLoaded":false,"feedMultiName":[],"homeFeed":{"similar":[],"topBanner":{"isClosed":false,"viewsCount":0},"views":["sysadmin"],"votes":{}},"isFrontpageHome":false,"postsCount":0,"tooltips":{"home_active":{},"subscribe_feed":{},"subscribe_id":{},"subscribe_reminder":{},"vote":{},"vote_reminder":{},"vote_success":{}},"views":{"count":{"beforeBanner":0,"total":1},"posts":["t3_8y3hgz"]},"votes":{"comments":{},"posts":{}}},"loid":{"blob":"Z0FBQUFBQmRRckRBQXNUNzRHbmNQLVdpQXpqSXZRcHN4aWQwRWl1elUydDNEZGhuZkMyRVdBVGFBdGdBSDFMdFRVZi1IYk1sQzBzWlhNZEV5NW9UeGxPU2VERldZZERRZHdWRERweU5LZlUwWlV1dnFPbEVfVHFtWXV1czNKOFBaTEZpa0pLcFMtWlM","loid":"00000000004a297h4y","loidCreated":"1564651712857","version":2},"notificationPrefs":{"api":{"getPreferences":{"error":null,"loaded":false,"pending":false},"setPreferences":{"error":null,"loaded":false,"pending":false}},"isPrePromptVisible":false,"preferences":{"chatMessages":false,"trendingPosts":false,"unreadMessages":false}},"ownedBadges":{},"prefs":{"allowClickTracking":false,"autoplayVideo":true,"collapsedTraySections":{"favorites":false,"multis":false,"moderating":false,"subscriptions":false,"profiles":false},"commentMode":"richtext","layout":"card","rememberCommunityLayout":false,"defaultCommentSort":"confidence","editorMode":"richtext","featuresViewedHistory":{"commentForm":{"markdownModeNotification":false}},"globalTheme":"REDDIT","hasSeenCustomizeFlyout":true,"hideNSFW":true,"ignoreSuggestedSort":false,"labelNSFW":true,"markMessagesRead":true,"nightmode":false,"openPostInNewTab":false,"over18":false,"showActiveCommunities":true,"showTwitter":false,"sort":"hot","stylesEnabled":true,"subreddit":{},"topContentDismissalTime":0,"topContentTimesDismissed":0,"rememberCommunitySort":false,"useMarkdown":false},"reddaid":"","session":{"accessToken":"-c3T8H7zjqfsMJXNtTguyQC7JSHI","expires":"2019-08-01T10:28:32.873Z","expiresIn":3600,"unsafeLoggedOut":true,"safe":true},"sessionRefreshFailed":false,"sessionTracker":"n9u6SizwUYORNrxTIX.0.1564651713075.Z0FBQUFBQmRRckRCYnRXeUl1NWFDajJJVDlhNnJFYjVKV3cyUF9MRm5QUTB1alNqaGtKdE5VS3IyOFBxenpORXk0UEM5QVpXVmdGYmloVDI2QjBzem5RenNjQ1U5WXZ3cHRScE16WnJVZmhKdEVIRHM2M3FpNWZPX0QzYll0elAwX0YzTU1nWmlDbnc","shuffledCategories":["outdoors","vroom","tv","music","fashion","videos","health","electronics","videoGames","news","advice","animals","writing","photography","science","sports","tech","funny","memes","dIY","entertainment","food","travel","relationships","gaming","picsAndGifs","art"],"temporaryGQL":{"isEmployee":null,"isLoggedIn":false},"wallets":{},"whitelist":{"api":{},"data":[]}},"userFlair":{"t5_2qnp7":{"applied":null,"templates":{},"templateIds":[],"displaySettings":{"position":"right","isEnabled":true,"isUserEnabled":false},"permissions":{"canUserChange":false,"canAssignOwn":true}}},"users":{"api":{"error":{},"pending":false},"appliedBadges":{},"models":{},"nameAvailable":{},"publicWallets":{},"topOCCreators":{}},"widgets":{"idCardIds":{"t5_2qnp7":"widget_id-card-2qnp7"},"menuIds":{"t5_2qnp7":"widget_11vrut4itltcc"},"models":{"widget_rules-2qnp7":{"styles":{"headerColor":null,"backgroundColor":null},"kind":"subreddit-rules","id":"widget_rules-2qnp7","shortName":"Subreddit Rules","data":[{"violationReason":"Your account must be 24 hours old in order to post","description":" * Your account must be 24 hours old in order to post to this subreddit.\n * Please use your main account to post or comment, or wait 24 hours and resubmit. If the issue is urgent, feel free to message the moderation team.","createdUtc":1453837536,"priority":0,"descriptionHtml":"\u003C!-- SC_OFF --\u003E\u003Cdiv class=\"md\"\u003E\u003Cul\u003E\n\u003Cli\u003EYour account must be 24 hours old in order to post to this subreddit.\u003C/li\u003E\n\u003Cli\u003EPlease use your main account to post or comment, or wait 24 hours and resubmit. If the issue is urgent, feel free to message the moderation team.\u003C/li\u003E\n\u003C/ul\u003E\n\u003C/div\u003E\u003C!-- SC_ON --\u003E","shortName":"Account Age"},{"violationReason":"Be professional in conduct.","description":"* Please treat community members politely - even when you disagree.   \n* No personal attacks - debate issues, challenge sources - but don't make or take things personally.   \n* No posts that are entirely memes or AdviceAnimals or Kitty GIFs.   \n* Please try to keep politically \u0026 religiously charged messages out of discussions.   \n* Intentionally trolling is considered impolite, \u0026 will be acted against.   \n* The acts of Software Piracy, Hardware Theft, \u0026 Cheating are considered unprofessional.","createdUtc":1453837686,"priority":1,"descriptionHtml":"\u003C!-- SC_OFF --\u003E\u003Cdiv class=\"md\"\u003E\u003Cul\u003E\n\u003Cli\u003EPlease treat community members politely - even when you disagree.\u003Cbr/\u003E\u003C/li\u003E\n\u003Cli\u003ENo personal attacks - debate issues, challenge sources - but don\u0026#39;t make or take things personally.\u003Cbr/\u003E\u003C/li\u003E\n\u003Cli\u003ENo posts that are entirely memes or AdviceAnimals or Kitty GIFs.\u003Cbr/\u003E\u003C/li\u003E\n\u003Cli\u003EPlease try to keep politically \u0026amp; religiously charged messages out of discussions.\u003Cbr/\u003E\u003C/li\u003E\n\u003Cli\u003EIntentionally trolling is considered impolite, \u0026amp; will be acted against.\u003Cbr/\u003E\u003C/li\u003E\n\u003Cli\u003EThe acts of Software Piracy, Hardware Theft, \u0026amp; Cheating are considered unprofessional.\u003C/li\u003E\n\u003C/ul\u003E\n\u003C/div\u003E\u003C!-- SC_ON --\u003E","shortName":"Professionalism"},{"violationReason":"Do not expressly advertise your product.","description":"* The reddit advertising system exists for this purpose. Invest in either a promoted post, or sidebar ad space.  \n* Vendors are free to discuss their product in the context of an existing discussion.  \n* Posting articles from ones own blog is considered a product.  \n* As always, users must disclose any affiliation with a product.  \n* Content creators should refrain from directing this community to their own content.","createdUtc":1453838001,"priority":2,"descriptionHtml":"\u003C!-- SC_OFF --\u003E\u003Cdiv class=\"md\"\u003E\u003Cul\u003E\n\u003Cli\u003EThe reddit advertising system exists for this purpose. Invest in either a promoted post, or sidebar ad space.\u003Cbr/\u003E\u003C/li\u003E\n\u003Cli\u003EVendors are free to discuss their product in the context of an existing discussion.\u003Cbr/\u003E\u003C/li\u003E\n\u003Cli\u003EPosting articles from ones own blog is considered a product.\u003Cbr/\u003E\u003C/li\u003E\n\u003Cli\u003EAs always, users must disclose any affiliation with a product.\u003Cbr/\u003E\u003C/li\u003E\n\u003Cli\u003EContent creators should refrain from directing this community to their own content.\u003C/li\u003E\n\u003C/ul\u003E\n\u003C/div\u003E\u003C!-- SC_ON --\u003E","shortName":"Advertising"},{"violationReason":"Inappropriate use of the Community.","description":"* There are many reddit communities that exist that may be more catered to/dedicated your topic.\n* Requests for assistance are expected to contain basic situational information.\n - They should also contain evidence of basic troubleshooting \u0026 Googling for self-help.\n - Keep topics/questions related to technology/people/practices/etc within a business environment.\n* When asking a question or requesting advice, please update your original post with any new information, or solution (if found).","createdUtc":1496886695,"priority":3,"descriptionHtml":"\u003C!-- SC_OFF --\u003E\u003Cdiv class=\"md\"\u003E\u003Cul\u003E\n\u003Cli\u003EThere are many reddit communities that exist that may be more catered to/dedicated your topic.\u003C/li\u003E\n\u003Cli\u003ERequests for assistance are expected to contain basic situational information.\n\n\u003Cul\u003E\n\u003Cli\u003EThey should also contain evidence of basic troubleshooting \u0026amp; Googling for self-help.\u003C/li\u003E\n\u003Cli\u003EKeep topics/questions related to technology/people/practices/etc within a business environment.\u003C/li\u003E\n\u003C/ul\u003E\u003C/li\u003E\n\u003Cli\u003EWhen asking a question or requesting advice, please update your original post with any new information, or solution (if found).\u003C/li\u003E\n\u003C/ul\u003E\n\u003C/div\u003E\u003C!-- SC_ON --\u003E","shortName":"Wrong Community"},{"violationReason":"Inappropriate use of the Community.","description":"* Avoid low-quality posts. Make an effort to enrich the community where you can- provide details, context, opinions, etc. in your posts.  \n* Moronic Monday \u0026 Thickheaded Thursday are available for simple questions, or other requests that don't need their own full thread. Utilize them as much as possible.","createdUtc":1541128853,"priority":4,"descriptionHtml":"\u003C!-- SC_OFF --\u003E\u003Cdiv class=\"md\"\u003E\u003Cul\u003E\n\u003Cli\u003EAvoid low-quality posts. Make an effort to enrich the community where you can- provide details, context, opinions, etc. in your posts.\u003Cbr/\u003E\u003C/li\u003E\n\u003Cli\u003EMoronic Monday \u0026amp; Thickheaded Thursday are available for simple questions, or other requests that don\u0026#39;t need their own full thread. Utilize them as much as possible.\u003C/li\u003E\n\u003C/ul\u003E\n\u003C/div\u003E\u003C!-- SC_ON --\u003E","shortName":"Low Quality"}],"display":"compact"},"widget_12de6scqd4lma":{"styles":{"headerColor":"","backgroundColor":""},"kind":"button","description":"View only the following types of posts","buttons":[{"url":"https://www.reddit.com/r/sysadmin/search?q=flair_name%3A%22General%20Discussion%22\u0026restrict_sr=1\u0026sort=new","text":"General Discussion","kind":"text","color":"#000000"},{"url":"https://www.reddit.com/r/sysadmin/search?q=flair_name%3A%22Linux%22\u0026restrict_sr=1\u0026sort=new","text":"Linux","kind":"text","color":"#000000"},{"url":"https://www.reddit.com/r/sysadmin/search?q=flair_name%3A\"Apple\"\u0026restrict_sr=1\u0026sort=new","text":"Apple","kind":"text","color":"#000000"},{"url":"https://www.reddit.com/r/sysadmin/search?q=flair_name%3A\"Google\"\u0026restrict_sr=1\u0026sort=new","text":"Google","kind":"text","color":"#000000"},{"url":"https://www.reddit.com/r/sysadmin/search?q=flair_name%3A\"Amazon\"\u0026restrict_sr=1\u0026sort=new","text":"Amazon","kind":"text","color":"#000000"},{"url":"https://www.reddit.com/r/sysadmin/search?q=flair_name%3A\"Microsoft\"\u0026restrict_sr=1\u0026sort=new","text":"Microsoft","kind":"text","color":"#000000"},{"url":"https://www.reddit.com/r/sysadmin/search?q=flair_name%3A\"Rant\"\u0026restrict_sr=1\u0026sort=new","text":"Rant Only","kind":"text","color":"#000000"},{"url":"https://www.reddit.com/r/sysadmin/search?q=flair_name%3A%22Career%20%2F%20Job%20Related%22\u0026restrict_sr=1\u0026sort=new","text":"Career/Job Related","kind":"text","color":"#000000"}],"descriptionHtml":"\u003C!-- SC_OFF --\u003E\u003Cdiv class=\"md\"\u003E\u003Cp\u003EView only the following types of posts\u003C/p\u003E\n\u003C/div\u003E\u003C!-- SC_ON --\u003E","shortName":"Filter By Flair","id":"widget_12de6scqd4lma"},"widget_10gek7suswisj":{"styles":{"headerColor":null,"backgroundColor":null},"kind":"community-list","descriptionHtml":null,"shortName":"Associated Subreddits","data":[{"name":"ITCareerQuestions","isSubscribed":false,"isNSFW":false,"iconUrl":"","subscribers":82987,"primaryColor":"#646d73","type":"subreddit","communityIcon":""},{"name":"SysAdminBlogs","isSubscribed":false,"isNSFW":false,"iconUrl":"","subscribers":6965,"primaryColor":"","type":"subreddit","communityIcon":""},{"name":"sysadminjobs","isSubscribed":false,"isNSFW":false,"iconUrl":"","subscribers":15494,"primaryColor":"","type":"subreddit","communityIcon":""}],"id":"widget_10gek7suswisj"},"widget_10gekyvp4lknb":{"styles":{"headerColor":"","backgroundColor":""},"kind":"button","description":"A collection of useful references","buttons":[{"url":"https://www.reddit.com/r/sysadmin/wiki/posting_rules","text":"Rules (Detailed)","kind":"text","color":"#000000"},{"url":"http://webchat.freenode.net/?channels=#reddit-sysadmin","text":"Official IRC Channel","kind":"text","color":"#000000"},{"url":"https://discord.gg/sysadmin","text":"Official Discord","kind":"text","color":"#000000"},{"url":"https://www.reddit.com/r/sysadmin/wiki/index","text":"Sysadmin Wiki","kind":"text","color":"#000000"},{"url":"https://www.reddit.com/r/sysadmin/wiki/bootcamp","text":"RTFM","kind":"text","color":"#000000"},{"url":"https://www.reddit.com/r/sysadmin/wiki/faq","text":"FAQ","kind":"text","color":"#000000"},{"url":"https://www.reddit.com/r/sysadmin/wiki/filters","text":"Flair Filtering","kind":"text","color":"#000000"}],"descriptionHtml":"\u003C!-- SC_OFF --\u003E\u003Cdiv class=\"md\"\u003E\u003Cp\u003EA collection of useful references\u003C/p\u003E\n\u003C/div\u003E\u003C!-- SC_ON --\u003E","shortName":"Useful Links","id":"widget_10gekyvp4lknb"},"widget_moderators-2qnp7":{"styles":{"headerColor":null,"backgroundColor":null},"kind":"moderators","mods":[{"name":"mkosmo","authorFlairType":"richtext","authorFlairTextColor":"dark","authorFlairBackgroundColor":"","authorFlairRichText":[{"e":"text","t":"Permanently Banned"}],"authorFlairText":"Permanently Banned"},{"name":"AutoModerator","authorFlairType":"richtext","authorFlairTextColor":"light","authorFlairBackgroundColor":"#349e48","authorFlairRichText":[{"e":"text","t":"Master of All Trades"}],"authorFlairText":"Master of All Trades"},{"name":"BotBust","authorFlairType":"text","authorFlairTextColor":"dark","authorFlairBackgroundColor":"","authorFlairRichText":[],"authorFlairText":null},{"name":"bandman614","authorFlairType":"richtext","authorFlairTextColor":"dark","authorFlairBackgroundColor":"","authorFlairRichText":[{"e":"text","t":"Standalone SysAdmin"}],"authorFlairText":"Standalone SysAdmin"},{"name":"highlord_fox","authorFlairType":"richtext","authorFlairTextColor":"light","authorFlairBackgroundColor":"#349e48","authorFlairRichText":[{"e":"text","t":"Moderator | Sr. Moderation Engineer"}],"authorFlairText":"Moderator | Sr. Moderation Engineer"},{"name":"VA_Network_Nerd","authorFlairType":"richtext","authorFlairTextColor":"dark","authorFlairBackgroundColor":"","authorFlairRichText":[{"e":"text","t":"Moderator | Infrastructure Architect"}],"authorFlairText":"Moderator | Infrastructure Architect"},{"name":"Lord_NShYH","authorFlairType":"richtext","authorFlairTextColor":"dark","authorFlairBackgroundColor":"","authorFlairRichText":[{"e":"text","t":"Systems Architect"}],"authorFlairText":"Systems Architect"},{"name":"preperat","authorFlairType":"text","authorFlairTextColor":"dark","authorFlairBackgroundColor":"","authorFlairRichText":[],"authorFlairText":null},{"name":"cryptic_1","authorFlairType":"richtext","authorFlairTextColor":"dark","authorFlairBackgroundColor":"","authorFlairRichText":[{"e":"text","t":"It is always DNS"}],"authorFlairText":"It is always DNS"},{"name":"bad0seed","authorFlairType":"richtext","authorFlairTextColor":"dark","authorFlairBackgroundColor":"","authorFlairRichText":[{"e":"text","t":"Trusted VAR"}],"authorFlairText":"Trusted VAR"}],"totalMods":16,"id":"widget_moderators-2qnp7"},"widget_id-card-2qnp7":{"styles":{"headerColor":null,"backgroundColor":null},"kind":"id-card","description":"A reddit dedicated to the profession of Computer System Administration.","id":"widget_id-card-2qnp7","currentlyViewingCount":1732,"currentlyViewingText":"","subscribersCount":359361,"subscribersText":"","shortName":"Community Details"},"widget_11vrut4itltcc":{"styles":{"headerColor":null,"backgroundColor":null},"kind":"menu","data":[{"url":"https://www.reddit.com/r/sysadmin/wiki/index","text":"Wiki"}],"id":"widget_11vrut4itltcc","showWiki":false}},"moderatorIds":{"t5_2qnp7":"widget_moderators-2qnp7"},"sidebar":{"t5_2qnp7":["widget_rules-2qnp7","widget_10gekyvp4lknb","widget_10gek7suswisj","widget_12de6scqd4lma"]}}}