{"accountManagerModalData":{},"activeModalId":null,"ads":{},"apiRequestState":{},"approvedSubmitters":{"api":{"error":null,"pending":{}},"fetchedTokens":{},"loadMore":{},"models":{},"search":{"api":{"error":null,"pending":false},"result":null},"userOrder":{}},"authorFlair":{"inContext":null,"models":{"t5_2qnan":{"jo_strasser":null,"namo442":null,"cgabhane":null}}},"awards":{"blacklist":{},"create":{"api":{"error":null,"pending":false}},"manageable":{"api":{"error":null,"pending":{}},"order":{}},"models":{},"usable":{"api":{"error":null,"pending":{}},"order":{}}},"badges":{"api":{"subreddit":{"error":{},"pending":{}},"user":{"error":{},"pending":{}}},"models":{}},"banned":{"api":{"error":null,"pending":{}},"fetchedTokens":{},"inContext":null,"loadMore":{},"models":{},"search":{"api":{"error":null,"pending":false},"result":null},"userOrder":{}},"blockUser":{"api":{"error":{},"pending":{}}},"brandSafety":{"isViewSafe":true,"hasBrandSafetyBeenAssessed":false},"categories":{"api":{"list":{"error":null,"loaded":false,"pending":false},"subreddits":{"error":{},"loaded":{},"pending":{}}},"ids":[],"models":{},"nameToId":{}},"chat":{"isInited":false,"isUserSubredditChatEnabled":false,"subredditSettings":{"subredditId":null,"bannedWords":"","domains":"","rateLimit":-1,"regexes":[]},"promos":{"displaySubredditChatFtux":false},"unread":{"api":{"error":{"apiError":null},"pending":false},"count":{"basicChannelCount":0,"subredditChannelCount":0}}},"claimGold":{"api":{"error":null,"pending":false,"showLoader":false},"code":"","showModal":false},"comments":{"collapsed":{"commentsPage--[post:'t3_86kywt']":{}},"drafts":{"replyToPost_t3_86kywt":{"commentMode":"richtext","draftType":0,"hasFocus":false,"rteState":null,"text":""}},"focused":{},"hidden":{},"isEditing":{},"models":{"t1_dx9rdac":{"editedAt":null,"isStickied":false,"isMod":false,"postAuthor":null,"isScoreHidden":false,"id":"t1_dx9rdac","isDeleted":false,"author":"namo442","media":{"richtextContent":{"document":[{"c":[{"e":"text","t":"I had an SR opened for about 2 months and about 3 weeks ago the told me they are aware of the issue and gave me debug version to install. The debug version solved my issue and now they are creating an H-patch version for me to use. I asked if the fix would be in the 7.5 release and tech couldn’t say for sure."}],"e":"par"}]},"type":"rtjson","rteMode":"richtext"},"isAdmin":false,"isOp":true,"isLocked":false,"score":2,"parentId":"t1_dx995h7","subredditId":"t5_2qnan","collapsedReason":null,"collapsed":false,"sendReplies":true,"goldCount":0,"gildings":null,"authorId":"t2_14vj31","postId":"t3_86kywt","permalink":"/r/vmware/comments/86kywt/horizon_74_unknown_missing_instant_clones/dx9rdac/","created":1523575203,"postTitle":null,"distinguishType":null,"isSaved":false,"voteState":0,"deletedBy":null},"t1_dx995h7":{"editedAt":null,"isStickied":false,"isMod":false,"postAuthor":null,"isScoreHidden":false,"id":"t1_dx995h7","isDeleted":false,"author":"jo_strasser","media":{"richtextContent":{"document":[{"c":[{"e":"text","t":"Hi! I get the same issue, I can see it on instant and also on likes clones. Looks for me like a bug in version 7.4. I’ve opened a SR. Do you have found a solution in the meantime? BR"}],"e":"par"}]},"type":"rtjson","rteMode":"richtext"},"isAdmin":false,"isOp":false,"isLocked":false,"score":1,"parentId":null,"subredditId":"t5_2qnan","collapsedReason":null,"collapsed":false,"sendReplies":true,"goldCount":0,"gildings":null,"authorId":"t2_13mk68","postId":"t3_86kywt","permalink":"/r/vmware/comments/86kywt/horizon_74_unknown_missing_instant_clones/dx995h7/","created":1523558249,"postTitle":null,"distinguishType":null,"isSaved":false,"voteState":0,"deletedBy":null},"t1_e0tx5sa":{"editedAt":null,"isStickied":false,"isMod":false,"postAuthor":null,"isScoreHidden":false,"id":"t1_e0tx5sa","isDeleted":false,"author":"cgabhane","media":{"richtextContent":{"document":[{"c":[{"e":"text","t":"I observed this issue with 7.4 GA Easily way to solve it - reboot vcsa and connection server and it all shows VM available after comes up"}],"e":"par"},{"c":[{"e":"text","t":"This worked for me"}],"e":"par"}]},"type":"rtjson","rteMode":"richtext"},"isAdmin":false,"isOp":false,"isLocked":false,"score":1,"parentId":null,"subredditId":"t5_2qnan","collapsedReason":null,"collapsed":false,"sendReplies":true,"goldCount":0,"gildings":null,"authorId":"t2_13do3q","postId":"t3_86kywt","permalink":"/r/vmware/comments/86kywt/horizon_74_unknown_missing_instant_clones/e0tx5sa/","created":1529260401,"postTitle":null,"distinguishType":null,"isSaved":false,"voteState":0,"deletedBy":null}},"replyFormOpen":{},"submit":{"error":{},"pending":{}},"visitHighlightFilter":"Last"},"commentsListTruncated":true,"commentsPage":{"api":{"error":{"commentsPage--[post:'t3_86kywt']":null},"fullyLoaded":{"commentsPage--[post:'t3_86kywt']":true},"pending":{"commentsPage--[post:'t3_86kywt']":false}},"keyToChatCommentLinks":{"commentsPage--[post:'t3_86kywt']":[{"id":"t1_dx995h7","created":1523558249,"stickied":false},{"id":"t1_dx9rdac","created":1523575203,"stickied":false},{"id":"t1_e0tx5sa","created":1529260401,"stickied":false}]},"keyToCommentThreadLinkSets":{"commentsPage--[post:'t3_86kywt']":{"t1_dx9rdac":{"depth":1,"next":{"type":"continueThread","id":"continueThread-t1_dx9rdac"},"prev":{"type":"comment","id":"t1_dx995h7"}},"t1_dx995h7":{"depth":0,"next":{"type":"comment","id":"t1_dx9rdac"},"prev":null},"t1_e0tx5sa":{"depth":0,"next":null,"prev":{"type":"continueThread","id":"continueThread-t1_dx9rdac"}},"continueThread-t1_dx9rdac":{"depth":2,"next":{"type":"comment","id":"t1_e0tx5sa"},"prev":{"type":"comment","id":"t1_dx9rdac"}}}},"keyToHeadCommentId":{"commentsPage--[post:'t3_86kywt']":"t1_dx995h7"},"keyToPostId":{"commentsPage--[post:'t3_86kywt']":"t3_86kywt"},"ads":[]},"contentGate":{},"continueThreads":{"models":{"continueThread-t1_dx9rdac":{"postId":"t3_86kywt","next":{"type":"comment","id":"t1_e0tx5sa"},"depth":2,"parentId":"t1_dx9rdac","prev":{"type":"comment","id":"t1_dx9rdac"},"id":"continueThread-t1_dx9rdac"}}},"creations":{"api":{"collection":{"createOrUpdate":{"error":null,"pending":false}},"draft":{"deleteDraft":{"error":{},"pending":{}},"listing":{"error":null,"pending":false},"save":{"error":{"apiError":null,"needsCaptcha":false,"validationError":null,"submitValidationError":null},"pending":false}},"editor":{"converting":{"pending":{}},"mediaUpload":{"error":null,"pending":false}},"page":{"error":{},"fetched":{},"pending":{}},"post":{"submit":{"error":{"apiError":null,"needsCaptcha":false,"validationError":null,"submitValidationError":null},"pending":false},"update":{"error":null,"pending":false}},"subreddit":{"change":{"error":null,"pending":false}}},"drafts":{},"formData":{"body":{"link":"","markdown":"","media":null,"rte":{"isBound":false,"editorKey":"014869","initialRTJSON":{"document":[]}}},"eventSchedule":null,"flair":null,"govType":null,"isChatPost":false,"isNSFW":false,"isOC":false,"isPoll":false,"isPublicLink":false,"isSpoiler":false,"newSubreddit":"","newTopMod":"","nextSubreddit":null,"ocCategory":null,"postToTwitter":false,"polls":null,"recaptcha":"","sendReplies":true,"submissionType":"post","title":""},"formState":{"fieldValidation":{"title":null,"body":null,"link":null,"flair":null},"isChanged":false,"modalId":null,"ocCategory":null,"submitMode":0},"postEditing":{"draft":{"markdown":"","rte":{"isBound":false,"editorKey":"9e98b8","initialRTJSON":{"document":[]}}},"editorMode":"richtext","postId":null}},"dashboard":{"selectedComponent":null,"subredditPending":false,"subredditLoaded":{}},"discoveryUnits":{"api":{"list":{"error":null,"loaded":true,"pending":false}},"models":{"xd_66":{"enabled":true,"id":"xd_66","layout":"large","parameters":{"sort":"hot"},"surface":"explore","unitName":"posts_in_category_rails_hero","unitType":"listing","url":"/api/posts_in_category.json"},"xd_67":{"enabled":true,"id":"xd_67","layout":"large","surface":"explore","unitName":"posts_in_subreddit_hero","unitType":"listing","url":"/r/%{subredditName}/hot.json"},"xd_68":{"enabled":true,"id":"xd_68","layout":"large","parameters":{"sort":"hot"},"surface":"explore","unitName":"posts_in_category_rails_small","unitType":"listing","url":"/api/posts_in_category.json"},"xd_69":{"enabled":true,"id":"xd_69","layout":"large","surface":"explore","unitName":"posts_in_subreddit_small","unitType":"listing","url":"/r/%{subredditName}/hot.json"},"xd_70":{"enabled":true,"id":"xd_70","layout":"large","surface":"search","unitName":"search_posts","unitType":"community_category","url":"/api/posts_in_category.json"},"xd_71":{"enabled":true,"id":"xd_71","layout":"large","surface":"search","unitName":"search_subreddits","unitType":"community_category","url":"/api/subreddits_in_category.json"},"xd_72":{"enabled":true,"id":"xd_72","layout":"large","surface":"subreddit_listing","unitName":"community_banner_posts","unitType":"subreddit_listing","url":"/r/%{subredditName}/top.json"},"xd_83":{"enabled":true,"id":"xd_83","layout":"large","surface":"subreddit_listing","unitName":"best_of_community","unitType":"subreddit_listing","url":"/r/%{subredditName}/top.json"},"xd_88":{"enabled":true,"id":"xd_88","layout":"large","surface":"front_page","title":"Similar communities to %{subredditName}","unitName":"chaining_similar_subreddits_posts","unitType":"listing"},"xd_89":{"enabled":true,"id":"xd_89","layout":"large","surface":"front_page","title":"Mildy similar posts","unitName":"chaining_similar_posts","unitType":"listing"},"xd_90":{"enabled":true,"id":"xd_90","layout":"large","surface":"comments","title":"Posts in subreddit %{subredditName}","unitName":"posts_in_subreddit_vertical","unitType":"listing"},"xd_91":{"enabled":true,"id":"xd_91","layout":"large","surface":"comments","title":"Posts in recommended home","unitName":"posts_in_rec_home","unitType":"listing"}},"nameToId":{"posts_in_category_rails_hero":"xd_66","posts_in_subreddit_hero":"xd_67","posts_in_category_rails_small":"xd_68","posts_in_subreddit_small":"xd_69","search_posts":"xd_70","search_subreddits":"xd_71","community_banner_posts":"xd_72","best_of_community":"xd_83","chaining_similar_subreddits_posts":"xd_88","chaining_similar_posts":"xd_89","posts_in_subreddit_vertical":"xd_90","posts_in_rec_home":"xd_91"}},"economics":{"currentBadgeManagementScreen":{"badgeType":"cosmetic","view":"gallery"},"currentModalArgs":null,"currentPaymentTarget":null,"emotes":{},"ftue":{"tippingHighlightViewed":null,"topTippersViewed":null},"paymentSystems":{"status":2},"specialMemberships":{"allSubscriptionsFetched":false,"data":{}},"subredditPremium":{},"tipDetails":{}},"emojis":{"api":{"list":{"pending":{}}},"models":{}},"externalAccount":{"api":{"connect":{"error":{},"pending":{}},"disconnect":{"error":{},"pending":{}},"user":{"error":{},"pending":{}},"subreddit":{"error":{},"fetched":{},"pending":{}}},"user":{},"subreddit":{}},"featureFlags":{"overrides":{"introModal":null,"markdownMode":null,"modQueue":null,"spBadges":null,"spCommunityTipJar":null,"spEmotes":null,"spFavoriteCreators":null,"spGovPolls":null,"spHarberger":null,"spLeaderboard":null,"spLoadtest":null,"spPoints":null,"spPolls":null,"spPremium":null,"spPremiumSubscriptions":null,"spPremiumUpsells":null,"spPublicPoints":null,"spSpinoffs":null,"spSupport":null,"spTopTippers":null,"communityTopics":null,"adminCommunityTopics":null,"events":null,"collections":null,"rteVideoPoster":null,"userSeenSubredditChatFtux":null,"userInChat":null,"userInSubredditChat":null,"userInChatUserSettings":null,"devAndStagingWatermark":null,"fpsMeter":null,"rabbitHole":null,"measureScrollFPS":null,"showVerboseErrors":null,"uappBanner":null,"canProxyGild":null,"experiments":null,"enableGraphQl":null,"importExportThemes":null,"flairRestrictions":null,"spezModal":null,"superbOwl":null,"enableShadowMode":null,"useGraphQLInFrontpage":null,"wikiEditing":null,"pushNotificationsBrowserSupported":null,"enableCrowdControlMode":null,"customFeeds":null,"snoovatar30":null,"isEmailPermissionRequired":null,"__requiredDoNotRemove":null}},"flairedUsers":{"api":{"error":null,"pending":false},"models":{},"pageInfo":{},"search":{"api":{"error":null,"pending":false},"result":null},"userOrder":{}},"fontFiles":[{"family":"IBMPlexSans","weight":700,"style":"normal","woffUrl":"fonts/IBMPlexSans/Bold-c34ba754b7235b49d33b294ff7a54179.woff","woff2Url":"fonts/IBMPlexSans/Bold-875de5047556e7c822519d95d7ee692d.woff2"},{"family":"IBMPlexSans","weight":500,"style":"normal","woffUrl":"fonts/IBMPlexSans/Medium-1051a531d3e1ee3483a6533158557139.woff","woff2Url":"fonts/IBMPlexSans/Medium-c4b185e25a4dde85a29f902cd5ce5360.woff2"},{"family":"IBMPlexSans","weight":400,"style":"normal","woffUrl":"fonts/IBMPlexSans/Regular-e6bbcdd30d3bd4d6b170bcb6d3552cab.woff","woff2Url":"fonts/IBMPlexSans/Regular-116bb6d508f5307861d3b1269bc597e7.woff2"},{"family":"Noto Mono","weight":400,"style":"normal","woffUrl":"fonts/NotoMono/Regular-e6bbcdd30d3bd4d6b170bcb6d3552cab.woff","woff2Url":"fonts/NotoMono/Regular-b16bb0524a7e7ee597970333c0c67180.woff2"},{"family":"Noto Mono","weight":400,"style":"normal","woffUrl":"fonts/NotoMono/el-Regular-06ee3f893717454d11a16c3e8d0aa9f9.woff","woff2Url":"fonts/NotoMono/el-Regular-29d72243d2cd6145b28bcb80dc33f0e4.woff2"},{"family":"Noto Sans","weight":700,"style":"italic","woffUrl":"fonts/NotoSans/Bold-Italic-255b4934a1f414dd312aa89382d65114.woff","woff2Url":"fonts/NotoSans/Bold-Italic-be39cd37f002d25d500c67b88871bed4.woff2"},{"family":"Noto Sans","weight":700,"style":"normal","woffUrl":"fonts/NotoSans/Bold-c34ba754b7235b49d33b294ff7a54179.woff","woff2Url":"fonts/NotoSans/Bold-d4ba4ecba17e90993f442f7bb082a3a2.woff2"},{"family":"Noto Sans","weight":400,"style":"normal","woffUrl":"fonts/NotoSans/Regular-e6bbcdd30d3bd4d6b170bcb6d3552cab.woff","woff2Url":"fonts/NotoSans/Regular-d6a6aa8dc0f93416a832ea04a18c6fb8.woff2"},{"family":"Noto Sans","weight":700,"style":"italic","woffUrl":"fonts/OldNotoSans/Bold-Italic-255b4934a1f414dd312aa89382d65114.woff","woff2Url":"fonts/OldNotoSans/Bold-Italic-5a241c76c24e463ef9bcc5855d20209b.woff2"},{"family":"Noto Sans","weight":700,"style":"normal","woffUrl":"fonts/OldNotoSans/Bold-c34ba754b7235b49d33b294ff7a54179.woff","woff2Url":"fonts/OldNotoSans/Bold-b85bf848c28799f5ad34ee29db68051c.woff2"},{"family":"Noto Sans","weight":400,"style":"normal","woffUrl":"fonts/OldNotoSans/Regular-e6bbcdd30d3bd4d6b170bcb6d3552cab.woff","woff2Url":"fonts/OldNotoSans/Regular-e50c34178d20d5fa4ab3c1f6c67901a9.woff2"}],"gild":{"api":{"error":null,"pending":false,"showLoader":false},"gildModalThingId":null,"includeMessage":false,"isAnonymous":false,"isIframed":false,"message":"","selectedAward":{"awardType":"GLOBAL","coinPrice":500,"coinReward":100,"description":"","daysOfDripExtension":0,"icon":{"url":"https://www.redditstatic.com/desktop2x/img/gold/badges/award-gold-medium.png?v=2"},"id":"gid_2","isEnabled":true,"name":"Gold","daysOfPremium":7}},"goldPurchase":{"coinPurchaseModal":{"activePage":"selectPayment","gildThingId":null,"purchasePackage":null,"showModal":false},"payment":{"cardName":"","cardValidation":{"cardCvc":"","cardExpiry":"","cardNumber":"","nameOnCard":"","postalCode":""},"paymentMethod":"paypal","paypal":{"errorMessage":null,"passthrough":""},"rememberCard":true,"savedCards":[],"savedCardsPending":false,"stripeToken":{"errorMessage":null,"pending":false},"useSavedCard":null},"premiumPurchaseModal":{"activePage":"selectPayment","showModal":false},"updateCardModal":{"pending":false}},"header":{"isSubscriptionsDropdownOpen":false},"imageUploads":{},"isEmailVerificationTooltipShowing":true,"isModeratorWithPostPerms":false,"jsApi":[],"leaderboard":{"api":{"error":{},"pending":{}},"dateRangeSelection":{},"models":{}},"listings":{"activeKey":"","listingOrder":{"api":{"error":{},"pending":{}},"identifiers":{},"ids":{},"fetchedTokens":{},"loadMore":{}},"postOrder":{"api":{"error":{},"pending":{}},"endMarkers":{},"fetchedTokens":{},"ids":{},"listingSort":{},"loadMore":{}}},"live":{"featured":null,"isFrontpageLoaded":false},"mediaPlayback":{"isMuted":true,"volume":1},"meta":{"isBot":false,"isSessionSeo":false,"userAgent":"Mozilla/5.0 (Windows NT 10.0; Win64; x64) AppleWebKit/537.36 (KHTML, like Gecko) Chrome/75.0.3770.142 Safari/537.36","country":"US","domain":"www.reddit.com","protocol":"https","sessionReferrerDomain":"","method":"GET","pageloadServerTime":1564651802163},"moderatingSubreddits":{},"moderationLog":{"actions":{"itemOrder":{},"models":{}},"endCursor":null,"hasNextPage":{},"hasPreviousPage":{},"moderators":[],"startCursor":null},"moderators":{"editableModerators":{},"editableUserOrder":{"data":{},"api":{"error":{},"pending":{}}},"invitedModerators":{"api":{"error":null,"pending":false},"models":{},"userOrder":{}},"invitePending":{},"loadMoreModerators":{},"loadMoreEditableModerators":{},"models":{},"search":{"api":{"error":null,"pending":false},"result":null},"userOrder":{"data":{},"api":{"error":{},"pending":{}}}},"modListingPage":{"filteredSubreddits":{"api":{"error":null,"pending":false},"names":[]}},"modModeEnabled":true,"modQueue":{"bulkAction":{"api":{"error":null,"pending":false},"selectedItems":{},"undoLastAction":{}},"edited":{"api":{"error":null,"pending":false},"itemOrder":{},"loadMore":{}},"moderatedCommunitiesOrder":{"after":null,"data":[],"loaded":false,"pending":false},"modqueue":{"api":{"error":null,"pending":false},"itemOrder":{},"loadMore":{}},"reports":{"api":{"error":null,"pending":false},"itemOrder":{},"loadMore":{}},"spam":{"api":{"error":null,"pending":false},"itemOrder":{},"loadMore":{}},"unmoderated":{"api":{"error":null,"pending":false},"itemOrder":{},"loadMore":{}}},"moreComments":{"api":{"error":{},"pending":{}},"models":{}},"multireddits":{"api":{"addSubreddit":{"error":null,"fetched":false,"pending":null},"create":{"error":null,"fetched":false,"pending":false},"deleteMulti":{"error":null,"fetched":false,"pending":false},"duplicate":{"error":null,"fetched":false,"pending":false},"edit":{"error":null,"fetched":false,"pending":false},"forUser":{"fetched":false,"pending":false},"recommendations":{"error":null,"fetched":false,"pending":true},"removeSubreddit":{"error":null,"fetched":false,"pending":null}},"byUserId":{},"models":{},"recommendations":{}},"muted":{"api":{"error":null,"pending":{}},"fetchedTokens":{},"inContext":null,"loadMore":{},"models":{},"search":{"api":{"error":null,"pending":false},"result":null},"userOrder":{}},"notificationBannerId":null,"nps":{"pending":false,"success":false},"oldSiteRules":[],"originalContent":{"bestPosts":{"api":{"error":{},"pending":{}}},"categories":{"api":{"error":null,"pending":false},"models":{}},"topCommunities":{"api":{"error":{},"pending":{}}},"topCreators":{"api":{"error":{},"pending":{}}}},"partnerSubredditConnection":{"api":{"page":{"error":{},"fetched":{},"pending":{}}}},"platform":{"allowNavigationCallback":null,"currentPage":{"key":"/r/vmware/comments/86kywt/horizon_74_unknown_missing_instant_clones/","meta":{"name":"comments"},"queryParams":{},"routeMatch":{"match":{"path":"/:routePrefix(r)/:subredditName/comments/:partialPostId/:urlSafePostTitle?","url":"/r/vmware/comments/86kywt/horizon_74_unknown_missing_instant_clones/","isExact":true,"params":{"routePrefix":"r","subredditName":"vmware","partialPostId":"86kywt","urlSafePostTitle":"horizon_74_unknown_missing_instant_clones"},"queryParams":{}},"route":{"path":"/:routePrefix(r)/:subredditName/comments/:partialPostId/:urlSafePostTitle?","chunk":"CommentsPage","exact":true,"meta":{"name":"comments"},"prefetches":["Frontpage","Subreddit"]}},"status":200,"url":"/r/vmware/comments/86kywt/horizon_74_unknown_missing_instant_clones/","urlParams":{"routePrefix":"r","subredditName":"vmware","partialPostId":"86kywt","urlSafePostTitle":"horizon_74_unknown_missing_instant_clones"},"isRobotIndexable":true},"lastPage":null,"referrers":{},"sessionReferrer":null,"metas":{"/r/vmware/comments/86kywt/horizon_74_unknown_missing_instant_clones/":{"title":"Horizon 7.4 unknown (missing) instant clones : vmware"}}},"postCollection":{"models":{},"subredditToIds":{},"api":{"error":{"reorderError":null,"updateDescriptionError":null,"updateLayoutError":null},"pending":{"reorderPending":false,"updateDescriptionPending":false,"updateLayoutPending":false}}},"polls":{"api":{"voting":{"error":{},"pending":{}}},"models":{},"results":{"byLockedVotingPower":{},"byVoters":{},"byVotingPower":{}},"rewards":{}},"postFlair":{"t5_2qnan":{"displaySettings":{"position":null,"isEnabled":false},"permissions":{"canAssignOwn":false},"templateIds":[],"templates":{}}},"posts":{"bestOCPosts":{},"chained":{"dismissed":false,"dismissedIdToListingKey":{},"idToListingKey":{}},"embedAndImage":{"loadable":{}},"expanded":{},"focus":null,"instances":{},"metaMap":{},"models":{"t3_86kywt":{"domain":"self.vmware","isCrosspostable":false,"isMeta":false,"isStickied":false,"domainOverride":null,"callToAction":null,"eventsOnRender":[],"isScoreHidden":false,"saved":false,"numComments":4,"upvoteRatio":1,"author":"namo442","postCategories":null,"media":{"obfuscated":null,"richtextContent":{"document":[{"c":[{"e":"text","t":"Anyone having  issues where  new instant clones are going unknown (missing)? The new desktops are in vcenter but not available in horizon. Restarting the connection will make the available, but this keeps happening after a couple of hours."}],"e":"par"},{"c":[{"e":"text","t":"Horizon 7.4 VXrail 4.5 with external vcenter NSX"}],"e":"par"}]},"type":"rtjson","rteMode":"richtext","mediaMetadata":null},"numCrossposts":0,"isSponsored":false,"id":"t3_86kywt","contentCategories":null,"source":null,"isLocked":false,"score":1,"isSpoiler":false,"isArchived":true,"contestMode":false,"liveCommentsWebsocket":"wss://ws-05b875714591d37f6.wss.redditmedia.com/link/86kywt?m=AQAAmgJEXYNXob0pnU-dY2s2U-NYL_GI35lwUiAzbfPhWdFPnbL9","thumbnail":{"url":"self","width":null,"height":null},"belongsTo":{"type":"subreddit","id":"t5_2qnan"},"crosspostRootId":null,"crosspostParentId":null,"sendReplies":true,"goldCount":0,"gildings":null,"authorId":"t2_14vj31","isNSFW":false,"isMediaOnly":false,"postId":"t3_86kywt","suggestedSort":null,"hidden":false,"viewCount":0,"permalink":"https://www.reddit.com/r/vmware/comments/86kywt/horizon_74_unknown_missing_instant_clones/","created":1521814757000,"title":"Horizon 7.4 unknown (missing) instant clones","events":[],"isOriginalContent":false,"distinguishType":null,"discussionType":null,"voteState":0,"flair":[],"isBlank":false,"numDuplicates":0}},"recent":[],"video":{"autoPlayed":{},"buffering":{},"consumed":{},"continuousViewStartedAt":{},"fullscreen":null,"loadable":{},"loadTimes":{},"metadata":{},"paused":{},"playing":{},"started":{},"time":{}}},"postStickiedComments":{"data":{}},"givePremium":{"api":{"error":null,"pending":false},"givePremiumModalAccountName":""},"products":{"api":{"fetch":{"error":{},"pending":{}},"purchase":{"error":{},"pending":{}}},"currentlyPurchasing":null,"models":{}},"profileCommentsPage":{"api":{"error":{},"pending":{}},"endMarkers":{},"fetchedTokens":{},"commentIds":{},"loadMore":{}},"profilePrivatePage":{"api":{"error":{},"pending":{}},"ids":{},"pageInfo":{}},"profileModSettingsPage":{"api":{"pending":true}},"profileOverviewPage":{"chrono":{"api":{"error":{},"pending":{}},"fetchedTokens":{},"ids":{},"loadMore":{}},"conversations":{"api":{"error":{},"pending":{}},"extraComments":{"api":{"error":{},"pending":{}},"models":{}},"keyToCommentThreadLinkSets":{},"keyToHeadCommentId":{},"keyToPostId":{}}},"profilePostsPage":{},"profiles":{"about":{},"models":{},"moderated":{"api":{"pending":{}},"models":{},"pageInfo":{}},"multireddits":{"api":{"pending":{}},"pageInfo":{}},"pinnedPosts":{"data":{},"initialData":{},"pending":{}},"trophyCases":{}},"providerFlair":{"models":{"t5_2qnan":{"jo_strasser":null,"namo442":null,"cgabhane":null}}},"promos":{"mobilePromoBanner":false,"upsellSignUpBannerLarge":false,"upsellSignUpBannerMedium":false,"upsellSignUpBannerSmall":null},"recommendations":{},"removalReasons":{"api":{"error":null,"pending":false},"models":{},"reasonOrder":{},"removedItemIds":null},"reportFlow":{"api":{"error":{},"pending":{},"success":{}},"openedFromModalPage":false,"postOrCommentId":null,"userIsMod":false},"reportPage":{"reportPageApi":{"error":null,"pending":false,"success":false},"reportPageRules":[]},"requestHost":"www.reddit.com","runTimeEnvVars":{"staging":false,"startTimeInMillis":1564651204041},"search":{"relatedQueries":{},"searchQuery":null,"typeahead":{"idsByQuery":{},"models":{}},"viewTreatment":{}},"searchDiscoveryUnits":{"headerContent":{},"models":{},"order":{}},"seo":{"crawler":null,"linksModule":{}},"shortcuts":{"activeCommentId":null,"activePostId":"t3_86kywt","namespace":"CommentPage"},"sidebarPromotedPosts":{"firstFetch":false,"models":{}},"sitewideRules":[],"structuredStyles":{"draft":{},"exportStyles":{"error":null,"pending":false},"flairTemplate":{"models":{}},"imagePreviews":{},"isBladeEditorDirty":false,"isEditing":null,"models":{"t5_2qnan":{"menuBackgroundBlur":null,"menuLinkColorInactive":null,"menuLinkColorHover":null,"bannerCommunityNameFormat":null,"postUpvoteIconInactive":null,"highlightColor":null,"menuBackgroundOpacity":null,"postUpvoteCountColor":null,"bannerHeight":null,"postBackgroundColor":null,"mobileBannerImage":null,"bannerOverlayColor":null,"bannerCommunityName":null,"postDownvoteIconActive":null,"postUpvoteIconActive":null,"menuBackgroundColor":null,"postBackgroundImagePosition":null,"backgroundImage":null,"bannerBackgroundImagePosition":null,"backgroundColor":null,"submenuBackgroundStyle":null,"backgroundImagePosition":null,"bannerShowCommunityIcon":null,"bannerBackgroundColor":null,"submenuBackgroundColor":null,"sidebarWidgetHeaderColor":null,"bannerPositionedImagePosition":null,"bannerBackgroundImage":null,"postDownvoteCountColor":null,"postPlaceholderImagePosition":null,"postDownvoteIconInactive":null,"primaryColor":null,"sidebarWidgetBackgroundColor":null,"mobileKeyColor":null,"menuPosition":null,"postVoteIcons":null,"menuLinkColorActive":null,"bannerPositionedImage":null,"secondaryBannerPositionedImage":null,"menuBackgroundImage":null,"postBackgroundImage":null,"postPlaceholderImage":null,"communityIcon":null,"postTitleColor":null}}},"stylesheets":"https://www.redditstatic.com/desktop2x/chunkCSS/Reddit.44c4e6e827a82a16994e.css","subredditAutocomplete":{"api":{"error":{},"pending":{}},"models":{}},"subredditChannels":{"api":{"error":{},"pending":{},"whitelist":{}},"models":{},"selected":null},"subreddits":{"about":{"t5_2qnan":{"contentCategory":"","publicDescription":"The un-official VMware Reddit.","hasExternalAccount":false,"userIsSubscriber":null,"accountsActive":195,"advertiserCategory":"","allOriginalContent":false,"restrictCommenting":false,"showMedia":true,"restrictPosting":true,"subscribers":75049,"allowedPostTypes":{"images":true,"text":true,"videos":true,"links":true,"spoilers":true},"usingNewModmail":false,"emojisEnabled":false,"disableContributorRequests":false,"userIsContributor":null,"originalContentTagEnabled":false}},"api":{"about":{"error":{},"pending":false},"connectToPartner":{"error":null,"lastConnectedSubredditId":null,"pending":false},"create":{"error":{"apiError":null},"lastCreatedSubredditId":null,"pending":false},"rankings":{"error":null,"pending":false},"rules":false,"similar":{"pending":{}},"topContent":{"error":{},"pending":{}},"wiki":{"error":{},"pending":{}}},"appliedFilters":{"meta":{}},"byCategory":{},"communityInfo":{},"crosspostable":{"api":{"errors":null,"pending":false},"ids":{}},"duplicates":{"models":{}},"gov":{"assets":{},"communityJar":{},"distributions":{},"meta":{},"releaseNotes":{}},"models":{"t5_2qnan":{"whitelistStatus":"all_ads","isNSFW":false,"subscribers":75049,"primaryColor":"","id":"t5_2qnan","icon":{"url":"https://b.thumbs.redditmedia.com/TmmDGDmuqkyMuX0K6W07_d8xprk-a38Jozp1ad82k7w.png","width":256,"height":256},"isQuarantined":false,"name":"vmware","title":"VMware: virtually anything is possible","url":"/r/vmware/","wls":6,"freeFormReports":true,"displayText":"r/vmware","type":"public","communityIcon":""}},"moderated":{"api":{"errors":null,"fetched":false,"pending":false},"order":null},"original":[],"products":{},"rankings":{},"rankingsPageInfo":{},"rules":{},"settings":{},"similar":{},"subredditWiki":{"diff":{},"directory":{},"pages":{},"pageSettings":{},"revisions":{"api":{"error":{},"pending":{}},"listings":{},"models":{}}},"top":{},"topContent":{},"trending":[]},"subredditSettings":{"postRequirements":{"formState":{"isLoading":true,"isSaving":false,"hasFormError":false,"serverError":null,"titleStrings":{"isToggled":false,"strings":[]},"titleRegEx":{"isToggled":false,"regex":[]},"titleLength":{"isToggled":false,"min":null,"max":null},"postLength":{"isToggled":false,"min":null,"max":null},"postingGuidelines":{"requirement":"none","guidelines":null},"postBodyRequirement":"none","linkListPermission":"none","linkDomain":{"whitelist":[],"blacklist":[]},"reposts":{"isToggled":false,"days":null},"flair":{"isToggled":false}},"formErrors":{"titleRegEx":{"regex":null},"titleStrings":{"strings":null},"titleLength":{"min":null,"max":null},"postLength":{"min":null,"max":null},"postingGuidelines":{"guidelines":null},"postBodyRequirement":{"requirement":null},"linkListPermission":{"permission":null},"linkDomain":{"whitelist":null,"blacklist":null},"reposts":{"days":null}},"initialData":null},"requirementsBySubreddit":{}},"subredditStickyPosts":{"data":{}},"subscriptions":{"api":{"errors":null,"fetched":false,"pending":false},"favoriteMultiOrder":[],"favoriteProfileOrder":[],"favoriteSubredditOrder":[],"multiredditOrder":[],"profileOrder":[],"subredditOrder":[]},"tags":{"api":{"create":{"pending":false,"error":false},"deleteTag":{"pending":false,"error":false},"fetch":{"pending":false,"error":false},"update":{"pending":false,"error":false}},"availableGlobalTagOrder":{"global":[],"recommendedGlobal":[]},"models":{"globalSubredditTags":{},"subredditScopedTags":{},"itemTags":{},"suggestedItemTags":{},"sortedItemTags":{}},"selected":{"selectedOptions":{},"selectedSuggestedOptions":{},"deselectedOptions":{},"deselectedSuggestedOptions":{},"inputByItemId":{},"suggestedInputByItemId":{}}},"themes":{},"toaster":[],"tooltipId":null,"tracking":{"viewportDataLoaded":{}},"trafficStats":{"pending":false,"trafficStats":null},"transfers":{"communityPoints":{"api":{"error":null,"pending":false},"contentId":null,"initialRecipient":""}},"trending":{"models":[]},"trophies":{},"uploads":{},"user":{"account":null,"accountSettings":{"changeEmail":{"api":{"error":null,"pending":false}},"resetPassword":{"api":{"pending":false}},"sendResetEmail":{"api":{"pending":false,"emailSent":false}}},"blocked":{"api":{},"data":[]},"chatSettings":{"invitePolicy":"Everyone"},"drafts":null,"experiments":{"models":[{"id":207,"name":"android_email_digest_copy","variant":"treatment_1","version":"8"},{"id":328,"name":"android_graphql_all_feed_5","variant":"enabled","version":"1"},{"id":326,"name":"android_graphql_popular_feed_6","variant":"control_1","version":"1"},{"id":184,"name":"android_max_video_bitrate","variant":"2_0_mbps","version":"4"},{"id":62,"name":"best_sort_explore_batch","variant":"best_sort_explore_enabled","version":"5"},{"id":196,"name":"channels_subscriber_limit","variant":"limit_10","version":"7"},{"id":206,"name":"chat_posts_android_2","variant":"chat_view","version":"4"},{"id":210,"name":"chat_posts_android_2_features","variant":"true","version":"7"},{"id":127,"name":"d2x_graphql_home_feed","variant":"gql_home_feed","version":"21"},{"id":69,"name":"desktop_seo_post_test_v1","variant":"listing_on_bottom","version":"10"},{"id":164,"name":"desktop_seo_post_v2_truncate","variant":"both","version":"3"},{"id":58,"name":"dn_perms_current_pre_prompt","variant":"dark_system_dialogue","version":"9"},{"id":263,"name":"email_collection_v1","variant":"modal","version":"6"},{"id":226,"name":"email_digest_frequency","variant":"once_per_week","version":"4"},{"id":201,"name":"email_digest_holdout","variant":"disabled","version":"3"},{"id":177,"name":"email_permissions","variant":"treatment_1","version":"5"},{"id":106,"name":"email_verification_banner","variant":"tooltip","version":"3"},{"id":285,"name":"hide_best_of_community","variant":"enabled","version":"2"},{"id":265,"name":"ios_email_permissions","variant":"treatment_1","version":"4"},{"id":310,"name":"ios_graphql_home_feed_3","variant":"enabled","version":"1"},{"id":311,"name":"ios_graphql_popular_feed_2","variant":"enabled","version":"1"},{"id":325,"name":"ios_graphql_post_feeds_1","variant":"enabled","version":"1"},{"id":245,"name":"ios_post_collections_v2","variant":"enabled","version":"1"},{"id":315,"name":"ios_screenshot_share","variant":"control_1","version":"2"},{"id":72,"name":"ios_wkwebview_youtube_rollout","variant":"enabled","version":"5"},{"id":86,"name":"jerome_test","variant":"0_3_50_unmetered","version":"12"},{"id":50,"name":"lnl_vs_best_vs_explore_exploit","variant":"best_sort","version":"33"},{"id":57,"name":"logged_in_transactional_dn_test","variant":"treatment","version":"5"},{"id":98,"name":"logged_in_trending_dns_2","variant":"trending_only","version":"5"},{"id":137,"name":"logged_out_pn_personalization","variant":"expanded_best_sort_tos","version":"15"},{"id":104,"name":"logged_out_trending_dns","variant":"enabled","version":"9"},{"id":155,"name":"logged_out_weighted_tos_notification","variant":"best_sort_tos_boosting_5","version":"7"},{"id":257,"name":"low_karma_rate_limit","variant":"control_1","version":"4"},{"id":120,"name":"manual_sr_recommendations","variant":"direct_tos","version":"5"},{"id":194,"name":"meta_features","variant":"true","version":"3"},{"id":212,"name":"new_media_transitions","variant":"enabled","version":"3"},{"id":90,"name":"non_personalized_notification_frequency","variant":"control_1","version":"8"},{"id":158,"name":"pn_sub_fallback","variant":"best_sort_fallback","version":"4"},{"id":140,"name":"post_view_consume_killswitch","variant":"false","version":"2"},{"id":79,"name":"rails_search_results_redesign","variant":"treatment_1","version":"9"},{"id":169,"name":"redesign_feed_chaining_logged_in","variant":"factorization_similar","version":"14"},{"id":170,"name":"redesign_feed_chaining_logged_out","variant":"factorization_similar","version":"15"},{"id":43,"name":"redesign_go_to_home","variant":"home_after_0","version":"7"},{"id":83,"name":"related_queries_rollout","variant":"active","version":"9"},{"id":329,"name":"subreddit_recommendation_tod","variant":"control_2","version":"1"},{"id":78,"name":"time_on_subreddit_push_notifications","variant":"expanded_best_sort","version":"12"},{"id":63,"name":"trending_dropdown_redesign","variant":"treatment_1","version":"9"},{"id":81,"name":"trending_entrypoint_redesign","variant":"treatment_1","version":"7"},{"id":153,"name":"weighted_random_tos_notification","variant":"best_sort_tos_boosting_5","version":"8"},{"id":119,"name":"work_manager_android","variant":"true","version":"6"}],"localPersisted":{},"overrides":{}},"features":{},"isCustomizeFlyoutShowing":false,"topContentDismissalPrefsSet":null,"language":"en","loggedOutData":{"accountCompleteness":{"collapsed":false,"step":"initial"},"dataLoaded":false,"feedMultiName":[],"homeFeed":{"similar":[],"topBanner":{"isClosed":false,"viewsCount":0},"views":["vmware"],"votes":{}},"isFrontpageHome":false,"postsCount":0,"tooltips":{"home_active":{},"subscribe_feed":{},"subscribe_id":{},"subscribe_reminder":{},"vote":{},"vote_reminder":{},"vote_success":{}},"views":{"count":{"beforeBanner":0,"total":1},"posts":["t3_86kywt"]},"votes":{"comments":{},"posts":{}}},"loid":{"blob":"Z0FBQUFBQmRRckVhX1BqMUdCRTFRdDhfZkcxdXpQMjk5Z1ZURWwzOGZGUWhvTUhEV3NQZnJ5VkppMFhueVZmeWtsT0lhWHZxaVFPalFzbzlRNHdHSnItZEZKZ2hsMzBJcHl5dGRCY0JkS1hxQnRDU29KUGV6M3BUbjVPU25HeThsbXlROVA1ZFdjblg","loid":"00000000004a29fzxl","loidCreated":"1564651802279","version":2},"notificationPrefs":{"api":{"getPreferences":{"error":null,"loaded":false,"pending":false},"setPreferences":{"error":null,"loaded":false,"pending":false}},"isPrePromptVisible":false,"preferences":{"chatMessages":false,"trendingPosts":false,"unreadMessages":false}},"ownedBadges":{},"prefs":{"allowClickTracking":false,"autoplayVideo":true,"collapsedTraySections":{"favorites":false,"multis":false,"moderating":false,"subscriptions":false,"profiles":false},"commentMode":"richtext","layout":"card","rememberCommunityLayout":false,"defaultCommentSort":"confidence","editorMode":"richtext","featuresViewedHistory":{"commentForm":{"markdownModeNotification":false}},"globalTheme":"REDDIT","hasSeenCustomizeFlyout":true,"hideNSFW":true,"ignoreSuggestedSort":false,"labelNSFW":true,"markMessagesRead":true,"nightmode":false,"openPostInNewTab":false,"over18":false,"showActiveCommunities":true,"showTwitter":false,"sort":"hot","stylesEnabled":true,"subreddit":{},"topContentDismissalTime":0,"topContentTimesDismissed":0,"rememberCommunitySort":false,"useMarkdown":false},"reddaid":"","session":{"accessToken":"-y1f45g0PYkAwHHPkukcBJzDbkZo","expires":"2019-08-01T10:30:02.282Z","expiresIn":3600,"unsafeLoggedOut":true,"safe":true},"sessionRefreshFailed":false,"sessionTracker":"RzjiUTDxJd6m5qLa6b.0.1564651802477.Z0FBQUFBQmRRckVhekFBN3FCLXRGdkVBalp6RzVsb1pRTmJJMksxUXc2eUJraDEtRG1vT0dnSFB6eEVZYmVQZGYtYm92Q2lTSXJ1UkZlS0hvVThva1oweE4zQTFTM2ZZa0VqcDlTYWxMeHFURlIySUpvRV9ZZzYyTjY3bEtld0hSREVudlNNOVBiR0I","shuffledCategories":["travel","sports","fashion","relationships","videoGames","vroom","funny","tv","memes","writing","food","tech","outdoors","entertainment","photography","news","gaming","advice","music","science","videos","picsAndGifs","dIY","electronics","health","art","animals"],"temporaryGQL":{"isEmployee":null,"isLoggedIn":false},"wallets":{},"whitelist":{"api":{},"data":[]}},"userFlair":{"t5_2qnan":{"applied":null,"templates":{},"templateIds":[],"displaySettings":{"position":"right","isEnabled":true,"isUserEnabled":false},"permissions":{"canUserChange":false,"canAssignOwn":false}}},"users":{"api":{"error":{},"pending":false},"appliedBadges":{},"models":{},"nameAvailable":{},"publicWallets":{},"topOCCreators":{}},"widgets":{"idCardIds":{"t5_2qnan":"widget_id-card-2qnan"},"menuIds":{},"models":{"widget_id-card-2qnan":{"styles":{"headerColor":null,"backgroundColor":null},"kind":"id-card","description":"The un-official VMware Reddit.","id":"widget_id-card-2qnan","currentlyViewingCount":195,"currentlyViewingText":"","subscribersCount":75049,"subscribersText":"","shortName":"Community Details"},"widget_moderators-2qnan":{"styles":{"headerColor":null,"backgroundColor":null},"kind":"moderators","mods":[{"name":"jakobjs","authorFlairType":"text","authorFlairTextColor":"dark","authorFlairBackgroundColor":"","authorFlairRichText":[],"authorFlairText":null},{"name":"VMwareTech","authorFlairType":"text","authorFlairTextColor":"dark","authorFlairBackgroundColor":"","authorFlairRichText":[],"authorFlairText":"[VCIX]"},{"name":"wazoo9000","authorFlairType":"text","authorFlairTextColor":"dark","authorFlairBackgroundColor":"","authorFlairRichText":[],"authorFlairText":"[VCAP]"},{"name":"cloud_dizzle","authorFlairType":"text","authorFlairTextColor":"dark","authorFlairBackgroundColor":"","authorFlairRichText":[],"authorFlairText":"[VCAP]"},{"name":"vDingus","authorFlairType":"text","authorFlairTextColor":"dark","authorFlairBackgroundColor":"","authorFlairRichText":[],"authorFlairText":"[VCDX-DCV]"},{"name":"vTimD","authorFlairType":"text","authorFlairTextColor":"dark","authorFlairBackgroundColor":"","authorFlairRichText":[],"authorFlairText":null},{"name":"shaunwhiteinc","authorFlairType":"text","authorFlairTextColor":"dark","authorFlairBackgroundColor":"","authorFlairRichText":[],"authorFlairText":"[VCIX6-NV]"},{"name":"virtualviking","authorFlairType":"text","authorFlairTextColor":"dark","authorFlairBackgroundColor":"","authorFlairRichText":[],"authorFlairText":"[VCIX]"},{"name":"lost_signal","authorFlairType":"text","authorFlairTextColor":"dark","authorFlairBackgroundColor":"","authorFlairRichText":[],"authorFlairText":"Too ESXY for his datacenter..."}],"totalMods":9,"id":"widget_moderators-2qnan"}},"moderatorIds":{"t5_2qnan":"widget_moderators-2qnan"},"sidebar":{"t5_2qnan":[]}}}