{"accountManagerModalData":{},"activeModalId":null,"ads":{},"apiRequestState":{},"approvedSubmitters":{"api":{"error":null,"pending":{}},"fetchedTokens":{},"loadMore":{},"models":{},"search":{"api":{"error":null,"pending":false},"result":null},"userOrder":{}},"authorFlair":{"inContext":null,"models":{"t5_gkgjv":{"scummins":null,"TotesMessenger":null,"r3mdh":null,"lakaio":null}}},"awards":{"blacklist":{},"create":{"api":{"error":null,"pending":false}},"manageable":{"api":{"error":null,"pending":{}},"order":{}},"models":{},"usable":{"api":{"error":null,"pending":{}},"order":{}}},"badges":{"api":{"subreddit":{"error":{},"pending":{}},"user":{"error":{},"pending":{}}},"models":{}},"banned":{"api":{"error":null,"pending":{}},"fetchedTokens":{},"inContext":null,"loadMore":{},"models":{},"search":{"api":{"error":null,"pending":false},"result":null},"userOrder":{}},"blockUser":{"api":{"error":{},"pending":{}}},"brandSafety":{"isViewSafe":true,"hasBrandSafetyBeenAssessed":false},"categories":{"api":{"list":{"error":null,"loaded":false,"pending":false},"subreddits":{"error":{},"loaded":{},"pending":{}}},"ids":[],"models":{},"nameToId":{}},"chat":{"isInited":false,"isUserSubredditChatEnabled":false,"subredditSettings":{"subredditId":null,"bannedWords":"","domains":"","rateLimit":-1,"regexes":[]},"promos":{"displaySubredditChatFtux":false},"unread":{"api":{"error":{"apiError":null},"pending":false},"count":{"basicChannelCount":0,"subredditChannelCount":0}}},"claimGold":{"api":{"error":null,"pending":false,"showLoader":false},"code":"","showModal":false},"comments":{"collapsed":{"commentsPage--[post:'t3_brdg2l']":{}},"drafts":{"replyToPost_t3_brdg2l":{"commentMode":"richtext","draftType":0,"hasFocus":false,"rteState":null,"text":""}},"focused":{},"hidden":{},"isEditing":{},"models":{"t1_eq2qc3k":{"editedAt":null,"isStickied":false,"isMod":false,"postAuthor":null,"isScoreHidden":false,"id":"t1_eq2qc3k","isDeleted":false,"author":"r3mdh","media":{"richtextContent":{"document":[{"c":[{"e":"text","t":"Thank you very, very much!!"}],"e":"par"}]},"type":"rtjson","rteMode":"richtext"},"isAdmin":false,"isOp":true,"isLocked":false,"score":1,"parentId":"t1_eq247ca","subredditId":"t5_gkgjv","collapsedReason":null,"collapsed":false,"sendReplies":true,"goldCount":0,"gildings":null,"authorId":"t2_rqoye","postId":"t3_brdg2l","permalink":"/r/vxrail/comments/brdg2l/rest_apis_for_vxrail/eq2qc3k/","created":1559742129,"postTitle":null,"distinguishType":null,"isSaved":false,"voteState":0,"deletedBy":null},"t1_eocoqe2":{"editedAt":null,"isStickied":false,"isMod":false,"postAuthor":null,"isScoreHidden":false,"id":"t1_eocoqe2","isDeleted":false,"author":"TotesMessenger","media":{"richtextContent":{"document":[{"c":[{"e":"text","t":"I'm a bot, bleep, bloop. Someone has linked to this thread from another place on reddit:","f":[[2,11,5],[2,18,5]]}],"e":"par"},{"c":[{"c":[{"c":[{"e":"text","t":"["},{"e":"r/","t":"vmware","l":true},{"e":"text","t":"] "},{"e":"link","u":"https://www.reddit.com/r/vmware/comments/brdkp6/rest_apis_for_vxrail/","t":"REST APIs for VxRail?"}],"e":"par"}],"e":"li"}],"e":"list","o":false},{"c":[{"e":"text","t":" If you follow any of the above links, please respect the rules of reddit and don't vote in the other threads. (","f":[[34,1,109],[2,110,1],[34,111,1]]},{"e":"link","u":"/r/TotesMessenger","t":"Info","f":[[34,0,4]]},{"e":"text","t":" / ^","f":[[2,0,1],[34,1,1],[2,2,2]]},{"e":"link","u":"/message/compose?to=/r/TotesMessenger","t":"Contact","f":[[2,0,7]]},{"e":"text","t":")","f":[[2,0,1]]}],"e":"par"}]},"type":"rtjson","rteMode":"richtext"},"isAdmin":false,"isOp":false,"isLocked":false,"score":1,"parentId":null,"subredditId":"t5_gkgjv","collapsedReason":null,"collapsed":false,"sendReplies":true,"goldCount":0,"gildings":null,"authorId":"t2_kq14w","postId":"t3_brdg2l","permalink":"/r/vxrail/comments/brdg2l/rest_apis_for_vxrail/eocoqe2/","created":1558461484,"postTitle":null,"distinguishType":null,"isSaved":false,"voteState":0,"deletedBy":null},"t1_eofgvvx":{"editedAt":null,"isStickied":false,"isMod":false,"postAuthor":null,"isScoreHidden":false,"id":"t1_eofgvvx","isDeleted":false,"author":"r3mdh","media":{"richtextContent":{"document":[{"c":[{"e":"text","t":"THANK YOU!"}],"e":"par"}]},"type":"rtjson","rteMode":"richtext"},"isAdmin":false,"isOp":true,"isLocked":false,"score":1,"parentId":"t1_eodooqe","subredditId":"t5_gkgjv","collapsedReason":null,"collapsed":false,"sendReplies":true,"goldCount":0,"gildings":null,"authorId":"t2_rqoye","postId":"t3_brdg2l","permalink":"/r/vxrail/comments/brdg2l/rest_apis_for_vxrail/eofgvvx/","created":1558534114,"postTitle":null,"distinguishType":null,"isSaved":false,"voteState":0,"deletedBy":null},"t1_eodooqe":{"editedAt":null,"isStickied":false,"isMod":false,"postAuthor":null,"isScoreHidden":false,"id":"t1_eodooqe","isDeleted":false,"author":"scummins","media":{"richtextContent":{"document":[{"c":[{"e":"text","t":"The VxRail API guide is on the Dell EMC support site (registration required) here: "},{"e":"link","u":"https://support.emc.com/docu91468_VxRail_Appliance_4.5.x_and_4.7.x_API_Guide.pdf?language=en_US\u0026source=Coveo","t":"https://support.emc.com/docu91468_VxRail_Appliance_4.5.x_and_4.7.x_API_Guide.pdf"}],"e":"par"}]},"type":"rtjson","rteMode":"richtext"},"isAdmin":false,"isOp":false,"isLocked":false,"score":4,"parentId":null,"subredditId":"t5_gkgjv","collapsedReason":null,"collapsed":false,"sendReplies":true,"goldCount":0,"gildings":null,"authorId":"t2_2qz7v","postId":"t3_brdg2l","permalink":"/r/vxrail/comments/brdg2l/rest_apis_for_vxrail/eodooqe/","created":1558477520,"postTitle":null,"distinguishType":null,"isSaved":false,"voteState":0,"deletedBy":null},"t1_eq247ca":{"editedAt":null,"isStickied":false,"isMod":false,"postAuthor":null,"isScoreHidden":false,"id":"t1_eq247ca","isDeleted":false,"author":"lakaio","media":{"richtextContent":{"document":[{"c":[{"e":"text","t":"Hi,"}],"e":"par"},{"c":[],"e":"par"},{"c":[{"e":"text","t":"I have some examples of how to use the VxRail Public REST API's on this Git repo:"}],"e":"par"},{"c":[{"e":"link","u":"https://github.com/nfonseca/vxrail-api","t":"https://github.com/nfonseca/vxrail-api"}],"e":"par"},{"c":[],"e":"par"},{"c":[{"e":"text","t":"You will find a collection of json bodies to build the request and also an experimental Python script that uses the VxRail API's to perform several tasks in one or in several clusters."}],"e":"par"},{"c":[{"e":"text","t":"The Python Script is not officially supported by DELL EMC. It was developed just to provide an example of how to integrate the VxRail APIs with Python."}],"e":"par"},{"c":[],"e":"par"},{"c":[{"e":"text","t":"Hope this helps you on your Digital Transformation journey using the best of the Automation features that VxRail offers."}],"e":"par"}]},"type":"rtjson","rteMode":"richtext"},"isAdmin":false,"isOp":false,"isLocked":false,"score":2,"parentId":null,"subredditId":"t5_gkgjv","collapsedReason":null,"collapsed":false,"sendReplies":true,"goldCount":0,"gildings":null,"authorId":"t2_2c6nflp","postId":"t3_brdg2l","permalink":"/r/vxrail/comments/brdg2l/rest_apis_for_vxrail/eq247ca/","created":1559727808,"postTitle":null,"distinguishType":null,"isSaved":false,"voteState":0,"deletedBy":null}},"replyFormOpen":{},"submit":{"error":{},"pending":{}},"visitHighlightFilter":"Last"},"commentsListTruncated":true,"commentsPage":{"api":{"error":{"commentsPage--[post:'t3_brdg2l']":null},"fullyLoaded":{"commentsPage--[post:'t3_brdg2l']":true},"pending":{"commentsPage--[post:'t3_brdg2l']":false}},"keyToChatCommentLinks":{"commentsPage--[post:'t3_brdg2l']":[{"id":"t1_eocoqe2","created":1558461484,"stickied":false},{"id":"t1_eodooqe","created":1558477520,"stickied":false},{"id":"t1_eofgvvx","created":1558534114,"stickied":false},{"id":"t1_eq247ca","created":1559727808,"stickied":false},{"id":"t1_eq2qc3k","created":1559742129,"stickied":false}]},"keyToCommentThreadLinkSets":{"commentsPage--[post:'t3_brdg2l']":{"t1_eq2qc3k":{"depth":1,"next":{"type":"continueThread","id":"continueThread-t1_eq2qc3k"},"prev":{"type":"comment","id":"t1_eq247ca"}},"t1_eocoqe2":{"depth":0,"next":null,"prev":{"type":"continueThread","id":"continueThread-t1_eq2qc3k"}},"t1_eofgvvx":{"depth":1,"next":{"type":"comment","id":"t1_eq247ca"},"prev":{"type":"comment","id":"t1_eodooqe"}},"t1_eodooqe":{"depth":0,"next":{"type":"comment","id":"t1_eofgvvx"},"prev":null},"t1_eq247ca":{"depth":0,"next":{"type":"comment","id":"t1_eq2qc3k"},"prev":{"type":"comment","id":"t1_eofgvvx"}},"continueThread-t1_eq2qc3k":{"depth":2,"next":{"type":"comment","id":"t1_eocoqe2"},"prev":{"type":"comment","id":"t1_eq2qc3k"}}}},"keyToHeadCommentId":{"commentsPage--[post:'t3_brdg2l']":"t1_eodooqe"},"keyToPostId":{"commentsPage--[post:'t3_brdg2l']":"t3_brdg2l"},"ads":[]},"contentGate":{},"continueThreads":{"models":{"continueThread-t1_eq2qc3k":{"postId":"t3_brdg2l","next":{"type":"comment","id":"t1_eocoqe2"},"depth":2,"parentId":"t1_eq2qc3k","prev":{"type":"comment","id":"t1_eq2qc3k"},"id":"continueThread-t1_eq2qc3k"}}},"creations":{"api":{"collection":{"createOrUpdate":{"error":null,"pending":false}},"draft":{"deleteDraft":{"error":{},"pending":{}},"listing":{"error":null,"pending":false},"save":{"error":{"apiError":null,"needsCaptcha":false,"validationError":null,"submitValidationError":null},"pending":false}},"editor":{"converting":{"pending":{}},"mediaUpload":{"error":null,"pending":false}},"page":{"error":{},"fetched":{},"pending":{}},"post":{"submit":{"error":{"apiError":null,"needsCaptcha":false,"validationError":null,"submitValidationError":null},"pending":false},"update":{"error":null,"pending":false}},"subreddit":{"change":{"error":null,"pending":false}}},"drafts":{},"formData":{"body":{"link":"","markdown":"","media":null,"rte":{"isBound":false,"editorKey":"f337b2","initialRTJSON":{"document":[]}}},"eventSchedule":null,"flair":null,"govType":null,"isChatPost":false,"isNSFW":false,"isOC":false,"isPoll":false,"isPublicLink":false,"isSpoiler":false,"newSubreddit":"","newTopMod":"","nextSubreddit":null,"ocCategory":null,"postToTwitter":false,"polls":null,"recaptcha":"","sendReplies":true,"submissionType":"post","title":""},"formState":{"fieldValidation":{"title":null,"body":null,"link":null,"flair":null},"isChanged":false,"modalId":null,"ocCategory":null,"submitMode":0},"postEditing":{"draft":{"markdown":"","rte":{"isBound":false,"editorKey":"07410c","initialRTJSON":{"document":[]}}},"editorMode":"richtext","postId":null}},"dashboard":{"selectedComponent":null,"subredditPending":false,"subredditLoaded":{}},"discoveryUnits":{"api":{"list":{"error":null,"loaded":true,"pending":false}},"models":{"xd_66":{"enabled":true,"id":"xd_66","layout":"large","parameters":{"sort":"hot"},"surface":"explore","unitName":"posts_in_category_rails_hero","unitType":"listing","url":"/api/posts_in_category.json"},"xd_67":{"enabled":true,"id":"xd_67","layout":"large","surface":"explore","unitName":"posts_in_subreddit_hero","unitType":"listing","url":"/r/%{subredditName}/hot.json"},"xd_68":{"enabled":true,"id":"xd_68","layout":"large","parameters":{"sort":"hot"},"surface":"explore","unitName":"posts_in_category_rails_small","unitType":"listing","url":"/api/posts_in_category.json"},"xd_69":{"enabled":true,"id":"xd_69","layout":"large","surface":"explore","unitName":"posts_in_subreddit_small","unitType":"listing","url":"/r/%{subredditName}/hot.json"},"xd_70":{"enabled":true,"id":"xd_70","layout":"large","surface":"search","unitName":"search_posts","unitType":"community_category","url":"/api/posts_in_category.json"},"xd_71":{"enabled":true,"id":"xd_71","layout":"large","surface":"search","unitName":"search_subreddits","unitType":"community_category","url":"/api/subreddits_in_category.json"},"xd_72":{"enabled":true,"id":"xd_72","layout":"large","surface":"subreddit_listing","unitName":"community_banner_posts","unitType":"subreddit_listing","url":"/r/%{subredditName}/top.json"},"xd_83":{"enabled":true,"id":"xd_83","layout":"large","surface":"subreddit_listing","unitName":"best_of_community","unitType":"subreddit_listing","url":"/r/%{subredditName}/top.json"},"xd_88":{"enabled":true,"id":"xd_88","layout":"large","surface":"front_page","title":"Similar communities to %{subredditName}","unitName":"chaining_similar_subreddits_posts","unitType":"listing"},"xd_89":{"enabled":true,"id":"xd_89","layout":"large","surface":"front_page","title":"Mildy similar posts","unitName":"chaining_similar_posts","unitType":"listing"},"xd_90":{"enabled":true,"id":"xd_90","layout":"large","surface":"comments","title":"Posts in subreddit %{subredditName}","unitName":"posts_in_subreddit_vertical","unitType":"listing"},"xd_91":{"enabled":true,"id":"xd_91","layout":"large","surface":"comments","title":"Posts in recommended home","unitName":"posts_in_rec_home","unitType":"listing"}},"nameToId":{"posts_in_category_rails_hero":"xd_66","posts_in_subreddit_hero":"xd_67","posts_in_category_rails_small":"xd_68","posts_in_subreddit_small":"xd_69","search_posts":"xd_70","search_subreddits":"xd_71","community_banner_posts":"xd_72","best_of_community":"xd_83","chaining_similar_subreddits_posts":"xd_88","chaining_similar_posts":"xd_89","posts_in_subreddit_vertical":"xd_90","posts_in_rec_home":"xd_91"}},"economics":{"currentBadgeManagementScreen":{"badgeType":"cosmetic","view":"gallery"},"currentModalArgs":null,"currentPaymentTarget":null,"emotes":{},"ftue":{"tippingHighlightViewed":null,"topTippersViewed":null},"paymentSystems":{"status":2},"specialMemberships":{"allSubscriptionsFetched":false,"data":{}},"subredditPremium":{},"tipDetails":{}},"emojis":{"api":{"list":{"pending":{}}},"models":{}},"externalAccount":{"api":{"connect":{"error":{},"pending":{}},"disconnect":{"error":{},"pending":{}},"user":{"error":{},"pending":{}},"subreddit":{"error":{},"fetched":{},"pending":{}}},"user":{},"subreddit":{}},"featureFlags":{"overrides":{"introModal":null,"markdownMode":null,"modQueue":null,"spBadges":null,"spCommunityTipJar":null,"spEmotes":null,"spFavoriteCreators":null,"spGovPolls":null,"spHarberger":null,"spLeaderboard":null,"spLoadtest":null,"spPoints":null,"spPolls":null,"spPremium":null,"spPremiumSubscriptions":null,"spPremiumUpsells":null,"spPublicPoints":null,"spSpinoffs":null,"spSupport":null,"spTopTippers":null,"communityTopics":null,"adminCommunityTopics":null,"events":null,"collections":null,"rteVideoPoster":null,"userSeenSubredditChatFtux":null,"userInChat":null,"userInSubredditChat":null,"userInChatUserSettings":null,"devAndStagingWatermark":null,"fpsMeter":null,"rabbitHole":null,"measureScrollFPS":null,"showVerboseErrors":null,"uappBanner":null,"canProxyGild":null,"experiments":null,"enableGraphQl":null,"importExportThemes":null,"flairRestrictions":null,"spezModal":null,"superbOwl":null,"enableShadowMode":null,"useGraphQLInFrontpage":null,"wikiEditing":null,"pushNotificationsBrowserSupported":null,"enableCrowdControlMode":null,"customFeeds":null,"snoovatar30":null,"isEmailPermissionRequired":null,"__requiredDoNotRemove":null}},"flairedUsers":{"api":{"error":null,"pending":false},"models":{},"pageInfo":{},"search":{"api":{"error":null,"pending":false},"result":null},"userOrder":{}},"fontFiles":[{"family":"IBMPlexSans","weight":700,"style":"normal","woffUrl":"fonts/IBMPlexSans/Bold-c34ba754b7235b49d33b294ff7a54179.woff","woff2Url":"fonts/IBMPlexSans/Bold-875de5047556e7c822519d95d7ee692d.woff2"},{"family":"IBMPlexSans","weight":500,"style":"normal","woffUrl":"fonts/IBMPlexSans/Medium-1051a531d3e1ee3483a6533158557139.woff","woff2Url":"fonts/IBMPlexSans/Medium-c4b185e25a4dde85a29f902cd5ce5360.woff2"},{"family":"IBMPlexSans","weight":400,"style":"normal","woffUrl":"fonts/IBMPlexSans/Regular-e6bbcdd30d3bd4d6b170bcb6d3552cab.woff","woff2Url":"fonts/IBMPlexSans/Regular-116bb6d508f5307861d3b1269bc597e7.woff2"},{"family":"Noto Mono","weight":400,"style":"normal","woffUrl":"fonts/NotoMono/Regular-e6bbcdd30d3bd4d6b170bcb6d3552cab.woff","woff2Url":"fonts/NotoMono/Regular-b16bb0524a7e7ee597970333c0c67180.woff2"},{"family":"Noto Mono","weight":400,"style":"normal","woffUrl":"fonts/NotoMono/el-Regular-06ee3f893717454d11a16c3e8d0aa9f9.woff","woff2Url":"fonts/NotoMono/el-Regular-29d72243d2cd6145b28bcb80dc33f0e4.woff2"},{"family":"Noto Sans","weight":700,"style":"italic","woffUrl":"fonts/NotoSans/Bold-Italic-255b4934a1f414dd312aa89382d65114.woff","woff2Url":"fonts/NotoSans/Bold-Italic-be39cd37f002d25d500c67b88871bed4.woff2"},{"family":"Noto Sans","weight":700,"style":"normal","woffUrl":"fonts/NotoSans/Bold-c34ba754b7235b49d33b294ff7a54179.woff","woff2Url":"fonts/NotoSans/Bold-d4ba4ecba17e90993f442f7bb082a3a2.woff2"},{"family":"Noto Sans","weight":400,"style":"normal","woffUrl":"fonts/NotoSans/Regular-e6bbcdd30d3bd4d6b170bcb6d3552cab.woff","woff2Url":"fonts/NotoSans/Regular-d6a6aa8dc0f93416a832ea04a18c6fb8.woff2"},{"family":"Noto Sans","weight":700,"style":"italic","woffUrl":"fonts/OldNotoSans/Bold-Italic-255b4934a1f414dd312aa89382d65114.woff","woff2Url":"fonts/OldNotoSans/Bold-Italic-5a241c76c24e463ef9bcc5855d20209b.woff2"},{"family":"Noto Sans","weight":700,"style":"normal","woffUrl":"fonts/OldNotoSans/Bold-c34ba754b7235b49d33b294ff7a54179.woff","woff2Url":"fonts/OldNotoSans/Bold-b85bf848c28799f5ad34ee29db68051c.woff2"},{"family":"Noto Sans","weight":400,"style":"normal","woffUrl":"fonts/OldNotoSans/Regular-e6bbcdd30d3bd4d6b170bcb6d3552cab.woff","woff2Url":"fonts/OldNotoSans/Regular-e50c34178d20d5fa4ab3c1f6c67901a9.woff2"}],"gild":{"api":{"error":null,"pending":false,"showLoader":false},"gildModalThingId":null,"includeMessage":false,"isAnonymous":false,"isIframed":false,"message":"","selectedAward":{"awardType":"GLOBAL","coinPrice":500,"coinReward":100,"description":"","daysOfDripExtension":0,"icon":{"url":"https://www.redditstatic.com/desktop2x/img/gold/badges/award-gold-medium.png?v=2"},"id":"gid_2","isEnabled":true,"name":"Gold","daysOfPremium":7}},"goldPurchase":{"coinPurchaseModal":{"activePage":"selectPayment","gildThingId":null,"purchasePackage":null,"showModal":false},"payment":{"cardName":"","cardValidation":{"cardCvc":"","cardExpiry":"","cardNumber":"","nameOnCard":"","postalCode":""},"paymentMethod":"paypal","paypal":{"errorMessage":null,"passthrough":""},"rememberCard":true,"savedCards":[],"savedCardsPending":false,"stripeToken":{"errorMessage":null,"pending":false},"useSavedCard":null},"premiumPurchaseModal":{"activePage":"selectPayment","showModal":false},"updateCardModal":{"pending":false}},"header":{"isSubscriptionsDropdownOpen":false},"imageUploads":{},"isEmailVerificationTooltipShowing":true,"isModeratorWithPostPerms":false,"jsApi":[],"leaderboard":{"api":{"error":{},"pending":{}},"dateRangeSelection":{},"models":{}},"listings":{"activeKey":"","listingOrder":{"api":{"error":{},"pending":{}},"identifiers":{},"ids":{},"fetchedTokens":{},"loadMore":{}},"postOrder":{"api":{"error":{},"pending":{}},"endMarkers":{},"fetchedTokens":{},"ids":{},"listingSort":{},"loadMore":{}}},"live":{"featured":null,"isFrontpageLoaded":false},"mediaPlayback":{"isMuted":true,"volume":1},"meta":{"isBot":false,"isSessionSeo":false,"userAgent":"Mozilla/5.0 (Windows NT 10.0; Win64; x64) AppleWebKit/537.36 (KHTML, like Gecko) Chrome/75.0.3770.142 Safari/537.36","country":"US","domain":"www.reddit.com","protocol":"https","sessionReferrerDomain":"","method":"GET","pageloadServerTime":1564651491387},"moderatingSubreddits":{},"moderationLog":{"actions":{"itemOrder":{},"models":{}},"endCursor":null,"hasNextPage":{},"hasPreviousPage":{},"moderators":[],"startCursor":null},"moderators":{"editableModerators":{},"editableUserOrder":{"data":{},"api":{"error":{},"pending":{}}},"invitedModerators":{"api":{"error":null,"pending":false},"models":{},"userOrder":{}},"invitePending":{},"loadMoreModerators":{},"loadMoreEditableModerators":{},"models":{},"search":{"api":{"error":null,"pending":false},"result":null},"userOrder":{"data":{},"api":{"error":{},"pending":{}}}},"modListingPage":{"filteredSubreddits":{"api":{"error":null,"pending":false},"names":[]}},"modModeEnabled":true,"modQueue":{"bulkAction":{"api":{"error":null,"pending":false},"selectedItems":{},"undoLastAction":{}},"edited":{"api":{"error":null,"pending":false},"itemOrder":{},"loadMore":{}},"moderatedCommunitiesOrder":{"after":null,"data":[],"loaded":false,"pending":false},"modqueue":{"api":{"error":null,"pending":false},"itemOrder":{},"loadMore":{}},"reports":{"api":{"error":null,"pending":false},"itemOrder":{},"loadMore":{}},"spam":{"api":{"error":null,"pending":false},"itemOrder":{},"loadMore":{}},"unmoderated":{"api":{"error":null,"pending":false},"itemOrder":{},"loadMore":{}}},"moreComments":{"api":{"error":{},"pending":{}},"models":{}},"multireddits":{"api":{"addSubreddit":{"error":null,"fetched":false,"pending":null},"create":{"error":null,"fetched":false,"pending":false},"deleteMulti":{"error":null,"fetched":false,"pending":false},"duplicate":{"error":null,"fetched":false,"pending":false},"edit":{"error":null,"fetched":false,"pending":false},"forUser":{"fetched":false,"pending":false},"recommendations":{"error":null,"fetched":false,"pending":true},"removeSubreddit":{"error":null,"fetched":false,"pending":null}},"byUserId":{},"models":{},"recommendations":{}},"muted":{"api":{"error":null,"pending":{}},"fetchedTokens":{},"inContext":null,"loadMore":{},"models":{},"search":{"api":{"error":null,"pending":false},"result":null},"userOrder":{}},"notificationBannerId":null,"nps":{"pending":false,"success":false},"oldSiteRules":[],"originalContent":{"bestPosts":{"api":{"error":{},"pending":{}}},"categories":{"api":{"error":null,"pending":false},"models":{}},"topCommunities":{"api":{"error":{},"pending":{}}},"topCreators":{"api":{"error":{},"pending":{}}}},"partnerSubredditConnection":{"api":{"page":{"error":{},"fetched":{},"pending":{}}}},"platform":{"allowNavigationCallback":null,"currentPage":{"key":"/r/vxrail/comments/brdg2l/rest_apis_for_vxrail/","meta":{"name":"comments"},"queryParams":{},"routeMatch":{"match":{"path":"/:routePrefix(r)/:subredditName/comments/:partialPostId/:urlSafePostTitle?","url":"/r/vxrail/comments/brdg2l/rest_apis_for_vxrail/","isExact":true,"params":{"routePrefix":"r","subredditName":"vxrail","partialPostId":"brdg2l","urlSafePostTitle":"rest_apis_for_vxrail"},"queryParams":{}},"route":{"path":"/:routePrefix(r)/:subredditName/comments/:partialPostId/:urlSafePostTitle?","chunk":"CommentsPage","exact":true,"meta":{"name":"comments"},"prefetches":["Frontpage","Subreddit"]}},"status":200,"url":"/r/vxrail/comments/brdg2l/rest_apis_for_vxrail/","urlParams":{"routePrefix":"r","subredditName":"vxrail","partialPostId":"brdg2l","urlSafePostTitle":"rest_apis_for_vxrail"},"isRobotIndexable":true},"lastPage":null,"referrers":{},"sessionReferrer":null,"metas":{"/r/vxrail/comments/brdg2l/rest_apis_for_vxrail/":{"title":"REST APIs for VxRail? : vxrail"}}},"postCollection":{"models":{},"subredditToIds":{},"api":{"error":{"reorderError":null,"updateDescriptionError":null,"updateLayoutError":null},"pending":{"reorderPending":false,"updateDescriptionPending":false,"updateLayoutPending":false}}},"polls":{"api":{"voting":{"error":{},"pending":{}}},"models":{},"results":{"byLockedVotingPower":{},"byVoters":{},"byVotingPower":{}},"rewards":{}},"postFlair":{"t5_gkgjv":{"displaySettings":{"position":"right","isEnabled":true},"permissions":{"canAssignOwn":true},"templateIds":[],"templates":{}}},"posts":{"bestOCPosts":{},"chained":{"dismissed":false,"dismissedIdToListingKey":{},"idToListingKey":{}},"embedAndImage":{"loadable":{}},"expanded":{},"focus":null,"instances":{},"metaMap":{},"models":{"t3_brdg2l":{"domain":"self.vxrail","isCrosspostable":false,"isMeta":false,"isStickied":false,"domainOverride":null,"callToAction":null,"eventsOnRender":[],"isScoreHidden":false,"saved":false,"numComments":7,"upvoteRatio":0.8,"author":"r3mdh","postCategories":null,"media":{"obfuscated":null,"richtextContent":{"document":[{"c":[{"e":"text","t":"Does anyone have any documentation or examples for the REST APIs for VxRail?"}],"e":"par"}]},"type":"rtjson","rteMode":"richtext","mediaMetadata":null},"numCrossposts":1,"isSponsored":false,"id":"t3_brdg2l","contentCategories":null,"source":null,"isLocked":false,"score":3,"isSpoiler":false,"isArchived":false,"contestMode":false,"liveCommentsWebsocket":"wss://ws-021face97bba27158.wss.redditmedia.com/link/brdg2l?m=AQAAYwFEXYW8l7cdmLTrRgHb44oVYS2XtZJlyi4X7nBVwE6RFKm1","thumbnail":{"url":"self","width":null,"height":null},"belongsTo":{"type":"subreddit","id":"t5_gkgjv"},"crosspostRootId":null,"crosspostParentId":null,"sendReplies":true,"goldCount":0,"gildings":null,"authorId":"t2_rqoye","isNSFW":false,"isMediaOnly":false,"postId":"t3_brdg2l","suggestedSort":null,"hidden":false,"viewCount":0,"permalink":"https://www.reddit.com/r/vxrail/comments/brdg2l/rest_apis_for_vxrail/","created":1558460677000,"title":"REST APIs for VxRail?","events":[],"isOriginalContent":false,"distinguishType":null,"discussionType":null,"voteState":0,"flair":[],"isBlank":false,"numDuplicates":1}},"recent":[],"video":{"autoPlayed":{},"buffering":{},"consumed":{},"continuousViewStartedAt":{},"fullscreen":null,"loadable":{},"loadTimes":{},"metadata":{},"paused":{},"playing":{},"started":{},"time":{}}},"postStickiedComments":{"data":{}},"givePremium":{"api":{"error":null,"pending":false},"givePremiumModalAccountName":""},"products":{"api":{"fetch":{"error":{},"pending":{}},"purchase":{"error":{},"pending":{}}},"currentlyPurchasing":null,"models":{}},"profileCommentsPage":{"api":{"error":{},"pending":{}},"endMarkers":{},"fetchedTokens":{},"commentIds":{},"loadMore":{}},"profilePrivatePage":{"api":{"error":{},"pending":{}},"ids":{},"pageInfo":{}},"profileModSettingsPage":{"api":{"pending":true}},"profileOverviewPage":{"chrono":{"api":{"error":{},"pending":{}},"fetchedTokens":{},"ids":{},"loadMore":{}},"conversations":{"api":{"error":{},"pending":{}},"extraComments":{"api":{"error":{},"pending":{}},"models":{}},"keyToCommentThreadLinkSets":{},"keyToHeadCommentId":{},"keyToPostId":{}}},"profilePostsPage":{},"profiles":{"about":{},"models":{},"moderated":{"api":{"pending":{}},"models":{},"pageInfo":{}},"multireddits":{"api":{"pending":{}},"pageInfo":{}},"pinnedPosts":{"data":{},"initialData":{},"pending":{}},"trophyCases":{}},"providerFlair":{"models":{"t5_gkgjv":{"scummins":null,"TotesMessenger":null,"r3mdh":null,"lakaio":null}}},"promos":{"mobilePromoBanner":false,"upsellSignUpBannerLarge":false,"upsellSignUpBannerMedium":false,"upsellSignUpBannerSmall":null},"recommendations":{},"removalReasons":{"api":{"error":null,"pending":false},"models":{},"reasonOrder":{},"removedItemIds":null},"reportFlow":{"api":{"error":{},"pending":{},"success":{}},"openedFromModalPage":false,"postOrCommentId":null,"userIsMod":false},"reportPage":{"reportPageApi":{"error":null,"pending":false,"success":false},"reportPageRules":[]},"requestHost":"www.reddit.com","runTimeEnvVars":{"staging":false,"startTimeInMillis":1564650424448},"search":{"relatedQueries":{},"searchQuery":null,"typeahead":{"idsByQuery":{},"models":{}},"viewTreatment":{}},"searchDiscoveryUnits":{"headerContent":{},"models":{},"order":{}},"seo":{"crawler":null,"linksModule":{}},"shortcuts":{"activeCommentId":null,"activePostId":"t3_brdg2l","namespace":"CommentPage"},"sidebarPromotedPosts":{"firstFetch":false,"models":{}},"sitewideRules":[],"structuredStyles":{"draft":{},"exportStyles":{"error":null,"pending":false},"flairTemplate":{"models":{}},"imagePreviews":{},"isBladeEditorDirty":false,"isEditing":null,"models":{"t5_gkgjv":{"menuBackgroundBlur":null,"menuLinkColorInactive":null,"menuLinkColorHover":null,"bannerCommunityNameFormat":null,"postUpvoteIconInactive":null,"highlightColor":"#646d73","menuBackgroundOpacity":null,"postUpvoteCountColor":null,"bannerHeight":"large","postBackgroundColor":"#edeff1","mobileBannerImage":null,"bannerOverlayColor":null,"bannerCommunityName":null,"postDownvoteIconActive":null,"postUpvoteIconActive":null,"menuBackgroundColor":null,"postBackgroundImagePosition":null,"backgroundImage":"https://styles.redditmedia.com/t5_gkgjv/styles/backgroundImage_pg61qa7a9bk11.jpg?format=pjpg\u0026s=ada2b5115c8e23661749342696aadbe012b1485b","bannerBackgroundImagePosition":"tiled","backgroundColor":"#646d73","submenuBackgroundStyle":null,"backgroundImagePosition":"cover","bannerShowCommunityIcon":null,"bannerBackgroundColor":"#646d73","submenuBackgroundColor":null,"sidebarWidgetHeaderColor":"#646d73","bannerPositionedImagePosition":null,"bannerBackgroundImage":"https://styles.redditmedia.com/t5_gkgjv/styles/bannerBackgroundImage_c661ci1t8bk11.png","postDownvoteCountColor":null,"postPlaceholderImagePosition":null,"postDownvoteIconInactive":null,"primaryColor":"#edeff1","sidebarWidgetBackgroundColor":"#bbbdbf","mobileKeyColor":"#545452","menuPosition":null,"postVoteIcons":null,"menuLinkColorActive":null,"bannerPositionedImage":null,"secondaryBannerPositionedImage":null,"menuBackgroundImage":null,"postBackgroundImage":null,"postPlaceholderImage":null,"communityIcon":"https://styles.redditmedia.com/t5_gkgjv/styles/communityIcon_gie59vuzzak11.png","postTitleColor":null}}},"stylesheets":"https://www.redditstatic.com/desktop2x/chunkCSS/Reddit.44c4e6e827a82a16994e.css","subredditAutocomplete":{"api":{"error":{},"pending":{}},"models":{}},"subredditChannels":{"api":{"error":{},"pending":{},"whitelist":{}},"models":{},"selected":null},"subreddits":{"about":{"t5_gkgjv":{"contentCategory":"","publicDescription":"The un-official Dell EMC VxRail SubReddit.\n\nDell EMC VxRail Hyper-Converged Infrastructure Appliances (G Series, E Series, V Series, P Series, S Series), software running on them (VxRail Manager, VMware Virtual SAN Enterprise, VMware vCenter Server, VMware vRealize Log Insight, VMware vSphere Data Protection, VMware vSphere Replication, Dell EMC Recoverpoint for VMs, Dell EMC CloudArray).","hasExternalAccount":false,"userIsSubscriber":null,"accountsActive":1,"advertiserCategory":"","allOriginalContent":false,"restrictCommenting":false,"showMedia":true,"restrictPosting":true,"subscribers":253,"allowedPostTypes":{"images":true,"text":true,"videos":true,"links":true,"spoilers":true},"usingNewModmail":true,"emojisEnabled":true,"disableContributorRequests":false,"userIsContributor":null,"originalContentTagEnabled":false}},"api":{"about":{"error":{},"pending":false},"connectToPartner":{"error":null,"lastConnectedSubredditId":null,"pending":false},"create":{"error":{"apiError":null},"lastCreatedSubredditId":null,"pending":false},"rankings":{"error":null,"pending":false},"rules":false,"similar":{"pending":{}},"topContent":{"error":{},"pending":{}},"wiki":{"error":{},"pending":{}}},"appliedFilters":{"meta":{}},"byCategory":{},"communityInfo":{},"crosspostable":{"api":{"errors":null,"pending":false},"ids":{}},"duplicates":{"models":{}},"gov":{"assets":{},"communityJar":{},"distributions":{},"meta":{},"releaseNotes":{}},"models":{"t5_gkgjv":{"whitelistStatus":"no_ads","isNSFW":false,"subscribers":253,"primaryColor":"#edeff1","id":"t5_gkgjv","icon":{"url":"https://b.thumbs.redditmedia.com/27eKnzqwpmMb0aGj3TFo4IqlngjWGQAaRaTBWOz0u_E.png","width":256,"height":256},"isQuarantined":false,"name":"vxrail","title":"Dell EMC VxRail","url":"/r/vxrail/","wls":null,"freeFormReports":true,"displayText":"r/vxrail","type":"public","communityIcon":"https://styles.redditmedia.com/t5_gkgjv/styles/communityIcon_gie59vuzzak11.png"}},"moderated":{"api":{"errors":null,"fetched":false,"pending":false},"order":null},"original":[],"products":{},"rankings":{},"rankingsPageInfo":{},"rules":{},"settings":{},"similar":{},"subredditWiki":{"diff":{},"directory":{},"pages":{},"pageSettings":{},"revisions":{"api":{"error":{},"pending":{}},"listings":{},"models":{}}},"top":{},"topContent":{},"trending":[]},"subredditSettings":{"postRequirements":{"formState":{"isLoading":true,"isSaving":false,"hasFormError":false,"serverError":null,"titleStrings":{"isToggled":false,"strings":[]},"titleRegEx":{"isToggled":false,"regex":[]},"titleLength":{"isToggled":false,"min":null,"max":null},"postLength":{"isToggled":false,"min":null,"max":null},"postingGuidelines":{"requirement":"none","guidelines":null},"postBodyRequirement":"none","linkListPermission":"none","linkDomain":{"whitelist":[],"blacklist":[]},"reposts":{"isToggled":false,"days":null},"flair":{"isToggled":false}},"formErrors":{"titleRegEx":{"regex":null},"titleStrings":{"strings":null},"titleLength":{"min":null,"max":null},"postLength":{"min":null,"max":null},"postingGuidelines":{"guidelines":null},"postBodyRequirement":{"requirement":null},"linkListPermission":{"permission":null},"linkDomain":{"whitelist":null,"blacklist":null},"reposts":{"days":null}},"initialData":null},"requirementsBySubreddit":{}},"subredditStickyPosts":{"data":{}},"subscriptions":{"api":{"errors":null,"fetched":false,"pending":false},"favoriteMultiOrder":[],"favoriteProfileOrder":[],"favoriteSubredditOrder":[],"multiredditOrder":[],"profileOrder":[],"subredditOrder":[]},"tags":{"api":{"create":{"pending":false,"error":false},"deleteTag":{"pending":false,"error":false},"fetch":{"pending":false,"error":false},"update":{"pending":false,"error":false}},"availableGlobalTagOrder":{"global":[],"recommendedGlobal":[]},"models":{"globalSubredditTags":{},"subredditScopedTags":{},"itemTags":{},"suggestedItemTags":{},"sortedItemTags":{}},"selected":{"selectedOptions":{},"selectedSuggestedOptions":{},"deselectedOptions":{},"deselectedSuggestedOptions":{},"inputByItemId":{},"suggestedInputByItemId":{}}},"themes":{},"toaster":[],"tooltipId":null,"tracking":{"viewportDataLoaded":{}},"trafficStats":{"pending":false,"trafficStats":null},"transfers":{"communityPoints":{"api":{"error":null,"pending":false},"contentId":null,"initialRecipient":""}},"trending":{"models":[]},"trophies":{},"uploads":{},"user":{"account":null,"accountSettings":{"changeEmail":{"api":{"error":null,"pending":false}},"resetPassword":{"api":{"pending":false}},"sendResetEmail":{"api":{"pending":false,"emailSent":false}}},"blocked":{"api":{},"data":[]},"chatSettings":{"invitePolicy":"Everyone"},"drafts":null,"experiments":{"models":[{"id":207,"name":"android_email_digest_copy","variant":"treatment_1","version":"8"},{"id":328,"name":"android_graphql_all_feed_5","variant":"enabled","version":"1"},{"id":326,"name":"android_graphql_popular_feed_6","variant":"enabled","version":"1"},{"id":184,"name":"android_max_video_bitrate","variant":"2_0_mbps","version":"4"},{"id":62,"name":"best_sort_explore_batch","variant":"best_sort_explore_enabled","version":"5"},{"id":196,"name":"channels_subscriber_limit","variant":"limit_100","version":"7"},{"id":206,"name":"chat_posts_android_2","variant":"chat_view","version":"4"},{"id":210,"name":"chat_posts_android_2_features","variant":"true","version":"7"},{"id":127,"name":"d2x_graphql_home_feed","variant":"gql_home_feed","version":"21"},{"id":312,"name":"desktop_general_cleanup","variant":"sort_view","version":"2"},{"id":69,"name":"desktop_seo_post_test_v1","variant":"listing_on_bottom","version":"10"},{"id":164,"name":"desktop_seo_post_v2_truncate","variant":"both","version":"3"},{"id":58,"name":"dn_perms_current_pre_prompt","variant":"dark_system_dialogue","version":"9"},{"id":263,"name":"email_collection_v1","variant":"modal","version":"6"},{"id":226,"name":"email_digest_frequency","variant":"control_2","version":"4"},{"id":177,"name":"email_permissions","variant":"treatment_1","version":"5"},{"id":106,"name":"email_verification_banner","variant":"tooltip","version":"3"},{"id":285,"name":"hide_best_of_community","variant":"control_2","version":"2"},{"id":265,"name":"ios_email_permissions","variant":"treatment_1","version":"4"},{"id":310,"name":"ios_graphql_home_feed_3","variant":"enabled","version":"1"},{"id":311,"name":"ios_graphql_popular_feed_2","variant":"enabled","version":"1"},{"id":325,"name":"ios_graphql_post_feeds_1","variant":"enabled","version":"1"},{"id":245,"name":"ios_post_collections_v2","variant":"enabled","version":"1"},{"id":315,"name":"ios_screenshot_share","variant":"control_1","version":"2"},{"id":72,"name":"ios_wkwebview_youtube_rollout","variant":"enabled","version":"5"},{"id":86,"name":"jerome_test","variant":"0_3_50_unmetered","version":"12"},{"id":50,"name":"lnl_vs_best_vs_explore_exploit","variant":"best_sort","version":"33"},{"id":57,"name":"logged_in_transactional_dn_test","variant":"treatment","version":"5"},{"id":98,"name":"logged_in_trending_dns_2","variant":"trending_only","version":"5"},{"id":137,"name":"logged_out_pn_personalization","variant":"expanded_best_sort_tos","version":"15"},{"id":104,"name":"logged_out_trending_dns","variant":"enabled","version":"9"},{"id":155,"name":"logged_out_weighted_tos_notification","variant":"best_sort_tos_boosting_5","version":"7"},{"id":257,"name":"low_karma_rate_limit","variant":"limit_10_per_hour","version":"4"},{"id":120,"name":"manual_sr_recommendations","variant":"direct_tos","version":"5"},{"id":194,"name":"meta_features","variant":"true","version":"3"},{"id":212,"name":"new_media_transitions","variant":"enabled","version":"3"},{"id":158,"name":"pn_sub_fallback","variant":"best_sort_fallback","version":"4"},{"id":47,"name":"popular_re_sort","variant":"control_1","version":"23"},{"id":140,"name":"post_view_consume_killswitch","variant":"false","version":"2"},{"id":79,"name":"rails_search_results_redesign","variant":"treatment_1","version":"9"},{"id":169,"name":"redesign_feed_chaining_logged_in","variant":"factorization_similar","version":"14"},{"id":170,"name":"redesign_feed_chaining_logged_out","variant":"factorization_similar","version":"15"},{"id":43,"name":"redesign_go_to_home","variant":"home_after_0","version":"7"},{"id":83,"name":"related_queries_rollout","variant":"active","version":"9"},{"id":329,"name":"subreddit_recommendation_tod","variant":"eight_pm","version":"1"},{"id":78,"name":"time_on_subreddit_push_notifications","variant":"expanded_best_sort","version":"12"},{"id":282,"name":"top_subreddits_test_mods_only","variant":"variant_1","version":"4"},{"id":63,"name":"trending_dropdown_redesign","variant":"treatment_1","version":"9"},{"id":81,"name":"trending_entrypoint_redesign","variant":"treatment_1","version":"7"},{"id":283,"name":"trending_max_age","variant":"max_12_hours","version":"2"},{"id":153,"name":"weighted_random_tos_notification","variant":"best_sort_tos_boosting_5","version":"8"},{"id":119,"name":"work_manager_android","variant":"true","version":"6"}],"localPersisted":{},"overrides":{}},"features":{},"isCustomizeFlyoutShowing":false,"topContentDismissalPrefsSet":null,"language":"en","loggedOutData":{"accountCompleteness":{"collapsed":false,"step":"initial"},"dataLoaded":false,"feedMultiName":[],"homeFeed":{"similar":[],"topBanner":{"isClosed":false,"viewsCount":0},"views":["vxrail"],"votes":{}},"isFrontpageHome":false,"postsCount":0,"tooltips":{"home_active":{},"subscribe_feed":{},"subscribe_id":{},"subscribe_reminder":{},"vote":{},"vote_reminder":{},"vote_success":{}},"views":{"count":{"beforeBanner":0,"total":1},"posts":["t3_brdg2l"]},"votes":{"comments":{},"posts":{}}},"loid":{"blob":"Z0FBQUFBQmRRcV9qQ1ZtV2tfRzctNDQwSjIwY3pReEhxYTJJLXp3OW94QUVibmlOQUlqQURYUHpQYzJjckYyNzlVclVfQS11MUI1RkNQOEdaX2tkLWZVUTIyT1lodmN6TExGZHVYaUZSMkRIcE9NZlVkUURHaTQtSW9YeGgxbUdmS2NoWkRNRnN0WUs","loid":"00000000004a28lm5p","loidCreated":"1564651491404","version":2},"notificationPrefs":{"api":{"getPreferences":{"error":null,"loaded":false,"pending":false},"setPreferences":{"error":null,"loaded":false,"pending":false}},"isPrePromptVisible":false,"preferences":{"chatMessages":false,"trendingPosts":false,"unreadMessages":false}},"ownedBadges":{},"prefs":{"allowClickTracking":false,"autoplayVideo":true,"collapsedTraySections":{"favorites":false,"multis":false,"moderating":false,"subscriptions":false,"profiles":false},"commentMode":"richtext","layout":"card","rememberCommunityLayout":false,"defaultCommentSort":"confidence","editorMode":"richtext","featuresViewedHistory":{"commentForm":{"markdownModeNotification":false}},"globalTheme":"REDDIT","hasSeenCustomizeFlyout":true,"hideNSFW":true,"ignoreSuggestedSort":false,"labelNSFW":true,"markMessagesRead":true,"nightmode":false,"openPostInNewTab":false,"over18":false,"showActiveCommunities":true,"showTwitter":false,"sort":"hot","stylesEnabled":true,"subreddit":{},"topContentDismissalTime":0,"topContentTimesDismissed":0,"rememberCommunitySort":false,"useMarkdown":false},"reddaid":"","session":{"accessToken":"-mzavBE11BlvQzpx3sJZjWwLGgog","expires":"2019-08-01T10:24:51.419Z","expiresIn":3600,"unsafeLoggedOut":true,"safe":true},"sessionRefreshFailed":false,"sessionTracker":"fAraXWCFlcNGX2FB0r.0.1564651491772.Z0FBQUFBQmRRcV9qLWNiaS0wUE9OeWo1Q0gtYmt0azRhVkhjRlJTa2N6ZjBqZEZKMnl3Y0VmeXhobnRDRFkwRHltSDFadDNDcXlDUW1oRG5CS3VoMjJwc0xXTHlLUUVTTFNWRDVhUjhndDFObXg3bDJZbGVpM0ZhbFU2UzhsZzVTOXFKSUtFRzUwTkI","shuffledCategories":["funny","relationships","travel","art","vroom","photography","memes","videos","science","videoGames","advice","fashion","picsAndGifs","writing","tech","sports","music","gaming","food","entertainment","news","dIY","animals","outdoors","electronics","tv","health"],"temporaryGQL":{"isEmployee":null,"isLoggedIn":false},"wallets":{},"whitelist":{"api":{},"data":[]}},"userFlair":{"t5_gkgjv":{"applied":null,"templates":{},"templateIds":[],"displaySettings":{"position":"right","isEnabled":true,"isUserEnabled":false},"permissions":{"canUserChange":false,"canAssignOwn":true}}},"users":{"api":{"error":{},"pending":false},"appliedBadges":{},"models":{},"nameAvailable":{},"publicWallets":{},"topOCCreators":{}},"widgets":{"idCardIds":{"t5_gkgjv":"widget_id-card-gkgjv"},"menuIds":{},"models":{"widget_moderators-gkgjv":{"styles":{"headerColor":null,"backgroundColor":null},"kind":"moderators","mods":[{"name":"xo_NetworkGod_xo","authorFlairType":"text","authorFlairTextColor":"dark","authorFlairBackgroundColor":"","authorFlairRichText":[],"authorFlairText":null},{"name":"UncleHoboBill","authorFlairType":"text","authorFlairTextColor":"dark","authorFlairBackgroundColor":"","authorFlairRichText":[],"authorFlairText":null}],"totalMods":2,"id":"widget_moderators-gkgjv"},"widget_id-card-gkgjv":{"styles":{"headerColor":null,"backgroundColor":null},"kind":"id-card","description":"The un-official Dell EMC VxRail SubReddit.\n\nDell EMC VxRail Hyper-Converged Infrastructure Appliances (G Series, E Series, V Series, P Series, S Series), software running on them (VxRail Manager, VMware Virtual SAN Enterprise, VMware vCenter Server, VMware vRealize Log Insight, VMware vSphere Data Protection, VMware vSphere Replication, Dell EMC Recoverpoint for VMs, Dell EMC CloudArray).","id":"widget_id-card-gkgjv","currentlyViewingCount":1,"currentlyViewingText":"","subscribersCount":253,"subscribersText":"","shortName":"Community Details"}},"moderatorIds":{"t5_gkgjv":"widget_moderators-gkgjv"},"sidebar":{"t5_gkgjv":[]}}}