{"accountManagerModalData":{},"activeModalId":null,"ads":{},"apiRequestState":{},"approvedSubmitters":{"api":{"error":null,"pending":{}},"fetchedTokens":{},"loadMore":{},"models":{},"search":{"api":{"error":null,"pending":false},"result":null},"userOrder":{}},"authorFlair":{"inContext":null,"models":{"t5_2qnan":{"ludicrous09":{"text":"[VCP]","richtext":[],"backgroundColor":"","templateId":null,"textColor":"dark","type":"text"},"lost_signal":{"text":"Too ESXY for his datacenter...","richtext":[],"backgroundColor":"","templateId":null,"textColor":"dark","type":"text"},"pctechyoda":null,"noc007":null,"whycantiremembermyun":null}}},"awards":{"blacklist":{},"create":{"api":{"error":null,"pending":false}},"manageable":{"api":{"error":null,"pending":{}},"order":{}},"models":{},"usable":{"api":{"error":null,"pending":{}},"order":{}}},"badges":{"api":{"subreddit":{"error":{},"pending":{}},"user":{"error":{},"pending":{}}},"models":{}},"banned":{"api":{"error":null,"pending":{}},"fetchedTokens":{},"inContext":null,"loadMore":{},"models":{},"search":{"api":{"error":null,"pending":false},"result":null},"userOrder":{}},"blockUser":{"api":{"error":{},"pending":{}}},"brandSafety":{"isViewSafe":true,"hasBrandSafetyBeenAssessed":false},"categories":{"api":{"list":{"error":null,"loaded":false,"pending":false},"subreddits":{"error":{},"loaded":{},"pending":{}}},"ids":[],"models":{},"nameToId":{}},"chat":{"isInited":false,"isUserSubredditChatEnabled":false,"subredditSettings":{"subredditId":null,"bannedWords":"","domains":"","rateLimit":-1,"regexes":[]},"promos":{"displaySubredditChatFtux":false},"unread":{"api":{"error":{"apiError":null},"pending":false},"count":{"basicChannelCount":0,"subredditChannelCount":0}}},"claimGold":{"api":{"error":null,"pending":false,"showLoader":false},"code":"","showModal":false},"comments":{"collapsed":{"commentsPage--[post:'t3_74altj']":{}},"drafts":{"replyToPost_t3_74altj":{"commentMode":"richtext","draftType":0,"hasFocus":false,"rteState":null,"text":""}},"focused":{},"hidden":{},"isEditing":{},"models":{"t1_dnx951o":{"editedAt":null,"isStickied":false,"isMod":false,"postAuthor":null,"isScoreHidden":false,"id":"t1_dnx951o","isDeleted":false,"author":"noc007","media":{"richtextContent":{"document":[{"c":[{"e":"text","t":"Do not buy FX2 or Intel X710 NICs. Those two plus vSAN 6.2 create the PSOD Hold Trinity. FX2 is just a mini-blade chassis with extra crap to cause problems and you never know if they're going to change their minds on the platform; they already had to reduce the number of DIMM slots on the FC640 from the FC630 because of the larger heatsink for Skylake. The Intel X710 NIC is another big monkey wrench with vSAN and we're still waiting for Intel to get their driver shit together."}],"e":"par"},{"c":[{"e":"text","t":"One of the big things GSS has said for the past six months and every VMware person at VMworld this year told us is we need to upgrade to vSphere 6.5 and vSAN 6.6. This is their goto solution for all of our vSAN headaches and claim will bring about stability and mass quantities of rainbows and unicorns. Just speaking of vSphere 6.0 at VMworld had them cringing or hiding their face; we never got a straight answer why 6.0 was borderline taboo."}],"e":"par"},{"c":[{"e":"text","t":"Overall vSAN is a great idea and can be cheaper than regular SAN or the other HCI solutions (Nutanix is very proud of their software $$$) even when including licensing. But vSAN needs you to be on the ball. You have to stay on top of firmware and drivers for everything. When it works, it works great and you get stupid IOps with if it's all flash storage that may just finally shut-up the DBAs. When something is wonky, you get PSODs. Not just one PSOD in a blue moon, but a bunch and sometimes more than one Host will PSOD at a time. You need to do the Health Check almost daily. Don't be surprised if there are alerts about VASA providers being gone because the vsanvpd stopped working on most of the Hosts and can only be started via SSH with no PowerCLI options."}],"e":"par"},{"c":[{"e":"text","t":"They want vSAN to succeed. They have plans to include better checks on firmware and drivers so you don't have to check the HCL daily or end up with another PSOD. They plan on reducing the need to look at Health Check daily. They also want to move away from one relying on the Ruby vSphere Console (RVC), which one has to SSH into the VCSA to get to, for more detailed vSAN health checking that should have been in the web client in the first place."}],"e":"par"},{"c":[{"e":"text","t":"My recommendation is to avoid FX2 and Intel X710 NICs, run vSAN 6.6, and get them to lend you hardware for POC. Do an in-depth POC and thrash the shit out of it with the kinds of workloads you plan on doing. HCIBench isn't going to tell you a complete story when POCing."}],"e":"par"}]},"type":"rtjson","rteMode":"richtext"},"isAdmin":false,"isOp":false,"isLocked":false,"score":3,"parentId":null,"subredditId":"t5_2qnan","collapsedReason":null,"collapsed":false,"sendReplies":true,"goldCount":0,"gildings":null,"authorId":"t2_4zw4q","postId":"t3_74altj","permalink":"/r/vmware/comments/74altj/vsanw_dell_servers_vs_vxrail_vs_extremeio_vdi/dnx951o/","created":1507166096,"postTitle":null,"distinguishType":null,"isSaved":false,"voteState":0,"deletedBy":null},"t1_dnyu39n":{"editedAt":null,"isStickied":false,"isMod":false,"postAuthor":null,"isScoreHidden":false,"id":"t1_dnyu39n","isDeleted":false,"author":"pctechyoda","media":{"richtextContent":{"document":[{"c":[{"e":"text","t":"For the number of users, you’re probably best going with VSAN ReadyNodes and Horizon Enterprise over vxRAIL unless you can get Dell to decouple the OEM license costs from the hardware.  You’ll probably want Horizon Enterprise to get instant clones as well as UEM \u0026 AppVolumes to make environment management \u0026 physical overhead less, and Horizon Enterprise already comes with vCenter, vSphere Ent+ for Desktops, and VSAN Advanced in the bundle.  With that many users, assuming you haven’t bought the licensing yet, you should easily qualify for deep discounts with VMware via an Enterprise License Agreement too, making it even less advantageous to get into vxRAIL’s bundling."}],"e":"par"},{"c":[{"e":"text","t":"You could also potentially look into adding in NSX and going with a Cloud Foundation stack added to Horizon Enterprise - the SDDC Manager from Cloud Foundation provides similar lifecycle functionality of the vxRAIL manager, and the bonus would be having NSX for robust granular security throughout your end user networks."}],"e":"par"}]},"type":"rtjson","rteMode":"richtext"},"isAdmin":false,"isOp":false,"isLocked":false,"score":1,"parentId":null,"subredditId":"t5_2qnan","collapsedReason":null,"collapsed":false,"sendReplies":true,"goldCount":0,"gildings":null,"authorId":"t2_ofdnc","postId":"t3_74altj","permalink":"/r/vmware/comments/74altj/vsanw_dell_servers_vs_vxrail_vs_extremeio_vdi/dnyu39n/","created":1507245927,"postTitle":null,"distinguishType":null,"isSaved":false,"voteState":0,"deletedBy":null},"t1_dnwtenn":{"editedAt":null,"isStickied":false,"isMod":false,"postAuthor":null,"isScoreHidden":false,"id":"t1_dnwtenn","isDeleted":false,"author":"ludicrous09","media":{"richtextContent":{"document":[{"c":[{"e":"text","t":"vxrail is basically vsan ready nodes and everything is licensed ect.  Dell/EMC has a little sheet that asks you all kinds of questions and will spit out a suggested vxrail config.  There are some nice things to it, like they have an \"easy button thing\"  basically if you build your config with this in mind when a new version comes out you can go to the vxrail management interface and give it the files and say upgrade and it will do all the work for you. (upgrade your vcenter, esxi hosts, vsan  ect ect.)  When we looked at it, it was more expensive than building it your self so.....  I guess it just depends what you are looking for operational wise."}],"e":"par"},{"c":[{"e":"text","t":"If you are going to look at arrays i would suggest you look at a Pure Array.  We own both XIO and Pure, if we had to pick only one i would go Pure.  If you tell the two vendors they are up against each other they prices start getting real competitive."}],"e":"par"}]},"type":"rtjson","rteMode":"richtext"},"isAdmin":false,"isOp":false,"isLocked":false,"score":5,"parentId":null,"subredditId":"t5_2qnan","collapsedReason":null,"collapsed":false,"sendReplies":true,"goldCount":0,"gildings":null,"authorId":"t2_3ea5i","postId":"t3_74altj","permalink":"/r/vmware/comments/74altj/vsanw_dell_servers_vs_vxrail_vs_extremeio_vdi/dnwtenn/","created":1507147879,"postTitle":null,"distinguishType":null,"isSaved":false,"voteState":0,"deletedBy":null},"t1_dnyaw51":{"editedAt":1507225548,"isStickied":false,"isMod":false,"postAuthor":null,"isScoreHidden":false,"id":"t1_dnyaw51","isDeleted":false,"author":"lost_signal","media":{"richtextContent":{"document":[{"c":[{"e":"text","t":"The FX2 with Intel v3 had a purple screen bug (BIOS update fixed it, had something to do with PCI-Express checksums). That was a known/resolved issue within a month of the V3's coming out."}],"e":"par"},{"c":[{"e":"text","t":"The Intel X710's have had multicast retransmit, and LSO/TSO offload bugs for years (this impacts regular storage traffic too BTW, not just vSAN).  A script to disable LSO/TSO has floated around for a very long time to mitigate this but I've been told by Dell's largest FX2/OEM Customer that this was fixed in the newest Intel driver/firmware release earlier this year. (feel free to test it out)."}],"e":"par"},{"c":[{"e":"text","t":"Here's the script "},{"e":"link","u":"https://github.com/jasemccarty/Vsan-Settings/blob/master/Vsan-SetTsoLro.ps1","t":"https://github.com/jasemccarty/Vsan-Settings/blob/master/Vsan-SetTsoLro.ps1"}],"e":"par"},{"c":[{"c":[{"e":"text","t":"vSphere 6.5 and vSAN 6.6. This is their goto solution for all of our vSAN headaches and claim will bring about stability and mass quantities of rainbows and unicorns. Just speaking of vSphere 6.0 at VMworld had them cringing or hiding their face; we never got a straight answer why 6.0 was borderline taboo"}],"e":"par"}],"e":"blockquote"},{"c":[{"e":"text","t":"Let me try. As far as 6.0, it's not that bad most of the common bugs were fixed by patch 5 (I just saw an express patch go out today), but significant improvements to how rebalances, and rebuilds work went into vSAN 6.6. If you want to know more watch the vSAN day in the life of the I/O deep dive, and skip the boring part with John at the front for Pete at the end. he gets into the meat of smarter rebuilds being based on component, not object. This can mean on an object with 4 component stripes or chunks 75% less data involved in a rebuild if 1 component is damaged. It's a huge improvement in low-level performance and balance. LSOM will also chunk a component into smaller chunks during a rebalance. This combined with other LSOM placement tweaks leads to a lot lower backend overhead on clusters."}],"e":"par"},{"c":[{"c":[{"e":"text","t":"My recommendation is to avoid FX2 and Intel X710 NICs, run vSAN 6.6, and get them to lend you hardware for POC. Do an in-depth POC and thrash the shit out of it with the kinds of workloads you plan on doing. HCIBench isn't going to tell you a complete story when POCing."}],"e":"par"}],"e":"blockquote"},{"c":[{"e":"text","t":"For VDI, I'd go spin up a Linked Clone/Instant Clone (Whichever you plan on doing) pool and have users log in. I would POC ACTUALLY running VDI on it. The FX2 isn't so bad with the above-mentioned patches and tweaks (although the Qlogic NIC's work just fine too). I know large airlines and chemical plant control systems who use FX2 and vSAN and are more than happy with the above tweaks. I've deployed VDI on vSAN and the performance was amazing, and it survived failures like a champ. VMware internally uses it (it's 10x lower latency than our previous hybrid array platform from what I've seen as a user), and massive banks, hospitals and other customers use it for VDI."}],"e":"par"},{"c":[{"e":"text","t":"They want vSAN to succeed. They have plans to include better checks on firmware and drivers so you don't have to check the HCL daily or end up with another PSOD. They plan on reducing the need to look at Health Check daily. They also want to move away from one relying on the Ruby vSphere Console (RVC), which one has to SSH into the VCSA to get to, for more detailed vSAN health checking that should have been in the web client in the first place."}],"e":"par"},{"c":[{"e":"text","t":"The vSAN performance service gets rid of the need for 99% of the RVC and observer. (Observer is deprecated technically as the new VMware hosted performance analytics takes over GSS and engineerings need for it)."}],"e":"par"},{"c":[{"e":"text","t":"The driver/firmware integration first piece being integrated into VUM was nice, but Watch Christian Dickman and Junchi's VMworld presentation if you want to know where things are going. Christian did this session last year and everything they showed off shipped by this year so we'll see if he can do it agian."}],"e":"par"},{"c":[{"e":"text","t":"BTW, the NIC issues symptom you mention (retransmits, and packet loss) will show up in the vSAN performance service (6.6.1, and possible 6.6  tracks packet loss). We are looking at adding a Health Alarm for this. I was testing it against phone home performance telemetry last week. The idea is we test new health checks in our \"cloud\" of phone home data first (that GSS has access too) and as we can refine out good KB's, root causes, and get rid of false positives roll it out to customers in the form of a phone home recommendation. A lot of vSAN issues, are fundamentally vSphere issues at the end of the day (If your NIC's don't work, or host clocks are all off, even without vSAN you are going to have a BAD day). If you look at where VMware is going with the product improvements, and support and phone home improvements it's about improving the entire platform to become more resilient and easy to support."}],"e":"par"},{"c":[{"e":"text","t":"A quick podcast I'd recommend you listen to. Grab episode 57, and skip to ~26 minutes in, the Christian Dickman interview. "},{"e":"link","u":"https://itunes.apple.com/us/podcast/virtually-speaking-podcast/id1084076135?mt=2","t":"https://itunes.apple.com/us/podcast/virtually-speaking-podcast/id1084076135?mt=2"},{"e":"text","t":" (Yes this is also on the android play store too)."}],"e":"par"}]},"type":"rtjson","rteMode":"richtext"},"isAdmin":false,"isOp":false,"isLocked":false,"score":2,"parentId":"t1_dnx951o","subredditId":"t5_2qnan","collapsedReason":null,"collapsed":false,"sendReplies":true,"goldCount":0,"gildings":null,"authorId":"t2_bhuku","postId":"t3_74altj","permalink":"/r/vmware/comments/74altj/vsanw_dell_servers_vs_vxrail_vs_extremeio_vdi/dnyaw51/","created":1507225160,"postTitle":null,"distinguishType":null,"isSaved":false,"voteState":0,"deletedBy":null},"t1_dnx1et2":{"editedAt":null,"isStickied":false,"isMod":false,"postAuthor":null,"isScoreHidden":false,"id":"t1_dnx1et2","isDeleted":false,"author":"whycantiremembermyun","media":{"richtextContent":{"document":[{"c":[{"e":"text","t":"Yea, I have some experience with Pure, and I really liked it!"}],"e":"par"}]},"type":"rtjson","rteMode":"richtext"},"isAdmin":false,"isOp":true,"isLocked":false,"score":2,"parentId":"t1_dnwtenn","subredditId":"t5_2qnan","collapsedReason":null,"collapsed":false,"sendReplies":true,"goldCount":0,"gildings":null,"authorId":"t2_pnyuc","postId":"t3_74altj","permalink":"/r/vmware/comments/74altj/vsanw_dell_servers_vs_vxrail_vs_extremeio_vdi/dnx1et2/","created":1507156734,"postTitle":null,"distinguishType":null,"isSaved":false,"voteState":0,"deletedBy":null},"t1_dnx1t2v":{"editedAt":1507157478,"isStickied":false,"isMod":false,"postAuthor":null,"isScoreHidden":false,"id":"t1_dnx1t2v","isDeleted":false,"author":"lost_signal","media":{"richtextContent":{"document":[{"c":[{"e":"text","t":"VxRAIL includes an OEM license for Enterprise vSAN, you still need to bring your own vSphere ESXI license (although Horizon has that and can cover it)."}],"e":"par"},{"c":[{"e":"text","t":"It also includes a included OEM vCenter (or you can use an external like you would be entitled to with horizon) and an OEM license for LogInsight (for use with the vCenter and hosts)."}],"e":"par"},{"c":[{"e":"text","t":"I'm not sure why you would pay for Pure, or XIO given that vSAN Advanced licensing is included with Horizon Advanced and up. I don't think they can beat \"the cost of a few drives in a server\".  Deploying Horizon on anything that isn't vSAN just seems really weird at scale. A local hospital is doing a 20K+ user roll out right now and it's going well I hear."}],"e":"par"}]},"type":"rtjson","rteMode":"richtext"},"isAdmin":false,"isOp":false,"isLocked":false,"score":5,"parentId":"t1_dnwtenn","subredditId":"t5_2qnan","collapsedReason":null,"collapsed":false,"sendReplies":true,"goldCount":0,"gildings":null,"authorId":"t2_bhuku","postId":"t3_74altj","permalink":"/r/vmware/comments/74altj/vsanw_dell_servers_vs_vxrail_vs_extremeio_vdi/dnx1t2v/","created":1507157200,"postTitle":null,"distinguishType":null,"isSaved":false,"voteState":0,"deletedBy":null}},"replyFormOpen":{},"submit":{"error":{},"pending":{}},"visitHighlightFilter":"Last"},"commentsListTruncated":true,"commentsPage":{"api":{"error":{"commentsPage--[post:'t3_74altj']":null},"fullyLoaded":{"commentsPage--[post:'t3_74altj']":true},"pending":{"commentsPage--[post:'t3_74altj']":false}},"keyToChatCommentLinks":{"commentsPage--[post:'t3_74altj']":[{"id":"t1_dnwtenn","created":1507147879,"stickied":false},{"id":"t1_dnx1et2","created":1507156734,"stickied":false},{"id":"t1_dnx1t2v","created":1507157200,"stickied":false},{"id":"t1_dnx951o","created":1507166096,"stickied":false},{"id":"t1_dnyaw51","created":1507225160,"stickied":false},{"id":"t1_dnyu39n","created":1507245927,"stickied":false}]},"keyToCommentThreadLinkSets":{"commentsPage--[post:'t3_74altj']":{"t1_dnx951o":{"depth":0,"next":{"type":"comment","id":"t1_dnyaw51"},"prev":{"type":"continueThread","id":"continueThread-t1_dnx1et2"}},"t1_dnyu39n":{"depth":0,"next":null,"prev":{"type":"continueThread","id":"continueThread-t1_dnyaw51"}},"t1_dnwtenn":{"depth":0,"next":{"type":"comment","id":"t1_dnx1t2v"},"prev":null},"t1_dnyaw51":{"depth":1,"next":{"type":"continueThread","id":"continueThread-t1_dnyaw51"},"prev":{"type":"comment","id":"t1_dnx951o"}},"t1_dnx1et2":{"depth":1,"next":{"type":"continueThread","id":"continueThread-t1_dnx1et2"},"prev":{"type":"comment","id":"t1_dnx1t2v"}},"t1_dnx1t2v":{"depth":1,"next":{"type":"comment","id":"t1_dnx1et2"},"prev":{"type":"comment","id":"t1_dnwtenn"}},"continueThread-t1_dnx1et2":{"depth":2,"next":{"type":"comment","id":"t1_dnx951o"},"prev":{"type":"comment","id":"t1_dnx1et2"}},"continueThread-t1_dnyaw51":{"depth":2,"next":{"type":"comment","id":"t1_dnyu39n"},"prev":{"type":"comment","id":"t1_dnyaw51"}}}},"keyToHeadCommentId":{"commentsPage--[post:'t3_74altj']":"t1_dnwtenn"},"keyToPostId":{"commentsPage--[post:'t3_74altj']":"t3_74altj"},"ads":[]},"contentGate":{},"continueThreads":{"models":{"continueThread-t1_dnx1et2":{"postId":"t3_74altj","next":{"type":"comment","id":"t1_dnx951o"},"depth":2,"parentId":"t1_dnx1et2","prev":{"type":"comment","id":"t1_dnx1et2"},"id":"continueThread-t1_dnx1et2"},"continueThread-t1_dnyaw51":{"postId":"t3_74altj","next":{"type":"comment","id":"t1_dnyu39n"},"depth":2,"parentId":"t1_dnyaw51","prev":{"type":"comment","id":"t1_dnyaw51"},"id":"continueThread-t1_dnyaw51"}}},"creations":{"api":{"collection":{"createOrUpdate":{"error":null,"pending":false}},"draft":{"deleteDraft":{"error":{},"pending":{}},"listing":{"error":null,"pending":false},"save":{"error":{"apiError":null,"needsCaptcha":false,"validationError":null,"submitValidationError":null},"pending":false}},"editor":{"converting":{"pending":{}},"mediaUpload":{"error":null,"pending":false}},"page":{"error":{},"fetched":{},"pending":{}},"post":{"submit":{"error":{"apiError":null,"needsCaptcha":false,"validationError":null,"submitValidationError":null},"pending":false},"update":{"error":null,"pending":false}},"subreddit":{"change":{"error":null,"pending":false}}},"drafts":{},"formData":{"body":{"link":"","markdown":"","media":null,"rte":{"isBound":false,"editorKey":"b2f46a","initialRTJSON":{"document":[]}}},"eventSchedule":null,"flair":null,"govType":null,"isChatPost":false,"isNSFW":false,"isOC":false,"isPoll":false,"isPublicLink":false,"isSpoiler":false,"newSubreddit":"","newTopMod":"","nextSubreddit":null,"ocCategory":null,"postToTwitter":false,"polls":null,"recaptcha":"","sendReplies":true,"submissionType":"post","title":""},"formState":{"fieldValidation":{"title":null,"body":null,"link":null,"flair":null},"isChanged":false,"modalId":null,"ocCategory":null,"submitMode":0},"postEditing":{"draft":{"markdown":"","rte":{"isBound":false,"editorKey":"2dd4bf","initialRTJSON":{"document":[]}}},"editorMode":"richtext","postId":null}},"dashboard":{"selectedComponent":null,"subredditPending":false,"subredditLoaded":{}},"discoveryUnits":{"api":{"list":{"error":null,"loaded":true,"pending":false}},"models":{"xd_66":{"enabled":true,"id":"xd_66","layout":"large","parameters":{"sort":"hot"},"surface":"explore","unitName":"posts_in_category_rails_hero","unitType":"listing","url":"/api/posts_in_category.json"},"xd_67":{"enabled":true,"id":"xd_67","layout":"large","surface":"explore","unitName":"posts_in_subreddit_hero","unitType":"listing","url":"/r/%{subredditName}/hot.json"},"xd_68":{"enabled":true,"id":"xd_68","layout":"large","parameters":{"sort":"hot"},"surface":"explore","unitName":"posts_in_category_rails_small","unitType":"listing","url":"/api/posts_in_category.json"},"xd_69":{"enabled":true,"id":"xd_69","layout":"large","surface":"explore","unitName":"posts_in_subreddit_small","unitType":"listing","url":"/r/%{subredditName}/hot.json"},"xd_70":{"enabled":true,"id":"xd_70","layout":"large","surface":"search","unitName":"search_posts","unitType":"community_category","url":"/api/posts_in_category.json"},"xd_71":{"enabled":true,"id":"xd_71","layout":"large","surface":"search","unitName":"search_subreddits","unitType":"community_category","url":"/api/subreddits_in_category.json"},"xd_72":{"enabled":true,"id":"xd_72","layout":"large","surface":"subreddit_listing","unitName":"community_banner_posts","unitType":"subreddit_listing","url":"/r/%{subredditName}/top.json"},"xd_83":{"enabled":true,"id":"xd_83","layout":"large","surface":"subreddit_listing","unitName":"best_of_community","unitType":"subreddit_listing","url":"/r/%{subredditName}/top.json"},"xd_88":{"enabled":true,"id":"xd_88","layout":"large","surface":"front_page","title":"Similar communities to %{subredditName}","unitName":"chaining_similar_subreddits_posts","unitType":"listing"},"xd_89":{"enabled":true,"id":"xd_89","layout":"large","surface":"front_page","title":"Mildy similar posts","unitName":"chaining_similar_posts","unitType":"listing"},"xd_90":{"enabled":true,"id":"xd_90","layout":"large","surface":"comments","title":"Posts in subreddit %{subredditName}","unitName":"posts_in_subreddit_vertical","unitType":"listing"},"xd_91":{"enabled":true,"id":"xd_91","layout":"large","surface":"comments","title":"Posts in recommended home","unitName":"posts_in_rec_home","unitType":"listing"}},"nameToId":{"posts_in_category_rails_hero":"xd_66","posts_in_subreddit_hero":"xd_67","posts_in_category_rails_small":"xd_68","posts_in_subreddit_small":"xd_69","search_posts":"xd_70","search_subreddits":"xd_71","community_banner_posts":"xd_72","best_of_community":"xd_83","chaining_similar_subreddits_posts":"xd_88","chaining_similar_posts":"xd_89","posts_in_subreddit_vertical":"xd_90","posts_in_rec_home":"xd_91"}},"economics":{"currentBadgeManagementScreen":{"badgeType":"cosmetic","view":"gallery"},"currentModalArgs":null,"currentPaymentTarget":null,"emotes":{},"ftue":{"tippingHighlightViewed":null,"topTippersViewed":null},"paymentSystems":{"status":2},"specialMemberships":{"allSubscriptionsFetched":false,"data":{}},"subredditPremium":{},"tipDetails":{}},"emojis":{"api":{"list":{"pending":{}}},"models":{}},"externalAccount":{"api":{"connect":{"error":{},"pending":{}},"disconnect":{"error":{},"pending":{}},"user":{"error":{},"pending":{}},"subreddit":{"error":{},"fetched":{},"pending":{}}},"user":{},"subreddit":{}},"featureFlags":{"overrides":{"introModal":null,"markdownMode":null,"modQueue":null,"spBadges":null,"spCommunityTipJar":null,"spEmotes":null,"spFavoriteCreators":null,"spGovPolls":null,"spHarberger":null,"spLeaderboard":null,"spLoadtest":null,"spPoints":null,"spPolls":null,"spPremium":null,"spPremiumSubscriptions":null,"spPremiumUpsells":null,"spPublicPoints":null,"spSpinoffs":null,"spSupport":null,"spTopTippers":null,"communityTopics":null,"adminCommunityTopics":null,"events":null,"collections":null,"rteVideoPoster":null,"userSeenSubredditChatFtux":null,"userInChat":null,"userInSubredditChat":null,"userInChatUserSettings":null,"devAndStagingWatermark":null,"fpsMeter":null,"rabbitHole":null,"measureScrollFPS":null,"showVerboseErrors":null,"uappBanner":null,"canProxyGild":null,"experiments":null,"enableGraphQl":null,"importExportThemes":null,"flairRestrictions":null,"spezModal":null,"superbOwl":null,"enableShadowMode":null,"useGraphQLInFrontpage":null,"wikiEditing":null,"pushNotificationsBrowserSupported":null,"enableCrowdControlMode":null,"customFeeds":null,"snoovatar30":null,"isEmailPermissionRequired":null,"__requiredDoNotRemove":null}},"flairedUsers":{"api":{"error":null,"pending":false},"models":{},"pageInfo":{},"search":{"api":{"error":null,"pending":false},"result":null},"userOrder":{}},"fontFiles":[{"family":"IBMPlexSans","weight":700,"style":"normal","woffUrl":"fonts/IBMPlexSans/Bold-c34ba754b7235b49d33b294ff7a54179.woff","woff2Url":"fonts/IBMPlexSans/Bold-875de5047556e7c822519d95d7ee692d.woff2"},{"family":"IBMPlexSans","weight":500,"style":"normal","woffUrl":"fonts/IBMPlexSans/Medium-1051a531d3e1ee3483a6533158557139.woff","woff2Url":"fonts/IBMPlexSans/Medium-c4b185e25a4dde85a29f902cd5ce5360.woff2"},{"family":"IBMPlexSans","weight":400,"style":"normal","woffUrl":"fonts/IBMPlexSans/Regular-e6bbcdd30d3bd4d6b170bcb6d3552cab.woff","woff2Url":"fonts/IBMPlexSans/Regular-116bb6d508f5307861d3b1269bc597e7.woff2"},{"family":"Noto Mono","weight":400,"style":"normal","woffUrl":"fonts/NotoMono/Regular-e6bbcdd30d3bd4d6b170bcb6d3552cab.woff","woff2Url":"fonts/NotoMono/Regular-b16bb0524a7e7ee597970333c0c67180.woff2"},{"family":"Noto Mono","weight":400,"style":"normal","woffUrl":"fonts/NotoMono/el-Regular-06ee3f893717454d11a16c3e8d0aa9f9.woff","woff2Url":"fonts/NotoMono/el-Regular-29d72243d2cd6145b28bcb80dc33f0e4.woff2"},{"family":"Noto Sans","weight":700,"style":"italic","woffUrl":"fonts/NotoSans/Bold-Italic-255b4934a1f414dd312aa89382d65114.woff","woff2Url":"fonts/NotoSans/Bold-Italic-be39cd37f002d25d500c67b88871bed4.woff2"},{"family":"Noto Sans","weight":700,"style":"normal","woffUrl":"fonts/NotoSans/Bold-c34ba754b7235b49d33b294ff7a54179.woff","woff2Url":"fonts/NotoSans/Bold-d4ba4ecba17e90993f442f7bb082a3a2.woff2"},{"family":"Noto Sans","weight":400,"style":"normal","woffUrl":"fonts/NotoSans/Regular-e6bbcdd30d3bd4d6b170bcb6d3552cab.woff","woff2Url":"fonts/NotoSans/Regular-d6a6aa8dc0f93416a832ea04a18c6fb8.woff2"},{"family":"Noto Sans","weight":700,"style":"italic","woffUrl":"fonts/OldNotoSans/Bold-Italic-255b4934a1f414dd312aa89382d65114.woff","woff2Url":"fonts/OldNotoSans/Bold-Italic-5a241c76c24e463ef9bcc5855d20209b.woff2"},{"family":"Noto Sans","weight":700,"style":"normal","woffUrl":"fonts/OldNotoSans/Bold-c34ba754b7235b49d33b294ff7a54179.woff","woff2Url":"fonts/OldNotoSans/Bold-b85bf848c28799f5ad34ee29db68051c.woff2"},{"family":"Noto Sans","weight":400,"style":"normal","woffUrl":"fonts/OldNotoSans/Regular-e6bbcdd30d3bd4d6b170bcb6d3552cab.woff","woff2Url":"fonts/OldNotoSans/Regular-e50c34178d20d5fa4ab3c1f6c67901a9.woff2"}],"gild":{"api":{"error":null,"pending":false,"showLoader":false},"gildModalThingId":null,"includeMessage":false,"isAnonymous":false,"isIframed":false,"message":"","selectedAward":{"awardType":"GLOBAL","coinPrice":500,"coinReward":100,"description":"","daysOfDripExtension":0,"icon":{"url":"https://www.redditstatic.com/desktop2x/img/gold/badges/award-gold-medium.png?v=2"},"id":"gid_2","isEnabled":true,"name":"Gold","daysOfPremium":7}},"goldPurchase":{"coinPurchaseModal":{"activePage":"selectPayment","gildThingId":null,"purchasePackage":null,"showModal":false},"payment":{"cardName":"","cardValidation":{"cardCvc":"","cardExpiry":"","cardNumber":"","nameOnCard":"","postalCode":""},"paymentMethod":"paypal","paypal":{"errorMessage":null,"passthrough":""},"rememberCard":true,"savedCards":[],"savedCardsPending":false,"stripeToken":{"errorMessage":null,"pending":false},"useSavedCard":null},"premiumPurchaseModal":{"activePage":"selectPayment","showModal":false},"updateCardModal":{"pending":false}},"header":{"isSubscriptionsDropdownOpen":false},"imageUploads":{},"isEmailVerificationTooltipShowing":true,"isModeratorWithPostPerms":false,"jsApi":[],"leaderboard":{"api":{"error":{},"pending":{}},"dateRangeSelection":{},"models":{}},"listings":{"activeKey":"","listingOrder":{"api":{"error":{},"pending":{}},"identifiers":{},"ids":{},"fetchedTokens":{},"loadMore":{}},"postOrder":{"api":{"error":{},"pending":{}},"endMarkers":{},"fetchedTokens":{},"ids":{},"listingSort":{},"loadMore":{}}},"live":{"featured":null,"isFrontpageLoaded":false},"mediaPlayback":{"isMuted":true,"volume":1},"meta":{"isBot":false,"isSessionSeo":false,"userAgent":"Mozilla/5.0 (Windows NT 10.0; Win64; x64) AppleWebKit/537.36 (KHTML, like Gecko) Chrome/75.0.3770.142 Safari/537.36","country":"US","domain":"www.reddit.com","protocol":"https","sessionReferrerDomain":"","method":"GET","pageloadServerTime":1564652103217},"moderatingSubreddits":{},"moderationLog":{"actions":{"itemOrder":{},"models":{}},"endCursor":null,"hasNextPage":{},"hasPreviousPage":{},"moderators":[],"startCursor":null},"moderators":{"editableModerators":{},"editableUserOrder":{"data":{},"api":{"error":{},"pending":{}}},"invitedModerators":{"api":{"error":null,"pending":false},"models":{},"userOrder":{}},"invitePending":{},"loadMoreModerators":{},"loadMoreEditableModerators":{},"models":{},"search":{"api":{"error":null,"pending":false},"result":null},"userOrder":{"data":{},"api":{"error":{},"pending":{}}}},"modListingPage":{"filteredSubreddits":{"api":{"error":null,"pending":false},"names":[]}},"modModeEnabled":true,"modQueue":{"bulkAction":{"api":{"error":null,"pending":false},"selectedItems":{},"undoLastAction":{}},"edited":{"api":{"error":null,"pending":false},"itemOrder":{},"loadMore":{}},"moderatedCommunitiesOrder":{"after":null,"data":[],"loaded":false,"pending":false},"modqueue":{"api":{"error":null,"pending":false},"itemOrder":{},"loadMore":{}},"reports":{"api":{"error":null,"pending":false},"itemOrder":{},"loadMore":{}},"spam":{"api":{"error":null,"pending":false},"itemOrder":{},"loadMore":{}},"unmoderated":{"api":{"error":null,"pending":false},"itemOrder":{},"loadMore":{}}},"moreComments":{"api":{"error":{},"pending":{}},"models":{}},"multireddits":{"api":{"addSubreddit":{"error":null,"fetched":false,"pending":null},"create":{"error":null,"fetched":false,"pending":false},"deleteMulti":{"error":null,"fetched":false,"pending":false},"duplicate":{"error":null,"fetched":false,"pending":false},"edit":{"error":null,"fetched":false,"pending":false},"forUser":{"fetched":false,"pending":false},"recommendations":{"error":null,"fetched":false,"pending":true},"removeSubreddit":{"error":null,"fetched":false,"pending":null}},"byUserId":{},"models":{},"recommendations":{}},"muted":{"api":{"error":null,"pending":{}},"fetchedTokens":{},"inContext":null,"loadMore":{},"models":{},"search":{"api":{"error":null,"pending":false},"result":null},"userOrder":{}},"notificationBannerId":null,"nps":{"pending":false,"success":false},"oldSiteRules":[],"originalContent":{"bestPosts":{"api":{"error":{},"pending":{}}},"categories":{"api":{"error":null,"pending":false},"models":{}},"topCommunities":{"api":{"error":{},"pending":{}}},"topCreators":{"api":{"error":{},"pending":{}}}},"partnerSubredditConnection":{"api":{"page":{"error":{},"fetched":{},"pending":{}}}},"platform":{"allowNavigationCallback":null,"currentPage":{"key":"/r/vmware/comments/74altj/vsanw_dell_servers_vs_vxrail_vs_extremeio_vdi/","meta":{"name":"comments"},"queryParams":{},"routeMatch":{"match":{"path":"/:routePrefix(r)/:subredditName/comments/:partialPostId/:urlSafePostTitle?","url":"/r/vmware/comments/74altj/vsanw_dell_servers_vs_vxrail_vs_extremeio_vdi/","isExact":true,"params":{"routePrefix":"r","subredditName":"vmware","partialPostId":"74altj","urlSafePostTitle":"vsanw_dell_servers_vs_vxrail_vs_extremeio_vdi"},"queryParams":{}},"route":{"path":"/:routePrefix(r)/:subredditName/comments/:partialPostId/:urlSafePostTitle?","chunk":"CommentsPage","exact":true,"meta":{"name":"comments"},"prefetches":["Frontpage","Subreddit"]}},"status":200,"url":"/r/vmware/comments/74altj/vsanw_dell_servers_vs_vxrail_vs_extremeio_vdi/","urlParams":{"routePrefix":"r","subredditName":"vmware","partialPostId":"74altj","urlSafePostTitle":"vsanw_dell_servers_vs_vxrail_vs_extremeio_vdi"},"isRobotIndexable":true},"lastPage":null,"referrers":{},"sessionReferrer":null,"metas":{"/r/vmware/comments/74altj/vsanw_dell_servers_vs_vxrail_vs_extremeio_vdi/":{"title":"VSAN/w Dell servers vs VXRail vs ExtremeIO - VDI Solution : vmware"}}},"postCollection":{"models":{},"subredditToIds":{},"api":{"error":{"reorderError":null,"updateDescriptionError":null,"updateLayoutError":null},"pending":{"reorderPending":false,"updateDescriptionPending":false,"updateLayoutPending":false}}},"polls":{"api":{"voting":{"error":{},"pending":{}}},"models":{},"results":{"byLockedVotingPower":{},"byVoters":{},"byVotingPower":{}},"rewards":{}},"postFlair":{"t5_2qnan":{"displaySettings":{"position":null,"isEnabled":false},"permissions":{"canAssignOwn":false},"templateIds":[],"templates":{}}},"posts":{"bestOCPosts":{},"chained":{"dismissed":false,"dismissedIdToListingKey":{},"idToListingKey":{}},"embedAndImage":{"loadable":{}},"expanded":{},"focus":null,"instances":{},"metaMap":{},"models":{"t3_74altj":{"domain":"self.vmware","isCrosspostable":false,"isMeta":false,"isStickied":false,"domainOverride":null,"callToAction":null,"eventsOnRender":[],"isScoreHidden":false,"saved":false,"numComments":8,"upvoteRatio":0.72,"author":"whycantiremembermyun","postCategories":null,"media":{"obfuscated":null,"richtextContent":{"document":[{"c":[{"e":"text","t":"I also submitted this in Sysadmin."}],"e":"par"},{"c":[{"e":"text","t":"We have a VDI solution being worked for 1000 windows 10 desktops (That will grow year after year), 2 Vcpu and 3Gb memory.   We will be utilizing linked clones and App volumes."}],"e":"par"},{"c":[{"e":"text","t":"It will most likely be an all flash solution, at least with vsan and vxrail and will only support our VDI environment."}],"e":"par"},{"c":[{"e":"text","t":"My question is on the hardware/software combo that will support.  First i want to say that i would only like discussion in regards to the above subject.  We will be going with one of the above solutions and want to get input and personal experience with them.  I personally would like to go with vsan/dell server configuration, dell is also wanting to purpose to other solutions one with VXRail and another with ExtremeIO.  They will be staying with in our budget."}],"e":"par"},{"c":[{"e":"text","t":"My concern with ExtremeIO its your standard server fiber to san solution and once you reach capacity you have to buy a whole new shelf.  To be honest, I really don't have much experience with the vxrail, and extremeIO so any input would be great."}],"e":"par"},{"c":[{"e":"text","t":"Another reason i like the vsan solution is that to add 100-125 more desktops i know i need one server and vmware licensing and I'm good to go."}],"e":"par"},{"c":[{"e":"text","t":"Hopefully there is enough info there i will do my best to give any additional info."}],"e":"par"}]},"type":"rtjson","rteMode":"richtext","mediaMetadata":null},"numCrossposts":0,"isSponsored":false,"id":"t3_74altj","contentCategories":null,"source":null,"isLocked":false,"score":3,"isSpoiler":false,"isArchived":true,"contestMode":false,"liveCommentsWebsocket":"wss://ws-034ba158e876c2f4d.wss.redditmedia.com/link/74altj?m=AQAAxwNEXXFyZaWD_BVnNItQyOmnYrxmxXBg9d2qyjkxG7GEoimU","thumbnail":{"url":"self","width":null,"height":null},"belongsTo":{"type":"subreddit","id":"t5_2qnan"},"crosspostRootId":null,"crosspostParentId":null,"sendReplies":true,"goldCount":0,"gildings":null,"authorId":"t2_pnyuc","isNSFW":false,"isMediaOnly":false,"postId":"t3_74altj","suggestedSort":null,"hidden":false,"viewCount":0,"permalink":"https://www.reddit.com/r/vmware/comments/74altj/vsanw_dell_servers_vs_vxrail_vs_extremeio_vdi/","created":1507146001000,"title":"VSAN/w Dell servers vs VXRail vs ExtremeIO - VDI Solution","events":[],"isOriginalContent":false,"distinguishType":null,"discussionType":null,"voteState":0,"flair":[],"isBlank":false,"numDuplicates":0}},"recent":[],"video":{"autoPlayed":{},"buffering":{},"consumed":{},"continuousViewStartedAt":{},"fullscreen":null,"loadable":{},"loadTimes":{},"metadata":{},"paused":{},"playing":{},"started":{},"time":{}}},"postStickiedComments":{"data":{}},"givePremium":{"api":{"error":null,"pending":false},"givePremiumModalAccountName":""},"products":{"api":{"fetch":{"error":{},"pending":{}},"purchase":{"error":{},"pending":{}}},"currentlyPurchasing":null,"models":{}},"profileCommentsPage":{"api":{"error":{},"pending":{}},"endMarkers":{},"fetchedTokens":{},"commentIds":{},"loadMore":{}},"profilePrivatePage":{"api":{"error":{},"pending":{}},"ids":{},"pageInfo":{}},"profileModSettingsPage":{"api":{"pending":true}},"profileOverviewPage":{"chrono":{"api":{"error":{},"pending":{}},"fetchedTokens":{},"ids":{},"loadMore":{}},"conversations":{"api":{"error":{},"pending":{}},"extraComments":{"api":{"error":{},"pending":{}},"models":{}},"keyToCommentThreadLinkSets":{},"keyToHeadCommentId":{},"keyToPostId":{}}},"profilePostsPage":{},"profiles":{"about":{},"models":{},"moderated":{"api":{"pending":{}},"models":{},"pageInfo":{}},"multireddits":{"api":{"pending":{}},"pageInfo":{}},"pinnedPosts":{"data":{},"initialData":{},"pending":{}},"trophyCases":{}},"providerFlair":{"models":{"t5_2qnan":{"ludicrous09":null,"lost_signal":null,"pctechyoda":null,"noc007":null,"whycantiremembermyun":null}}},"promos":{"mobilePromoBanner":false,"upsellSignUpBannerLarge":false,"upsellSignUpBannerMedium":false,"upsellSignUpBannerSmall":null},"recommendations":{},"removalReasons":{"api":{"error":null,"pending":false},"models":{},"reasonOrder":{},"removedItemIds":null},"reportFlow":{"api":{"error":{},"pending":{},"success":{}},"openedFromModalPage":false,"postOrCommentId":null,"userIsMod":false},"reportPage":{"reportPageApi":{"error":null,"pending":false,"success":false},"reportPageRules":[]},"requestHost":"www.reddit.com","runTimeEnvVars":{"staging":false,"startTimeInMillis":1564651144297},"search":{"relatedQueries":{},"searchQuery":null,"typeahead":{"idsByQuery":{},"models":{}},"viewTreatment":{}},"searchDiscoveryUnits":{"headerContent":{},"models":{},"order":{}},"seo":{"crawler":null,"linksModule":{}},"shortcuts":{"activeCommentId":null,"activePostId":"t3_74altj","namespace":"CommentPage"},"sidebarPromotedPosts":{"firstFetch":false,"models":{}},"sitewideRules":[],"structuredStyles":{"draft":{},"exportStyles":{"error":null,"pending":false},"flairTemplate":{"models":{}},"imagePreviews":{},"isBladeEditorDirty":false,"isEditing":null,"models":{"t5_2qnan":{"menuBackgroundBlur":null,"menuLinkColorInactive":null,"menuLinkColorHover":null,"bannerCommunityNameFormat":null,"postUpvoteIconInactive":null,"highlightColor":null,"menuBackgroundOpacity":null,"postUpvoteCountColor":null,"bannerHeight":null,"postBackgroundColor":null,"mobileBannerImage":null,"bannerOverlayColor":null,"bannerCommunityName":null,"postDownvoteIconActive":null,"postUpvoteIconActive":null,"menuBackgroundColor":null,"postBackgroundImagePosition":null,"backgroundImage":null,"bannerBackgroundImagePosition":null,"backgroundColor":null,"submenuBackgroundStyle":null,"backgroundImagePosition":null,"bannerShowCommunityIcon":null,"bannerBackgroundColor":null,"submenuBackgroundColor":null,"sidebarWidgetHeaderColor":null,"bannerPositionedImagePosition":null,"bannerBackgroundImage":null,"postDownvoteCountColor":null,"postPlaceholderImagePosition":null,"postDownvoteIconInactive":null,"primaryColor":null,"sidebarWidgetBackgroundColor":null,"mobileKeyColor":null,"menuPosition":null,"postVoteIcons":null,"menuLinkColorActive":null,"bannerPositionedImage":null,"secondaryBannerPositionedImage":null,"menuBackgroundImage":null,"postBackgroundImage":null,"postPlaceholderImage":null,"communityIcon":null,"postTitleColor":null}}},"stylesheets":"https://www.redditstatic.com/desktop2x/chunkCSS/Reddit.44c4e6e827a82a16994e.css","subredditAutocomplete":{"api":{"error":{},"pending":{}},"models":{}},"subredditChannels":{"api":{"error":{},"pending":{},"whitelist":{}},"models":{},"selected":null},"subreddits":{"about":{"t5_2qnan":{"contentCategory":"","publicDescription":"The un-official VMware Reddit.","hasExternalAccount":false,"userIsSubscriber":null,"accountsActive":202,"advertiserCategory":"","allOriginalContent":false,"restrictCommenting":false,"showMedia":true,"restrictPosting":true,"subscribers":75049,"allowedPostTypes":{"images":true,"text":true,"videos":true,"links":true,"spoilers":true},"usingNewModmail":false,"emojisEnabled":false,"disableContributorRequests":false,"userIsContributor":null,"originalContentTagEnabled":false}},"api":{"about":{"error":{},"pending":false},"connectToPartner":{"error":null,"lastConnectedSubredditId":null,"pending":false},"create":{"error":{"apiError":null},"lastCreatedSubredditId":null,"pending":false},"rankings":{"error":null,"pending":false},"rules":false,"similar":{"pending":{}},"topContent":{"error":{},"pending":{}},"wiki":{"error":{},"pending":{}}},"appliedFilters":{"meta":{}},"byCategory":{},"communityInfo":{},"crosspostable":{"api":{"errors":null,"pending":false},"ids":{}},"duplicates":{"models":{}},"gov":{"assets":{},"communityJar":{},"distributions":{},"meta":{},"releaseNotes":{}},"models":{"t5_2qnan":{"whitelistStatus":"all_ads","isNSFW":false,"subscribers":75049,"primaryColor":"","id":"t5_2qnan","icon":{"url":"https://b.thumbs.redditmedia.com/TmmDGDmuqkyMuX0K6W07_d8xprk-a38Jozp1ad82k7w.png","width":256,"height":256},"isQuarantined":false,"name":"vmware","title":"VMware: virtually anything is possible","url":"/r/vmware/","wls":6,"freeFormReports":true,"displayText":"r/vmware","type":"public","communityIcon":""}},"moderated":{"api":{"errors":null,"fetched":false,"pending":false},"order":null},"original":[],"products":{},"rankings":{},"rankingsPageInfo":{},"rules":{},"settings":{},"similar":{},"subredditWiki":{"diff":{},"directory":{},"pages":{},"pageSettings":{},"revisions":{"api":{"error":{},"pending":{}},"listings":{},"models":{}}},"top":{},"topContent":{},"trending":[]},"subredditSettings":{"postRequirements":{"formState":{"isLoading":true,"isSaving":false,"hasFormError":false,"serverError":null,"titleStrings":{"isToggled":false,"strings":[]},"titleRegEx":{"isToggled":false,"regex":[]},"titleLength":{"isToggled":false,"min":null,"max":null},"postLength":{"isToggled":false,"min":null,"max":null},"postingGuidelines":{"requirement":"none","guidelines":null},"postBodyRequirement":"none","linkListPermission":"none","linkDomain":{"whitelist":[],"blacklist":[]},"reposts":{"isToggled":false,"days":null},"flair":{"isToggled":false}},"formErrors":{"titleRegEx":{"regex":null},"titleStrings":{"strings":null},"titleLength":{"min":null,"max":null},"postLength":{"min":null,"max":null},"postingGuidelines":{"guidelines":null},"postBodyRequirement":{"requirement":null},"linkListPermission":{"permission":null},"linkDomain":{"whitelist":null,"blacklist":null},"reposts":{"days":null}},"initialData":null},"requirementsBySubreddit":{}},"subredditStickyPosts":{"data":{}},"subscriptions":{"api":{"errors":null,"fetched":false,"pending":false},"favoriteMultiOrder":[],"favoriteProfileOrder":[],"favoriteSubredditOrder":[],"multiredditOrder":[],"profileOrder":[],"subredditOrder":[]},"tags":{"api":{"create":{"pending":false,"error":false},"deleteTag":{"pending":false,"error":false},"fetch":{"pending":false,"error":false},"update":{"pending":false,"error":false}},"availableGlobalTagOrder":{"global":[],"recommendedGlobal":[]},"models":{"globalSubredditTags":{},"subredditScopedTags":{},"itemTags":{},"suggestedItemTags":{},"sortedItemTags":{}},"selected":{"selectedOptions":{},"selectedSuggestedOptions":{},"deselectedOptions":{},"deselectedSuggestedOptions":{},"inputByItemId":{},"suggestedInputByItemId":{}}},"themes":{},"toaster":[],"tooltipId":null,"tracking":{"viewportDataLoaded":{}},"trafficStats":{"pending":false,"trafficStats":null},"transfers":{"communityPoints":{"api":{"error":null,"pending":false},"contentId":null,"initialRecipient":""}},"trending":{"models":[]},"trophies":{},"uploads":{},"user":{"account":null,"accountSettings":{"changeEmail":{"api":{"error":null,"pending":false}},"resetPassword":{"api":{"pending":false}},"sendResetEmail":{"api":{"pending":false,"emailSent":false}}},"blocked":{"api":{},"data":[]},"chatSettings":{"invitePolicy":"Everyone"},"drafts":null,"experiments":{"models":[{"id":207,"name":"android_email_digest_copy","variant":"treatment_1","version":"8"},{"id":328,"name":"android_graphql_all_feed_5","variant":"enabled","version":"1"},{"id":326,"name":"android_graphql_popular_feed_6","variant":"enabled","version":"1"},{"id":184,"name":"android_max_video_bitrate","variant":"2_0_mbps","version":"4"},{"id":62,"name":"best_sort_explore_batch","variant":"best_sort_explore_enabled","version":"5"},{"id":196,"name":"channels_subscriber_limit","variant":"control_2","version":"7"},{"id":206,"name":"chat_posts_android_2","variant":"live_commenting","version":"4"},{"id":210,"name":"chat_posts_android_2_features","variant":"true","version":"7"},{"id":127,"name":"d2x_graphql_home_feed","variant":"gql_home_feed","version":"21"},{"id":69,"name":"desktop_seo_post_test_v1","variant":"listing_on_bottom","version":"10"},{"id":164,"name":"desktop_seo_post_v2_truncate","variant":"both","version":"3"},{"id":58,"name":"dn_perms_current_pre_prompt","variant":"dark_system_dialogue","version":"9"},{"id":226,"name":"email_digest_frequency","variant":"six_per_week","version":"4"},{"id":177,"name":"email_permissions","variant":"treatment_1","version":"5"},{"id":106,"name":"email_verification_banner","variant":"tooltip","version":"3"},{"id":285,"name":"hide_best_of_community","variant":"control_2","version":"2"},{"id":265,"name":"ios_email_permissions","variant":"treatment_1","version":"4"},{"id":310,"name":"ios_graphql_home_feed_3","variant":"enabled","version":"1"},{"id":311,"name":"ios_graphql_popular_feed_2","variant":"enabled","version":"1"},{"id":325,"name":"ios_graphql_post_feeds_1","variant":"enabled","version":"1"},{"id":245,"name":"ios_post_collections_v2","variant":"enabled","version":"1"},{"id":315,"name":"ios_screenshot_share","variant":"droptop","version":"2"},{"id":72,"name":"ios_wkwebview_youtube_rollout","variant":"enabled","version":"5"},{"id":86,"name":"jerome_test","variant":"0_3_50_unmetered","version":"12"},{"id":50,"name":"lnl_vs_best_vs_explore_exploit","variant":"best_sort","version":"33"},{"id":57,"name":"logged_in_transactional_dn_test","variant":"treatment","version":"5"},{"id":98,"name":"logged_in_trending_dns_2","variant":"trending_only","version":"5"},{"id":137,"name":"logged_out_pn_personalization","variant":"expanded_best_sort_tos","version":"15"},{"id":104,"name":"logged_out_trending_dns","variant":"enabled","version":"9"},{"id":155,"name":"logged_out_weighted_tos_notification","variant":"best_sort_tos_boosting_5","version":"7"},{"id":257,"name":"low_karma_rate_limit","variant":"control_2","version":"4"},{"id":120,"name":"manual_sr_recommendations","variant":"direct_tos","version":"5"},{"id":194,"name":"meta_features","variant":"true","version":"3"},{"id":212,"name":"new_media_transitions","variant":"enabled","version":"3"},{"id":90,"name":"non_personalized_notification_frequency","variant":"control_2","version":"8"},{"id":158,"name":"pn_sub_fallback","variant":"best_sort_fallback","version":"4"},{"id":140,"name":"post_view_consume_killswitch","variant":"false","version":"2"},{"id":79,"name":"rails_search_results_redesign","variant":"treatment_1","version":"9"},{"id":169,"name":"redesign_feed_chaining_logged_in","variant":"factorization_similar","version":"14"},{"id":170,"name":"redesign_feed_chaining_logged_out","variant":"factorization_similar","version":"15"},{"id":43,"name":"redesign_go_to_home","variant":"home_after_0","version":"7"},{"id":83,"name":"related_queries_rollout","variant":"active","version":"9"},{"id":329,"name":"subreddit_recommendation_tod","variant":"control_1","version":"1"},{"id":78,"name":"time_on_subreddit_push_notifications","variant":"expanded_best_sort","version":"12"},{"id":282,"name":"top_subreddits_test_mods_only","variant":"variant_1","version":"4"},{"id":63,"name":"trending_dropdown_redesign","variant":"treatment_1","version":"9"},{"id":81,"name":"trending_entrypoint_redesign","variant":"treatment_1","version":"7"},{"id":283,"name":"trending_max_age","variant":"max_30_days","version":"2"},{"id":153,"name":"weighted_random_tos_notification","variant":"best_sort_tos_boosting_5","version":"8"},{"id":119,"name":"work_manager_android","variant":"true","version":"6"}],"localPersisted":{},"overrides":{}},"features":{},"isCustomizeFlyoutShowing":false,"topContentDismissalPrefsSet":null,"language":"en","loggedOutData":{"accountCompleteness":{"collapsed":false,"step":"initial"},"dataLoaded":false,"feedMultiName":[],"homeFeed":{"similar":[],"topBanner":{"isClosed":false,"viewsCount":0},"views":["vmware"],"votes":{}},"isFrontpageHome":false,"postsCount":0,"tooltips":{"home_active":{},"subscribe_feed":{},"subscribe_id":{},"subscribe_reminder":{},"vote":{},"vote_reminder":{},"vote_success":{}},"views":{"count":{"beforeBanner":0,"total":1},"posts":["t3_74altj"]},"votes":{"comments":{},"posts":{}}},"loid":{"blob":"Z0FBQUFBQmRRckpITDBIOE80SzFEbGpQR0p6SEx3eEdxdnZpLUM2NlVJVENOclFxbDFRcGRPUU5ib0ZlUkh1REpuMm9ERTBfdnZDR0NEallxTjUzSUJXYU9EOWVFZU1nUE8zZE8zamg3R2g1Z0lSWDZnNWdvTThGUnB6NVRCWEtwSy15WmEyWjVKWmo","loid":"00000000004a2a9u9g","loidCreated":"1564652103248","version":2},"notificationPrefs":{"api":{"getPreferences":{"error":null,"loaded":false,"pending":false},"setPreferences":{"error":null,"loaded":false,"pending":false}},"isPrePromptVisible":false,"preferences":{"chatMessages":false,"trendingPosts":false,"unreadMessages":false}},"ownedBadges":{},"prefs":{"allowClickTracking":false,"autoplayVideo":true,"collapsedTraySections":{"favorites":false,"multis":false,"moderating":false,"subscriptions":false,"profiles":false},"commentMode":"richtext","layout":"card","rememberCommunityLayout":false,"defaultCommentSort":"confidence","editorMode":"richtext","featuresViewedHistory":{"commentForm":{"markdownModeNotification":false}},"globalTheme":"REDDIT","hasSeenCustomizeFlyout":true,"hideNSFW":true,"ignoreSuggestedSort":false,"labelNSFW":true,"markMessagesRead":true,"nightmode":false,"openPostInNewTab":false,"over18":false,"showActiveCommunities":true,"showTwitter":false,"sort":"hot","stylesEnabled":true,"subreddit":{},"topContentDismissalTime":0,"topContentTimesDismissed":0,"rememberCommunitySort":false,"useMarkdown":false},"reddaid":"","session":{"accessToken":"-Qj4atoAkTbLfapKs_l5jTt8502Y","expires":"2019-08-01T10:35:03.257Z","expiresIn":3600,"unsafeLoggedOut":true,"safe":true},"sessionRefreshFailed":false,"sessionTracker":"7TfNUDti5cso4AIT8V.0.1564652103430.Z0FBQUFBQmRRckpIY3pWc1dJdEx2ZFZPdDlvVWtiVFJyLTk4Mkw2OEZldGxKU19xVXd2V3JobVRMcEprT3E5UlZ6clZYNmxWUUtKZDZSZzJ2aXM2UmFyUDJWX0lTQ3l1YzljN0ZRR2tSZXkxM2t2VU5DWjFMRG1QNUQ0TEFDY056T0RETkhDUEdvbkM","shuffledCategories":["photography","dIY","travel","picsAndGifs","health","tv","science","fashion","writing","advice","videos","vroom","news","electronics","entertainment","animals","food","music","tech","memes","gaming","funny","videoGames","sports","relationships","art","outdoors"],"temporaryGQL":{"isEmployee":null,"isLoggedIn":false},"wallets":{},"whitelist":{"api":{},"data":[]}},"userFlair":{"t5_2qnan":{"applied":null,"templates":{},"templateIds":[],"displaySettings":{"position":"right","isEnabled":true,"isUserEnabled":false},"permissions":{"canUserChange":false,"canAssignOwn":false}}},"users":{"api":{"error":{},"pending":false},"appliedBadges":{},"models":{},"nameAvailable":{},"publicWallets":{},"topOCCreators":{}},"widgets":{"idCardIds":{"t5_2qnan":"widget_id-card-2qnan"},"menuIds":{},"models":{"widget_id-card-2qnan":{"styles":{"headerColor":null,"backgroundColor":null},"kind":"id-card","description":"The un-official VMware Reddit.","id":"widget_id-card-2qnan","currentlyViewingCount":202,"currentlyViewingText":"","subscribersCount":75049,"subscribersText":"","shortName":"Community Details"},"widget_moderators-2qnan":{"styles":{"headerColor":null,"backgroundColor":null},"kind":"moderators","mods":[{"name":"jakobjs","authorFlairType":"text","authorFlairTextColor":"dark","authorFlairBackgroundColor":"","authorFlairRichText":[],"authorFlairText":null},{"name":"VMwareTech","authorFlairType":"text","authorFlairTextColor":"dark","authorFlairBackgroundColor":"","authorFlairRichText":[],"authorFlairText":"[VCIX]"},{"name":"wazoo9000","authorFlairType":"text","authorFlairTextColor":"dark","authorFlairBackgroundColor":"","authorFlairRichText":[],"authorFlairText":"[VCAP]"},{"name":"cloud_dizzle","authorFlairType":"text","authorFlairTextColor":"dark","authorFlairBackgroundColor":"","authorFlairRichText":[],"authorFlairText":"[VCAP]"},{"name":"vDingus","authorFlairType":"text","authorFlairTextColor":"dark","authorFlairBackgroundColor":"","authorFlairRichText":[],"authorFlairText":"[VCDX-DCV]"},{"name":"vTimD","authorFlairType":"text","authorFlairTextColor":"dark","authorFlairBackgroundColor":"","authorFlairRichText":[],"authorFlairText":null},{"name":"shaunwhiteinc","authorFlairType":"text","authorFlairTextColor":"dark","authorFlairBackgroundColor":"","authorFlairRichText":[],"authorFlairText":"[VCIX6-NV]"},{"name":"virtualviking","authorFlairType":"text","authorFlairTextColor":"dark","authorFlairBackgroundColor":"","authorFlairRichText":[],"authorFlairText":"[VCIX]"},{"name":"lost_signal","authorFlairType":"text","authorFlairTextColor":"dark","authorFlairBackgroundColor":"","authorFlairRichText":[],"authorFlairText":"Too ESXY for his datacenter..."}],"totalMods":9,"id":"widget_moderators-2qnan"}},"moderatorIds":{"t5_2qnan":"widget_moderators-2qnan"},"sidebar":{"t5_2qnan":[]}}}