{"accountManagerModalData":{},"activeModalId":null,"ads":{},"apiRequestState":{},"approvedSubmitters":{"api":{"error":null,"pending":{}},"fetchedTokens":{},"loadMore":{},"models":{},"search":{"api":{"error":null,"pending":false},"result":null},"userOrder":{}},"authorFlair":{"inContext":null,"models":{"t5_gkgjv":{"BulkyPeanut":null,"[deleted]":null,"nvertedflyer":null,"TimuraCZ":null,"lost_signal":null,"bimmerman535":null,"jbranton212":null,"kiwibloke":null}}},"awards":{"blacklist":{},"create":{"api":{"error":null,"pending":false}},"manageable":{"api":{"error":null,"pending":{}},"order":{}},"models":{},"usable":{"api":{"error":null,"pending":{}},"order":{}}},"badges":{"api":{"subreddit":{"error":{},"pending":{}},"user":{"error":{},"pending":{}}},"models":{}},"banned":{"api":{"error":null,"pending":{}},"fetchedTokens":{},"inContext":null,"loadMore":{},"models":{},"search":{"api":{"error":null,"pending":false},"result":null},"userOrder":{}},"blockUser":{"api":{"error":{},"pending":{}}},"brandSafety":{"isViewSafe":true,"hasBrandSafetyBeenAssessed":false},"categories":{"api":{"list":{"error":null,"loaded":false,"pending":false},"subreddits":{"error":{},"loaded":{},"pending":{}}},"ids":[],"models":{},"nameToId":{}},"chat":{"isInited":false,"isUserSubredditChatEnabled":false,"subredditSettings":{"subredditId":null,"bannedWords":"","domains":"","rateLimit":-1,"regexes":[]},"promos":{"displaySubredditChatFtux":false},"unread":{"api":{"error":{"apiError":null},"pending":false},"count":{"basicChannelCount":0,"subredditChannelCount":0}}},"claimGold":{"api":{"error":null,"pending":false,"showLoader":false},"code":"","showModal":false},"comments":{"collapsed":{"commentsPage--[post:'t3_9xpl4v']":{"t1_e9u8z6m":true,"t1_e9ucmzq":true}},"drafts":{"replyToPost_t3_9xpl4v":{"commentMode":"richtext","draftType":0,"hasFocus":false,"rteState":null,"text":""}},"focused":{},"hidden":{},"isEditing":{},"models":{"t1_e9uj3n8":{"editedAt":null,"isStickied":false,"isMod":false,"postAuthor":null,"isScoreHidden":false,"id":"t1_e9uj3n8","isDeleted":false,"author":"BulkyPeanut","media":{"richtextContent":{"document":[{"c":[{"e":"text","t":"We have a 4 node and 3 node G series cluster. We are just about to buy a new 5 node E series cluster. Generally it works well."}],"e":"par"},{"c":[{"e":"text","t":"We did have a drive with read errors which caused havoc in vSAN but Vmware tech support were quick to diagnose that and we are replacing the faulty drive."}],"e":"par"},{"c":[{"e":"text","t":"The support from Vmware and Dell EMC has been really great with the VxRail."}],"e":"par"},{"c":[{"e":"text","t":"We have 75 VMs on the 4 node G Series cluster. I don't think 50TB usable space is possible with hybrid on G or E series on 6 nodes. You would have to go all flash."}],"e":"par"}]},"type":"rtjson","rteMode":"richtext"},"isAdmin":false,"isOp":false,"isLocked":false,"score":3,"parentId":null,"subredditId":"t5_gkgjv","collapsedReason":null,"collapsed":false,"sendReplies":true,"goldCount":0,"gildings":null,"authorId":"t2_193rz8hq","postId":"t3_9xpl4v","permalink":"/r/vxrail/comments/9xpl4v/considering_vxrail/e9uj3n8/","created":1542410330,"postTitle":null,"distinguishType":null,"isSaved":false,"voteState":0,"deletedBy":null},"t1_efjrfju":{"editedAt":null,"isStickied":false,"isMod":false,"postAuthor":null,"isScoreHidden":false,"id":"t1_efjrfju","isDeleted":false,"author":"jbranton212","media":{"richtextContent":{"document":[{"c":[{"e":"text","t":"I had a 4 node V Series cluster.  I ran around 100 VMs on it with plenty of room for growth."}],"e":"par"}]},"type":"rtjson","rteMode":"richtext"},"isAdmin":false,"isOp":false,"isLocked":false,"score":1,"parentId":null,"subredditId":"t5_gkgjv","collapsedReason":null,"collapsed":false,"sendReplies":true,"goldCount":0,"gildings":null,"authorId":"t2_15t4ir","postId":"t3_9xpl4v","permalink":"/r/vxrail/comments/9xpl4v/considering_vxrail/efjrfju/","created":1549055624,"postTitle":null,"distinguishType":null,"isSaved":false,"voteState":0,"deletedBy":null},"t1_e9uey2p":{"editedAt":null,"isStickied":false,"isMod":false,"postAuthor":null,"isScoreHidden":false,"id":"t1_e9uey2p","isDeleted":false,"author":"lost_signal","media":{"richtextContent":{"document":[{"c":[{"e":"text","t":"Run a LiveOprics report. I suspect 4-5 (maybe even single socket) nodes would work, driving down costs, power, footprint and maybe open up budget for a small DR cluster."}],"e":"par"}]},"type":"rtjson","rteMode":"richtext"},"isAdmin":false,"isOp":false,"isLocked":false,"score":1,"parentId":"t1_e9u8z6m","subredditId":"t5_gkgjv","collapsedReason":null,"collapsed":false,"sendReplies":true,"goldCount":0,"gildings":null,"authorId":"t2_bhuku","postId":"t3_9xpl4v","permalink":"/r/vxrail/comments/9xpl4v/considering_vxrail/e9uey2p/","created":1542407062,"postTitle":null,"distinguishType":null,"isSaved":false,"voteState":0,"deletedBy":null},"t1_e9u8z6m":{"editedAt":null,"isStickied":false,"isMod":false,"postAuthor":null,"isScoreHidden":false,"id":"t1_e9u8z6m","isDeleted":true,"author":"[deleted]","media":{"richtextContent":{"document":[{"c":[{"e":"text","t":"[deleted]"}],"e":"par"}]},"type":"rtjson","rteMode":"richtext"},"isAdmin":false,"isOp":false,"isLocked":false,"score":3,"parentId":null,"subredditId":"t5_gkgjv","collapsedReason":null,"collapsed":true,"sendReplies":true,"goldCount":0,"gildings":null,"authorId":null,"postId":"t3_9xpl4v","permalink":"/r/vxrail/comments/9xpl4v/considering_vxrail/e9u8z6m/","created":1542402485,"postTitle":null,"distinguishType":null,"isSaved":false,"voteState":0,"deletedBy":"user"},"t1_egdjxlh":{"editedAt":null,"isStickied":false,"isMod":false,"postAuthor":null,"isScoreHidden":false,"id":"t1_egdjxlh","isDeleted":false,"author":"TimuraCZ","media":{"richtextContent":{"document":[{"c":[{"e":"text","t":"I may be a bit late to the show, but we have a 4-node E series VxRail cluster (which we decided to buy after doing some calculations and finding out that Azure is not only complete garbage but also expensive garbage) and holy shit does that thing just work great."}],"e":"par"},{"c":[{"e":"text","t":"I've read quite a lot of complaints in here about VxRail, but so far our experience with it was smooth."}],"e":"par"},{"c":[{"e":"text","t":"Since I have a shit ton of other stuff to do and projects to work on than play with vSAN, firmware upgrades and other things, VxRail is great in many aspects, some of which are:"}],"e":"par"},{"c":[{"e":"text","t":"1.) Redundancy. Obviously, the cluster is robust, everything is doubled, backed up. The VxRail orchestration takes care of basically everything. We have critical systems on our cluster and their down-time is not an option. I sleep the emerald-slumber-calm-sleep when it is running on VxRail."}],"e":"par"},{"c":[{"e":"text","t":"2.) Power. This is mainly of course due to our configuration - 4x Xeon Gold 6138, 512GB RAM, 32TB of all-flash. Everything fucking flies on that thing. 30+ VMs with some being heavy-load databases, some are compute-heavy app servers, reverse proxies and webservers with big e-shops, RDS servers, you name it. The average cluster load sits about 10% for CPUs and 25% for RAM. When we did the initial heavy testing, the vSAN pulled off +370K IOPS and that was way before its limit."}],"e":"par"},{"c":[{"e":"text","t":"3.) Management. VxRail Manager + vSphere + Enterprise iDRACs. Whatever you want to know about your cluster, you know it. Whatever you need to configure, you can. The options are endless."}],"e":"par"},{"c":[{"e":"text","t":"4.) Support, updates and their functionality. We've had some available updates of ESXi and BOSS cards. One e-mail to EMC. Everything went perfectly. Due to the architecture itself, the update of anything goes as follows. VMs on updated node traverse with zero down-time to another node. Updated node shuts down, updates are applied, checked, node is booted up. VMs traverse back and another node update begins. During the update, whole cluster is running like nothing is happening."}],"e":"par"},{"c":[{"e":"text","t":"5.) DRS - the load balancing of the cluster is seamless. The nodes are used evenly with VMs being distributed across the cluster to spread the load."}],"e":"par"},{"c":[{"e":"text","t":"The VxRail is also not great in other things :-) Some of which are:"}],"e":"par"},{"c":[{"e":"text","t":"1.) Price. It is seriously costly. However, we were able to get some nice discounts from Dell, with bigger clusters almost automatically getting bigger discount per node. VMWare licenses are expensive, the hardware is top-notch, therefore expensive. Yeah, it is not for people working on small budget"}],"e":"par"},{"c":[{"e":"text","t":"2.) False positives. As mentioned a few times here, you will find your vSphere spewing some false positives. Since they are identified as false positives by EMC, I could not care less..."}],"e":"par"},{"c":[{"e":"text","t":"To summarize it:"}],"e":"par"},{"c":[{"e":"text","t":"If you're the kind of guy who likes to play with his Mikrotik, uses SSH for everything, works on a tighter budget and your job is only to maintain the servers, then VxRail is not for you. I am convinced that everything I have mentioned above can be done on cheaper systems without the automated orchestration of VxRail tools. VxRail is expensive, to some degree it is overbuilt and not for everyone."}],"e":"par"},{"c":[{"e":"text","t":"HOWEVER."}],"e":"par"},{"c":[{"e":"text","t":"I do not have the time to spend half a year studying and creating the same functionality with third-party tools from 7 different brands, half of them with no support, and spend an hour every day to maintain it."}],"e":"par"},{"c":[{"e":"text","t":"Therefore, I have VxRail and I am happy with it."}],"e":"par"}]},"type":"rtjson","rteMode":"richtext"},"isAdmin":false,"isOp":false,"isLocked":false,"score":2,"parentId":null,"subredditId":"t5_gkgjv","collapsedReason":null,"collapsed":false,"sendReplies":true,"goldCount":0,"gildings":null,"authorId":"t2_2ltmdjua","postId":"t3_9xpl4v","permalink":"/r/vxrail/comments/9xpl4v/considering_vxrail/egdjxlh/","created":1550059177,"postTitle":null,"distinguishType":null,"isSaved":false,"voteState":0,"deletedBy":null},"t1_e9ucmzq":{"editedAt":null,"isStickied":false,"isMod":false,"postAuthor":null,"isScoreHidden":false,"id":"t1_e9ucmzq","isDeleted":true,"author":"[deleted]","media":{"richtextContent":{"document":[{"c":[{"e":"text","t":"[deleted]"}],"e":"par"}]},"type":"rtjson","rteMode":"richtext"},"isAdmin":false,"isOp":false,"isLocked":false,"score":1,"parentId":"t1_e9ucmko","subredditId":"t5_gkgjv","collapsedReason":null,"collapsed":true,"sendReplies":true,"goldCount":0,"gildings":null,"authorId":null,"postId":"t3_9xpl4v","permalink":"/r/vxrail/comments/9xpl4v/considering_vxrail/e9ucmzq/","created":1542405296,"postTitle":null,"distinguishType":null,"isSaved":false,"voteState":0,"deletedBy":"user"},"t1_e9vpgyo":{"editedAt":null,"isStickied":false,"isMod":false,"postAuthor":null,"isScoreHidden":false,"id":"t1_e9vpgyo","isDeleted":false,"author":"bimmerman535","media":{"richtextContent":{"document":[{"c":[{"e":"text","t":"Max Usable Capacities per platform for a 4 node cluster configured for HA (N+1) Using FTT=1."}],"e":"par"},{"c":[],"e":"par"},{"c":[{"e":"text","t":"Hybrid:"}],"e":"par"},{"c":[{"e":"text","t":"S570 - 12x4TB = 64.4TB"}],"e":"par"},{"c":[{"e":"text","t":"P/V 570 - 20x2.4TB = 63.9TB"}],"e":"par"},{"c":[{"e":"text","t":"E560 - 8x2.4TB = 25.1TB"}],"e":"par"},{"c":[{"e":"text","t":"G560 - 5x2.4TB = 15.3TB"}],"e":"par"},{"c":[],"e":"par"},{"c":[{"e":"text","t":"Flash:"}],"e":"par"},{"c":[{"e":"text","t":"P/V 57F - 20x3.84TB = 103.6TB"}],"e":"par"},{"c":[{"e":"text","t":"E560F - 8x3.84TB = 40.8TB"}],"e":"par"},{"c":[{"e":"text","t":"G56F - 5x3.84TB = 25.1TB"}],"e":"par"},{"c":[],"e":"par"},{"c":[{"e":"text","t":"Re the S nodes, at this max config they would need 1600GB Cache Drives due to the Cache to RAW Ratio of 3.6% using 800GB drives."}],"e":"par"},{"c":[],"e":"par"}]},"type":"rtjson","rteMode":"richtext"},"isAdmin":false,"isOp":false,"isLocked":false,"score":1,"parentId":"t1_e9uj3n8","subredditId":"t5_gkgjv","collapsedReason":null,"collapsed":false,"sendReplies":true,"goldCount":0,"gildings":null,"authorId":"t2_z1tjc","postId":"t3_9xpl4v","permalink":"/r/vxrail/comments/9xpl4v/considering_vxrail/e9vpgyo/","created":1542461677,"postTitle":null,"distinguishType":null,"isSaved":false,"voteState":0,"deletedBy":null},"t1_e9ucmko":{"editedAt":null,"isStickied":false,"isMod":false,"postAuthor":null,"isScoreHidden":false,"id":"t1_e9ucmko","isDeleted":false,"author":"kiwibloke","media":{"richtextContent":{"document":[{"c":[{"e":"text","t":"VxRail is great to deploy vSAN in a curated relatively low risk way. The down side that to do VxRail  properly to give you the redundancy and protection (and ditto again you you are applying an update and are updating a rail) you need quite a few rails which pretty much prices it out of the market for small installs where something conventional conventional like rack servers with a small storage array would do the same thing with much less risk and alot cheaper price point."}],"e":"par"},{"c":[{"e":"text","t":"Remember. You can stand to lose almost everything, apart from.the storage!"}],"e":"par"}]},"type":"rtjson","rteMode":"richtext"},"isAdmin":false,"isOp":false,"isLocked":false,"score":1,"parentId":null,"subredditId":"t5_gkgjv","collapsedReason":null,"collapsed":false,"sendReplies":true,"goldCount":0,"gildings":null,"authorId":"t2_5ud8d","postId":"t3_9xpl4v","permalink":"/r/vxrail/comments/9xpl4v/considering_vxrail/e9ucmko/","created":1542405288,"postTitle":null,"distinguishType":null,"isSaved":false,"voteState":0,"deletedBy":null}},"replyFormOpen":{},"submit":{"error":{},"pending":{}},"visitHighlightFilter":"Last"},"commentsListTruncated":true,"commentsPage":{"api":{"error":{"commentsPage--[post:'t3_9xpl4v']":null},"fullyLoaded":{"commentsPage--[post:'t3_9xpl4v']":true},"pending":{"commentsPage--[post:'t3_9xpl4v']":false}},"keyToChatCommentLinks":{"commentsPage--[post:'t3_9xpl4v']":[{"id":"t1_e9u8z6m","created":1542402485,"stickied":false},{"id":"t1_e9ucmko","created":1542405288,"stickied":false},{"id":"t1_e9ucmzq","created":1542405296,"stickied":false},{"id":"t1_e9uey2p","created":1542407062,"stickied":false},{"id":"t1_e9uj3n8","created":1542410330,"stickied":false},{"id":"t1_e9vpgyo","created":1542461677,"stickied":false},{"id":"t1_efjrfju","created":1549055624,"stickied":false},{"id":"t1_egdjxlh","created":1550059177,"stickied":false}]},"keyToCommentThreadLinkSets":{"commentsPage--[post:'t3_9xpl4v']":{"t1_e9uj3n8":{"depth":0,"next":{"type":"comment","id":"t1_e9vpgyo"},"prev":{"type":"comment","id":"t1_e9uey2p"}},"t1_efjrfju":{"depth":0,"next":{"type":"comment","id":"t1_e9ucmko"},"prev":{"type":"comment","id":"t1_egdjxlh"}},"t1_e9uey2p":{"depth":1,"next":{"type":"comment","id":"t1_e9uj3n8"},"prev":{"type":"comment","id":"t1_e9u8z6m"}},"t1_e9u8z6m":{"depth":0,"next":{"type":"comment","id":"t1_e9uey2p"},"prev":null},"t1_egdjxlh":{"depth":0,"next":{"type":"comment","id":"t1_efjrfju"},"prev":{"type":"comment","id":"t1_e9vpgyo"}},"t1_e9ucmzq":{"depth":1,"next":{"type":"continueThread","id":"continueThread-t1_e9ucmzq"},"prev":{"type":"comment","id":"t1_e9ucmko"}},"t1_e9vpgyo":{"depth":1,"next":{"type":"comment","id":"t1_egdjxlh"},"prev":{"type":"comment","id":"t1_e9uj3n8"}},"t1_e9ucmko":{"depth":0,"next":{"type":"comment","id":"t1_e9ucmzq"},"prev":{"type":"comment","id":"t1_efjrfju"}},"continueThread-t1_e9ucmzq":{"depth":2,"next":null,"prev":{"type":"comment","id":"t1_e9ucmzq"}}}},"keyToHeadCommentId":{"commentsPage--[post:'t3_9xpl4v']":"t1_e9u8z6m"},"keyToPostId":{"commentsPage--[post:'t3_9xpl4v']":"t3_9xpl4v"},"ads":[]},"contentGate":{},"continueThreads":{"models":{"continueThread-t1_e9ucmzq":{"postId":"t3_9xpl4v","next":null,"depth":2,"parentId":"t1_e9ucmzq","prev":{"type":"comment","id":"t1_e9ucmzq"},"id":"continueThread-t1_e9ucmzq"}}},"creations":{"api":{"collection":{"createOrUpdate":{"error":null,"pending":false}},"draft":{"deleteDraft":{"error":{},"pending":{}},"listing":{"error":null,"pending":false},"save":{"error":{"apiError":null,"needsCaptcha":false,"validationError":null,"submitValidationError":null},"pending":false}},"editor":{"converting":{"pending":{}},"mediaUpload":{"error":null,"pending":false}},"page":{"error":{},"fetched":{},"pending":{}},"post":{"submit":{"error":{"apiError":null,"needsCaptcha":false,"validationError":null,"submitValidationError":null},"pending":false},"update":{"error":null,"pending":false}},"subreddit":{"change":{"error":null,"pending":false}}},"drafts":{},"formData":{"body":{"link":"","markdown":"","media":null,"rte":{"isBound":false,"editorKey":"944638","initialRTJSON":{"document":[]}}},"eventSchedule":null,"flair":null,"govType":null,"isChatPost":false,"isNSFW":false,"isOC":false,"isPoll":false,"isPublicLink":false,"isSpoiler":false,"newSubreddit":"","newTopMod":"","nextSubreddit":null,"ocCategory":null,"postToTwitter":false,"polls":null,"recaptcha":"","sendReplies":true,"submissionType":"post","title":""},"formState":{"fieldValidation":{"title":null,"body":null,"link":null,"flair":null},"isChanged":false,"modalId":null,"ocCategory":null,"submitMode":0},"postEditing":{"draft":{"markdown":"","rte":{"isBound":false,"editorKey":"93beae","initialRTJSON":{"document":[]}}},"editorMode":"richtext","postId":null}},"dashboard":{"selectedComponent":null,"subredditPending":false,"subredditLoaded":{}},"discoveryUnits":{"api":{"list":{"error":null,"loaded":true,"pending":false}},"models":{"xd_66":{"enabled":true,"id":"xd_66","layout":"large","parameters":{"sort":"hot"},"surface":"explore","unitName":"posts_in_category_rails_hero","unitType":"listing","url":"/api/posts_in_category.json"},"xd_67":{"enabled":true,"id":"xd_67","layout":"large","surface":"explore","unitName":"posts_in_subreddit_hero","unitType":"listing","url":"/r/%{subredditName}/hot.json"},"xd_68":{"enabled":true,"id":"xd_68","layout":"large","parameters":{"sort":"hot"},"surface":"explore","unitName":"posts_in_category_rails_small","unitType":"listing","url":"/api/posts_in_category.json"},"xd_69":{"enabled":true,"id":"xd_69","layout":"large","surface":"explore","unitName":"posts_in_subreddit_small","unitType":"listing","url":"/r/%{subredditName}/hot.json"},"xd_70":{"enabled":true,"id":"xd_70","layout":"large","surface":"search","unitName":"search_posts","unitType":"community_category","url":"/api/posts_in_category.json"},"xd_71":{"enabled":true,"id":"xd_71","layout":"large","surface":"search","unitName":"search_subreddits","unitType":"community_category","url":"/api/subreddits_in_category.json"},"xd_72":{"enabled":true,"id":"xd_72","layout":"large","surface":"subreddit_listing","unitName":"community_banner_posts","unitType":"subreddit_listing","url":"/r/%{subredditName}/top.json"},"xd_83":{"enabled":true,"id":"xd_83","layout":"large","surface":"subreddit_listing","unitName":"best_of_community","unitType":"subreddit_listing","url":"/r/%{subredditName}/top.json"},"xd_88":{"enabled":true,"id":"xd_88","layout":"large","surface":"front_page","title":"Similar communities to %{subredditName}","unitName":"chaining_similar_subreddits_posts","unitType":"listing"},"xd_89":{"enabled":true,"id":"xd_89","layout":"large","surface":"front_page","title":"Mildy similar posts","unitName":"chaining_similar_posts","unitType":"listing"},"xd_90":{"enabled":true,"id":"xd_90","layout":"large","surface":"comments","title":"Posts in subreddit %{subredditName}","unitName":"posts_in_subreddit_vertical","unitType":"listing"},"xd_91":{"enabled":true,"id":"xd_91","layout":"large","surface":"comments","title":"Posts in recommended home","unitName":"posts_in_rec_home","unitType":"listing"}},"nameToId":{"posts_in_category_rails_hero":"xd_66","posts_in_subreddit_hero":"xd_67","posts_in_category_rails_small":"xd_68","posts_in_subreddit_small":"xd_69","search_posts":"xd_70","search_subreddits":"xd_71","community_banner_posts":"xd_72","best_of_community":"xd_83","chaining_similar_subreddits_posts":"xd_88","chaining_similar_posts":"xd_89","posts_in_subreddit_vertical":"xd_90","posts_in_rec_home":"xd_91"}},"economics":{"currentBadgeManagementScreen":{"badgeType":"cosmetic","view":"gallery"},"currentModalArgs":null,"currentPaymentTarget":null,"emotes":{},"ftue":{"tippingHighlightViewed":null,"topTippersViewed":null},"paymentSystems":{"status":2},"specialMemberships":{"allSubscriptionsFetched":false,"data":{}},"subredditPremium":{},"tipDetails":{}},"emojis":{"api":{"list":{"pending":{}}},"models":{}},"externalAccount":{"api":{"connect":{"error":{},"pending":{}},"disconnect":{"error":{},"pending":{}},"user":{"error":{},"pending":{}},"subreddit":{"error":{},"fetched":{},"pending":{}}},"user":{},"subreddit":{}},"featureFlags":{"overrides":{"introModal":null,"markdownMode":null,"modQueue":null,"spBadges":null,"spCommunityTipJar":null,"spEmotes":null,"spFavoriteCreators":null,"spGovPolls":null,"spHarberger":null,"spLeaderboard":null,"spLoadtest":null,"spPoints":null,"spPolls":null,"spPremium":null,"spPremiumSubscriptions":null,"spPremiumUpsells":null,"spPublicPoints":null,"spSpinoffs":null,"spSupport":null,"spTopTippers":null,"communityTopics":null,"adminCommunityTopics":null,"events":null,"collections":null,"rteVideoPoster":null,"userSeenSubredditChatFtux":null,"userInChat":null,"userInSubredditChat":null,"userInChatUserSettings":null,"devAndStagingWatermark":null,"fpsMeter":null,"rabbitHole":null,"measureScrollFPS":null,"showVerboseErrors":null,"uappBanner":null,"canProxyGild":null,"experiments":null,"enableGraphQl":null,"importExportThemes":null,"flairRestrictions":null,"spezModal":null,"superbOwl":null,"enableShadowMode":null,"useGraphQLInFrontpage":null,"wikiEditing":null,"pushNotificationsBrowserSupported":null,"enableCrowdControlMode":null,"customFeeds":null,"snoovatar30":null,"isEmailPermissionRequired":null,"__requiredDoNotRemove":null}},"flairedUsers":{"api":{"error":null,"pending":false},"models":{},"pageInfo":{},"search":{"api":{"error":null,"pending":false},"result":null},"userOrder":{}},"fontFiles":[{"family":"IBMPlexSans","weight":700,"style":"normal","woffUrl":"fonts/IBMPlexSans/Bold-c34ba754b7235b49d33b294ff7a54179.woff","woff2Url":"fonts/IBMPlexSans/Bold-875de5047556e7c822519d95d7ee692d.woff2"},{"family":"IBMPlexSans","weight":500,"style":"normal","woffUrl":"fonts/IBMPlexSans/Medium-1051a531d3e1ee3483a6533158557139.woff","woff2Url":"fonts/IBMPlexSans/Medium-c4b185e25a4dde85a29f902cd5ce5360.woff2"},{"family":"IBMPlexSans","weight":400,"style":"normal","woffUrl":"fonts/IBMPlexSans/Regular-e6bbcdd30d3bd4d6b170bcb6d3552cab.woff","woff2Url":"fonts/IBMPlexSans/Regular-116bb6d508f5307861d3b1269bc597e7.woff2"},{"family":"Noto Mono","weight":400,"style":"normal","woffUrl":"fonts/NotoMono/Regular-e6bbcdd30d3bd4d6b170bcb6d3552cab.woff","woff2Url":"fonts/NotoMono/Regular-b16bb0524a7e7ee597970333c0c67180.woff2"},{"family":"Noto Mono","weight":400,"style":"normal","woffUrl":"fonts/NotoMono/el-Regular-06ee3f893717454d11a16c3e8d0aa9f9.woff","woff2Url":"fonts/NotoMono/el-Regular-29d72243d2cd6145b28bcb80dc33f0e4.woff2"},{"family":"Noto Sans","weight":700,"style":"italic","woffUrl":"fonts/NotoSans/Bold-Italic-255b4934a1f414dd312aa89382d65114.woff","woff2Url":"fonts/NotoSans/Bold-Italic-be39cd37f002d25d500c67b88871bed4.woff2"},{"family":"Noto Sans","weight":700,"style":"normal","woffUrl":"fonts/NotoSans/Bold-c34ba754b7235b49d33b294ff7a54179.woff","woff2Url":"fonts/NotoSans/Bold-d4ba4ecba17e90993f442f7bb082a3a2.woff2"},{"family":"Noto Sans","weight":400,"style":"normal","woffUrl":"fonts/NotoSans/Regular-e6bbcdd30d3bd4d6b170bcb6d3552cab.woff","woff2Url":"fonts/NotoSans/Regular-d6a6aa8dc0f93416a832ea04a18c6fb8.woff2"},{"family":"Noto Sans","weight":700,"style":"italic","woffUrl":"fonts/OldNotoSans/Bold-Italic-255b4934a1f414dd312aa89382d65114.woff","woff2Url":"fonts/OldNotoSans/Bold-Italic-5a241c76c24e463ef9bcc5855d20209b.woff2"},{"family":"Noto Sans","weight":700,"style":"normal","woffUrl":"fonts/OldNotoSans/Bold-c34ba754b7235b49d33b294ff7a54179.woff","woff2Url":"fonts/OldNotoSans/Bold-b85bf848c28799f5ad34ee29db68051c.woff2"},{"family":"Noto Sans","weight":400,"style":"normal","woffUrl":"fonts/OldNotoSans/Regular-e6bbcdd30d3bd4d6b170bcb6d3552cab.woff","woff2Url":"fonts/OldNotoSans/Regular-e50c34178d20d5fa4ab3c1f6c67901a9.woff2"}],"gild":{"api":{"error":null,"pending":false,"showLoader":false},"gildModalThingId":null,"includeMessage":false,"isAnonymous":false,"isIframed":false,"message":"","selectedAward":{"awardType":"GLOBAL","coinPrice":500,"coinReward":100,"description":"","daysOfDripExtension":0,"icon":{"url":"https://www.redditstatic.com/desktop2x/img/gold/badges/award-gold-medium.png?v=2"},"id":"gid_2","isEnabled":true,"name":"Gold","daysOfPremium":7}},"goldPurchase":{"coinPurchaseModal":{"activePage":"selectPayment","gildThingId":null,"purchasePackage":null,"showModal":false},"payment":{"cardName":"","cardValidation":{"cardCvc":"","cardExpiry":"","cardNumber":"","nameOnCard":"","postalCode":""},"paymentMethod":"paypal","paypal":{"errorMessage":null,"passthrough":""},"rememberCard":true,"savedCards":[],"savedCardsPending":false,"stripeToken":{"errorMessage":null,"pending":false},"useSavedCard":null},"premiumPurchaseModal":{"activePage":"selectPayment","showModal":false},"updateCardModal":{"pending":false}},"header":{"isSubscriptionsDropdownOpen":false},"imageUploads":{},"isEmailVerificationTooltipShowing":true,"isModeratorWithPostPerms":false,"jsApi":[],"leaderboard":{"api":{"error":{},"pending":{}},"dateRangeSelection":{},"models":{}},"listings":{"activeKey":"","listingOrder":{"api":{"error":{},"pending":{}},"identifiers":{},"ids":{},"fetchedTokens":{},"loadMore":{}},"postOrder":{"api":{"error":{},"pending":{}},"endMarkers":{},"fetchedTokens":{},"ids":{},"listingSort":{},"loadMore":{}}},"live":{"featured":null,"isFrontpageLoaded":false},"mediaPlayback":{"isMuted":true,"volume":1},"meta":{"isBot":false,"isSessionSeo":false,"userAgent":"Mozilla/5.0 (Windows NT 10.0; Win64; x64) AppleWebKit/537.36 (KHTML, like Gecko) Chrome/75.0.3770.142 Safari/537.36","country":"US","domain":"www.reddit.com","protocol":"https","sessionReferrerDomain":"","method":"GET","pageloadServerTime":1564652146774},"moderatingSubreddits":{},"moderationLog":{"actions":{"itemOrder":{},"models":{}},"endCursor":null,"hasNextPage":{},"hasPreviousPage":{},"moderators":[],"startCursor":null},"moderators":{"editableModerators":{},"editableUserOrder":{"data":{},"api":{"error":{},"pending":{}}},"invitedModerators":{"api":{"error":null,"pending":false},"models":{},"userOrder":{}},"invitePending":{},"loadMoreModerators":{},"loadMoreEditableModerators":{},"models":{},"search":{"api":{"error":null,"pending":false},"result":null},"userOrder":{"data":{},"api":{"error":{},"pending":{}}}},"modListingPage":{"filteredSubreddits":{"api":{"error":null,"pending":false},"names":[]}},"modModeEnabled":true,"modQueue":{"bulkAction":{"api":{"error":null,"pending":false},"selectedItems":{},"undoLastAction":{}},"edited":{"api":{"error":null,"pending":false},"itemOrder":{},"loadMore":{}},"moderatedCommunitiesOrder":{"after":null,"data":[],"loaded":false,"pending":false},"modqueue":{"api":{"error":null,"pending":false},"itemOrder":{},"loadMore":{}},"reports":{"api":{"error":null,"pending":false},"itemOrder":{},"loadMore":{}},"spam":{"api":{"error":null,"pending":false},"itemOrder":{},"loadMore":{}},"unmoderated":{"api":{"error":null,"pending":false},"itemOrder":{},"loadMore":{}}},"moreComments":{"api":{"error":{},"pending":{}},"models":{}},"multireddits":{"api":{"addSubreddit":{"error":null,"fetched":false,"pending":null},"create":{"error":null,"fetched":false,"pending":false},"deleteMulti":{"error":null,"fetched":false,"pending":false},"duplicate":{"error":null,"fetched":false,"pending":false},"edit":{"error":null,"fetched":false,"pending":false},"forUser":{"fetched":false,"pending":false},"recommendations":{"error":null,"fetched":false,"pending":true},"removeSubreddit":{"error":null,"fetched":false,"pending":null}},"byUserId":{},"models":{},"recommendations":{}},"muted":{"api":{"error":null,"pending":{}},"fetchedTokens":{},"inContext":null,"loadMore":{},"models":{},"search":{"api":{"error":null,"pending":false},"result":null},"userOrder":{}},"notificationBannerId":null,"nps":{"pending":false,"success":false},"oldSiteRules":[],"originalContent":{"bestPosts":{"api":{"error":{},"pending":{}}},"categories":{"api":{"error":null,"pending":false},"models":{}},"topCommunities":{"api":{"error":{},"pending":{}}},"topCreators":{"api":{"error":{},"pending":{}}}},"partnerSubredditConnection":{"api":{"page":{"error":{},"fetched":{},"pending":{}}}},"platform":{"allowNavigationCallback":null,"currentPage":{"key":"/r/vxrail/comments/9xpl4v/considering_vxrail/","meta":{"name":"comments"},"queryParams":{},"routeMatch":{"match":{"path":"/:routePrefix(r)/:subredditName/comments/:partialPostId/:urlSafePostTitle?","url":"/r/vxrail/comments/9xpl4v/considering_vxrail/","isExact":true,"params":{"routePrefix":"r","subredditName":"vxrail","partialPostId":"9xpl4v","urlSafePostTitle":"considering_vxrail"},"queryParams":{}},"route":{"path":"/:routePrefix(r)/:subredditName/comments/:partialPostId/:urlSafePostTitle?","chunk":"CommentsPage","exact":true,"meta":{"name":"comments"},"prefetches":["Frontpage","Subreddit"]}},"status":200,"url":"/r/vxrail/comments/9xpl4v/considering_vxrail/","urlParams":{"routePrefix":"r","subredditName":"vxrail","partialPostId":"9xpl4v","urlSafePostTitle":"considering_vxrail"},"isRobotIndexable":true},"lastPage":null,"referrers":{},"sessionReferrer":null,"metas":{"/r/vxrail/comments/9xpl4v/considering_vxrail/":{"title":"Considering VxRail... : vxrail"}}},"postCollection":{"models":{},"subredditToIds":{},"api":{"error":{"reorderError":null,"updateDescriptionError":null,"updateLayoutError":null},"pending":{"reorderPending":false,"updateDescriptionPending":false,"updateLayoutPending":false}}},"polls":{"api":{"voting":{"error":{},"pending":{}}},"models":{},"results":{"byLockedVotingPower":{},"byVoters":{},"byVotingPower":{}},"rewards":{}},"postFlair":{"t5_gkgjv":{"displaySettings":{"position":"right","isEnabled":true},"permissions":{"canAssignOwn":true},"templateIds":[],"templates":{}}},"posts":{"bestOCPosts":{},"chained":{"dismissed":false,"dismissedIdToListingKey":{},"idToListingKey":{}},"embedAndImage":{"loadable":{}},"expanded":{},"focus":null,"instances":{},"metaMap":{},"models":{"t3_9xpl4v":{"domain":"self.vxrail","isCrosspostable":false,"isMeta":false,"isStickied":false,"domainOverride":null,"callToAction":null,"eventsOnRender":[],"isScoreHidden":false,"saved":false,"numComments":12,"upvoteRatio":0.84,"author":"nvertedflyer","postCategories":null,"media":{"obfuscated":null,"richtextContent":{"document":[{"c":[{"e":"text","t":"I'm helping a small shop that has 70 or so VMs on six old Dell R810s, all connected to an old VNXe SAN with around 50TB or so of 7.2K drives. Just general purpose apps, no heavy hitter database or transactional stuff. Considering a VxRail solution to get them into the current century. What does the groupmind think?"}],"e":"par"}]},"type":"rtjson","rteMode":"richtext","mediaMetadata":null},"numCrossposts":0,"isSponsored":false,"id":"t3_9xpl4v","contentCategories":null,"source":null,"isLocked":false,"score":4,"isSpoiler":false,"isArchived":true,"contestMode":false,"liveCommentsWebsocket":"wss://ws-05b875714591d37f6.wss.redditmedia.com/link/9xpl4v?m=AQAA8wNEXY5jqhkJzRrXehVHsyQBGKtbW25pXp1ZOnYnZY-YEzj1","thumbnail":{"url":"self","width":null,"height":null},"belongsTo":{"type":"subreddit","id":"t5_gkgjv"},"crosspostRootId":null,"crosspostParentId":null,"sendReplies":true,"goldCount":0,"gildings":null,"authorId":"t2_cjlag","isNSFW":false,"isMediaOnly":false,"postId":"t3_9xpl4v","suggestedSort":null,"hidden":false,"viewCount":0,"permalink":"https://www.reddit.com/r/vxrail/comments/9xpl4v/considering_vxrail/","created":1542398320000,"title":"Considering VxRail...","events":[],"isOriginalContent":false,"distinguishType":null,"discussionType":null,"voteState":0,"flair":[],"isBlank":false,"numDuplicates":0}},"recent":[],"video":{"autoPlayed":{},"buffering":{},"consumed":{},"continuousViewStartedAt":{},"fullscreen":null,"loadable":{},"loadTimes":{},"metadata":{},"paused":{},"playing":{},"started":{},"time":{}}},"postStickiedComments":{"data":{}},"givePremium":{"api":{"error":null,"pending":false},"givePremiumModalAccountName":""},"products":{"api":{"fetch":{"error":{},"pending":{}},"purchase":{"error":{},"pending":{}}},"currentlyPurchasing":null,"models":{}},"profileCommentsPage":{"api":{"error":{},"pending":{}},"endMarkers":{},"fetchedTokens":{},"commentIds":{},"loadMore":{}},"profilePrivatePage":{"api":{"error":{},"pending":{}},"ids":{},"pageInfo":{}},"profileModSettingsPage":{"api":{"pending":true}},"profileOverviewPage":{"chrono":{"api":{"error":{},"pending":{}},"fetchedTokens":{},"ids":{},"loadMore":{}},"conversations":{"api":{"error":{},"pending":{}},"extraComments":{"api":{"error":{},"pending":{}},"models":{}},"keyToCommentThreadLinkSets":{},"keyToHeadCommentId":{},"keyToPostId":{}}},"profilePostsPage":{},"profiles":{"about":{},"models":{},"moderated":{"api":{"pending":{}},"models":{},"pageInfo":{}},"multireddits":{"api":{"pending":{}},"pageInfo":{}},"pinnedPosts":{"data":{},"initialData":{},"pending":{}},"trophyCases":{}},"providerFlair":{"models":{"t5_gkgjv":{"BulkyPeanut":null,"[deleted]":null,"nvertedflyer":null,"TimuraCZ":null,"lost_signal":null,"bimmerman535":null,"jbranton212":null,"kiwibloke":null}}},"promos":{"mobilePromoBanner":false,"upsellSignUpBannerLarge":false,"upsellSignUpBannerMedium":false,"upsellSignUpBannerSmall":null},"recommendations":{},"removalReasons":{"api":{"error":null,"pending":false},"models":{},"reasonOrder":{},"removedItemIds":null},"reportFlow":{"api":{"error":{},"pending":{},"success":{}},"openedFromModalPage":false,"postOrCommentId":null,"userIsMod":false},"reportPage":{"reportPageApi":{"error":null,"pending":false,"success":false},"reportPageRules":[]},"requestHost":"www.reddit.com","runTimeEnvVars":{"staging":false,"startTimeInMillis":1564651864343},"search":{"relatedQueries":{},"searchQuery":null,"typeahead":{"idsByQuery":{},"models":{}},"viewTreatment":{}},"searchDiscoveryUnits":{"headerContent":{},"models":{},"order":{}},"seo":{"crawler":null,"linksModule":{}},"shortcuts":{"activeCommentId":null,"activePostId":"t3_9xpl4v","namespace":"CommentPage"},"sidebarPromotedPosts":{"firstFetch":false,"models":{}},"sitewideRules":[],"structuredStyles":{"draft":{},"exportStyles":{"error":null,"pending":false},"flairTemplate":{"models":{}},"imagePreviews":{},"isBladeEditorDirty":false,"isEditing":null,"models":{"t5_gkgjv":{"menuBackgroundBlur":null,"menuLinkColorInactive":null,"menuLinkColorHover":null,"bannerCommunityNameFormat":null,"postUpvoteIconInactive":null,"highlightColor":"#646d73","menuBackgroundOpacity":null,"postUpvoteCountColor":null,"bannerHeight":"large","postBackgroundColor":"#edeff1","mobileBannerImage":null,"bannerOverlayColor":null,"bannerCommunityName":null,"postDownvoteIconActive":null,"postUpvoteIconActive":null,"menuBackgroundColor":null,"postBackgroundImagePosition":null,"backgroundImage":"https://styles.redditmedia.com/t5_gkgjv/styles/backgroundImage_pg61qa7a9bk11.jpg?format=pjpg\u0026s=ada2b5115c8e23661749342696aadbe012b1485b","bannerBackgroundImagePosition":"tiled","backgroundColor":"#646d73","submenuBackgroundStyle":null,"backgroundImagePosition":"cover","bannerShowCommunityIcon":null,"bannerBackgroundColor":"#646d73","submenuBackgroundColor":null,"sidebarWidgetHeaderColor":"#646d73","bannerPositionedImagePosition":null,"bannerBackgroundImage":"https://styles.redditmedia.com/t5_gkgjv/styles/bannerBackgroundImage_c661ci1t8bk11.png","postDownvoteCountColor":null,"postPlaceholderImagePosition":null,"postDownvoteIconInactive":null,"primaryColor":"#edeff1","sidebarWidgetBackgroundColor":"#bbbdbf","mobileKeyColor":"#545452","menuPosition":null,"postVoteIcons":null,"menuLinkColorActive":null,"bannerPositionedImage":null,"secondaryBannerPositionedImage":null,"menuBackgroundImage":null,"postBackgroundImage":null,"postPlaceholderImage":null,"communityIcon":"https://styles.redditmedia.com/t5_gkgjv/styles/communityIcon_gie59vuzzak11.png","postTitleColor":null}}},"stylesheets":"https://www.redditstatic.com/desktop2x/chunkCSS/Reddit.44c4e6e827a82a16994e.css","subredditAutocomplete":{"api":{"error":{},"pending":{}},"models":{}},"subredditChannels":{"api":{"error":{},"pending":{},"whitelist":{}},"models":{},"selected":null},"subreddits":{"about":{"t5_gkgjv":{"contentCategory":"","publicDescription":"The un-official Dell EMC VxRail SubReddit.\n\nDell EMC VxRail Hyper-Converged Infrastructure Appliances (G Series, E Series, V Series, P Series, S Series), software running on them (VxRail Manager, VMware Virtual SAN Enterprise, VMware vCenter Server, VMware vRealize Log Insight, VMware vSphere Data Protection, VMware vSphere Replication, Dell EMC Recoverpoint for VMs, Dell EMC CloudArray).","hasExternalAccount":false,"userIsSubscriber":null,"accountsActive":5,"advertiserCategory":"","allOriginalContent":false,"restrictCommenting":false,"showMedia":true,"restrictPosting":true,"subscribers":253,"allowedPostTypes":{"images":true,"text":true,"videos":true,"links":true,"spoilers":true},"usingNewModmail":true,"emojisEnabled":true,"disableContributorRequests":false,"userIsContributor":null,"originalContentTagEnabled":false}},"api":{"about":{"error":{},"pending":false},"connectToPartner":{"error":null,"lastConnectedSubredditId":null,"pending":false},"create":{"error":{"apiError":null},"lastCreatedSubredditId":null,"pending":false},"rankings":{"error":null,"pending":false},"rules":false,"similar":{"pending":{}},"topContent":{"error":{},"pending":{}},"wiki":{"error":{},"pending":{}}},"appliedFilters":{"meta":{}},"byCategory":{},"communityInfo":{},"crosspostable":{"api":{"errors":null,"pending":false},"ids":{}},"duplicates":{"models":{}},"gov":{"assets":{},"communityJar":{},"distributions":{},"meta":{},"releaseNotes":{}},"models":{"t5_gkgjv":{"whitelistStatus":"no_ads","isNSFW":false,"subscribers":253,"primaryColor":"#edeff1","id":"t5_gkgjv","icon":{"url":"https://b.thumbs.redditmedia.com/27eKnzqwpmMb0aGj3TFo4IqlngjWGQAaRaTBWOz0u_E.png","width":256,"height":256},"isQuarantined":false,"name":"vxrail","title":"Dell EMC VxRail","url":"/r/vxrail/","wls":null,"freeFormReports":true,"displayText":"r/vxrail","type":"public","communityIcon":"https://styles.redditmedia.com/t5_gkgjv/styles/communityIcon_gie59vuzzak11.png"}},"moderated":{"api":{"errors":null,"fetched":false,"pending":false},"order":null},"original":[],"products":{},"rankings":{},"rankingsPageInfo":{},"rules":{},"settings":{},"similar":{},"subredditWiki":{"diff":{},"directory":{},"pages":{},"pageSettings":{},"revisions":{"api":{"error":{},"pending":{}},"listings":{},"models":{}}},"top":{},"topContent":{},"trending":[]},"subredditSettings":{"postRequirements":{"formState":{"isLoading":true,"isSaving":false,"hasFormError":false,"serverError":null,"titleStrings":{"isToggled":false,"strings":[]},"titleRegEx":{"isToggled":false,"regex":[]},"titleLength":{"isToggled":false,"min":null,"max":null},"postLength":{"isToggled":false,"min":null,"max":null},"postingGuidelines":{"requirement":"none","guidelines":null},"postBodyRequirement":"none","linkListPermission":"none","linkDomain":{"whitelist":[],"blacklist":[]},"reposts":{"isToggled":false,"days":null},"flair":{"isToggled":false}},"formErrors":{"titleRegEx":{"regex":null},"titleStrings":{"strings":null},"titleLength":{"min":null,"max":null},"postLength":{"min":null,"max":null},"postingGuidelines":{"guidelines":null},"postBodyRequirement":{"requirement":null},"linkListPermission":{"permission":null},"linkDomain":{"whitelist":null,"blacklist":null},"reposts":{"days":null}},"initialData":null},"requirementsBySubreddit":{}},"subredditStickyPosts":{"data":{}},"subscriptions":{"api":{"errors":null,"fetched":false,"pending":false},"favoriteMultiOrder":[],"favoriteProfileOrder":[],"favoriteSubredditOrder":[],"multiredditOrder":[],"profileOrder":[],"subredditOrder":[]},"tags":{"api":{"create":{"pending":false,"error":false},"deleteTag":{"pending":false,"error":false},"fetch":{"pending":false,"error":false},"update":{"pending":false,"error":false}},"availableGlobalTagOrder":{"global":[],"recommendedGlobal":[]},"models":{"globalSubredditTags":{},"subredditScopedTags":{},"itemTags":{},"suggestedItemTags":{},"sortedItemTags":{}},"selected":{"selectedOptions":{},"selectedSuggestedOptions":{},"deselectedOptions":{},"deselectedSuggestedOptions":{},"inputByItemId":{},"suggestedInputByItemId":{}}},"themes":{},"toaster":[],"tooltipId":null,"tracking":{"viewportDataLoaded":{}},"trafficStats":{"pending":false,"trafficStats":null},"transfers":{"communityPoints":{"api":{"error":null,"pending":false},"contentId":null,"initialRecipient":""}},"trending":{"models":[]},"trophies":{},"uploads":{},"user":{"account":null,"accountSettings":{"changeEmail":{"api":{"error":null,"pending":false}},"resetPassword":{"api":{"pending":false}},"sendResetEmail":{"api":{"pending":false,"emailSent":false}}},"blocked":{"api":{},"data":[]},"chatSettings":{"invitePolicy":"Everyone"},"drafts":null,"experiments":{"models":[{"id":207,"name":"android_email_digest_copy","variant":"treatment_1","version":"8"},{"id":328,"name":"android_graphql_all_feed_5","variant":"enabled","version":"1"},{"id":326,"name":"android_graphql_popular_feed_6","variant":"enabled","version":"1"},{"id":184,"name":"android_max_video_bitrate","variant":"2_0_mbps","version":"4"},{"id":62,"name":"best_sort_explore_batch","variant":"best_sort_explore_enabled","version":"5"},{"id":206,"name":"chat_posts_android_2","variant":"chat_view","version":"4"},{"id":210,"name":"chat_posts_android_2_features","variant":"true","version":"7"},{"id":127,"name":"d2x_graphql_home_feed","variant":"gql_home_feed","version":"21"},{"id":69,"name":"desktop_seo_post_test_v1","variant":"listing_on_bottom","version":"10"},{"id":164,"name":"desktop_seo_post_v2_truncate","variant":"both","version":"3"},{"id":58,"name":"dn_perms_current_pre_prompt","variant":"dark_system_dialogue","version":"9"},{"id":226,"name":"email_digest_frequency","variant":"twice_per_week","version":"4"},{"id":177,"name":"email_permissions","variant":"treatment_1","version":"5"},{"id":106,"name":"email_verification_banner","variant":"tooltip","version":"3"},{"id":285,"name":"hide_best_of_community","variant":"control_1","version":"2"},{"id":265,"name":"ios_email_permissions","variant":"treatment_1","version":"4"},{"id":310,"name":"ios_graphql_home_feed_3","variant":"enabled","version":"1"},{"id":311,"name":"ios_graphql_popular_feed_2","variant":"enabled","version":"1"},{"id":325,"name":"ios_graphql_post_feeds_1","variant":"enabled","version":"1"},{"id":245,"name":"ios_post_collections_v2","variant":"enabled","version":"1"},{"id":315,"name":"ios_screenshot_share","variant":"droptop","version":"2"},{"id":72,"name":"ios_wkwebview_youtube_rollout","variant":"enabled","version":"5"},{"id":86,"name":"jerome_test","variant":"0_3_50_unmetered","version":"12"},{"id":50,"name":"lnl_vs_best_vs_explore_exploit","variant":"best_sort","version":"33"},{"id":57,"name":"logged_in_transactional_dn_test","variant":"treatment","version":"5"},{"id":98,"name":"logged_in_trending_dns_2","variant":"trending_only","version":"5"},{"id":137,"name":"logged_out_pn_personalization","variant":"expanded_best_sort_tos","version":"15"},{"id":104,"name":"logged_out_trending_dns","variant":"enabled","version":"9"},{"id":155,"name":"logged_out_weighted_tos_notification","variant":"best_sort_tos_boosting_5","version":"7"},{"id":257,"name":"low_karma_rate_limit","variant":"limit_10_per_hour","version":"4"},{"id":120,"name":"manual_sr_recommendations","variant":"direct_tos","version":"5"},{"id":194,"name":"meta_features","variant":"true","version":"3"},{"id":212,"name":"new_media_transitions","variant":"enabled","version":"3"},{"id":90,"name":"non_personalized_notification_frequency","variant":"control_2","version":"8"},{"id":158,"name":"pn_sub_fallback","variant":"best_sort_fallback","version":"4"},{"id":47,"name":"popular_re_sort","variant":"control_1","version":"23"},{"id":140,"name":"post_view_consume_killswitch","variant":"false","version":"2"},{"id":79,"name":"rails_search_results_redesign","variant":"treatment_1","version":"9"},{"id":169,"name":"redesign_feed_chaining_logged_in","variant":"factorization_similar","version":"14"},{"id":170,"name":"redesign_feed_chaining_logged_out","variant":"factorization_similar","version":"15"},{"id":43,"name":"redesign_go_to_home","variant":"home_after_0","version":"7"},{"id":83,"name":"related_queries_rollout","variant":"active","version":"9"},{"id":329,"name":"subreddit_recommendation_tod","variant":"thirty_day_most_active","version":"1"},{"id":78,"name":"time_on_subreddit_push_notifications","variant":"expanded_best_sort","version":"12"},{"id":281,"name":"top_subreddits_test","variant":"variant_1","version":"4"},{"id":63,"name":"trending_dropdown_redesign","variant":"treatment_1","version":"9"},{"id":81,"name":"trending_entrypoint_redesign","variant":"treatment_1","version":"7"},{"id":153,"name":"weighted_random_tos_notification","variant":"best_sort_tos_boosting_5","version":"8"},{"id":119,"name":"work_manager_android","variant":"true","version":"6"}],"localPersisted":{},"overrides":{}},"features":{},"isCustomizeFlyoutShowing":false,"topContentDismissalPrefsSet":null,"language":"en","loggedOutData":{"accountCompleteness":{"collapsed":false,"step":"initial"},"dataLoaded":false,"feedMultiName":[],"homeFeed":{"similar":[],"topBanner":{"isClosed":false,"viewsCount":0},"views":["vxrail"],"votes":{}},"isFrontpageHome":false,"postsCount":0,"tooltips":{"home_active":{},"subscribe_feed":{},"subscribe_id":{},"subscribe_reminder":{},"vote":{},"vote_reminder":{},"vote_success":{}},"views":{"count":{"beforeBanner":0,"total":1},"posts":["t3_9xpl4v"]},"votes":{"comments":{},"posts":{}}},"loid":{"blob":"Z0FBQUFBQmRRckp5RC1EWFFhOGZsekJxU0dGSzh4aGFCUS1kMWZMUGFvTEo2djJjZVFmeERTNExIWWdLaExWeTF5cEJVbVVJdXpnS19BUzZYMmRTMFFkU0ltWnZlMm5WbUJ0ZmxVQm9ManpnRXI3NmxFSHJwbUFqMzBHZXVpSjhyd3dsTFdfamhvaDU","loid":"00000000004a2adxhi","loidCreated":"1564652146825","version":2},"notificationPrefs":{"api":{"getPreferences":{"error":null,"loaded":false,"pending":false},"setPreferences":{"error":null,"loaded":false,"pending":false}},"isPrePromptVisible":false,"preferences":{"chatMessages":false,"trendingPosts":false,"unreadMessages":false}},"ownedBadges":{},"prefs":{"allowClickTracking":false,"autoplayVideo":true,"collapsedTraySections":{"favorites":false,"multis":false,"moderating":false,"subscriptions":false,"profiles":false},"commentMode":"richtext","layout":"card","rememberCommunityLayout":false,"defaultCommentSort":"confidence","editorMode":"richtext","featuresViewedHistory":{"commentForm":{"markdownModeNotification":false}},"globalTheme":"REDDIT","hasSeenCustomizeFlyout":true,"hideNSFW":true,"ignoreSuggestedSort":false,"labelNSFW":true,"markMessagesRead":true,"nightmode":false,"openPostInNewTab":false,"over18":false,"showActiveCommunities":true,"showTwitter":false,"sort":"hot","stylesEnabled":true,"subreddit":{},"topContentDismissalTime":0,"topContentTimesDismissed":0,"rememberCommunitySort":false,"useMarkdown":false},"reddaid":"","session":{"accessToken":"-CM0jndOXsZiw1xEly6Acgt_g2UI","expires":"2019-08-01T10:35:46.841Z","expiresIn":3600,"unsafeLoggedOut":true,"safe":true},"sessionRefreshFailed":false,"sessionTracker":"ovgyHCVINNNuAKVKP6.0.1564652147181.Z0FBQUFBQmRRckp6TzVhOW9zUHUyWmRJVFh4cFJlc0NaZEpiT3lQR2x3aGkxa0pzNWdUNlRIVHBMUGplM05ER2tDeWpaQ2xMXzJ6SXppWnB1S0VnWmIzRnBaOS1TWWlvYlRTQlJQRHhRSWdiZ3Y1QTJta3gxa0owU1FWNlQ0WVd1MWNZOUFQbGk0aF8","shuffledCategories":["travel","relationships","science","advice","photography","vroom","animals","dIY","food","picsAndGifs","music","gaming","tv","outdoors","health","memes","news","tech","fashion","electronics","videos","writing","sports","entertainment","funny","art","videoGames"],"temporaryGQL":{"isEmployee":null,"isLoggedIn":false},"wallets":{},"whitelist":{"api":{},"data":[]}},"userFlair":{"t5_gkgjv":{"applied":null,"templates":{},"templateIds":[],"displaySettings":{"position":"right","isEnabled":true,"isUserEnabled":false},"permissions":{"canUserChange":false,"canAssignOwn":true}}},"users":{"api":{"error":{},"pending":false},"appliedBadges":{},"models":{},"nameAvailable":{},"publicWallets":{},"topOCCreators":{}},"widgets":{"idCardIds":{"t5_gkgjv":"widget_id-card-gkgjv"},"menuIds":{},"models":{"widget_moderators-gkgjv":{"styles":{"headerColor":null,"backgroundColor":null},"kind":"moderators","mods":[{"name":"xo_NetworkGod_xo","authorFlairType":"text","authorFlairTextColor":"dark","authorFlairBackgroundColor":"","authorFlairRichText":[],"authorFlairText":null},{"name":"UncleHoboBill","authorFlairType":"text","authorFlairTextColor":"dark","authorFlairBackgroundColor":"","authorFlairRichText":[],"authorFlairText":null}],"totalMods":2,"id":"widget_moderators-gkgjv"},"widget_id-card-gkgjv":{"styles":{"headerColor":null,"backgroundColor":null},"kind":"id-card","description":"The un-official Dell EMC VxRail SubReddit.\n\nDell EMC VxRail Hyper-Converged Infrastructure Appliances (G Series, E Series, V Series, P Series, S Series), software running on them (VxRail Manager, VMware Virtual SAN Enterprise, VMware vCenter Server, VMware vRealize Log Insight, VMware vSphere Data Protection, VMware vSphere Replication, Dell EMC Recoverpoint for VMs, Dell EMC CloudArray).","id":"widget_id-card-gkgjv","currentlyViewingCount":5,"currentlyViewingText":"","subscribersCount":253,"subscribersText":"","shortName":"Community Details"}},"moderatorIds":{"t5_gkgjv":"widget_moderators-gkgjv"},"sidebar":{"t5_gkgjv":[]}}}