{"accountManagerModalData":{},"activeModalId":null,"ads":{},"apiRequestState":{},"approvedSubmitters":{"api":{"error":null,"pending":{}},"fetchedTokens":{},"loadMore":{},"models":{},"search":{"api":{"error":null,"pending":false},"result":null},"userOrder":{}},"authorFlair":{"inContext":null,"models":{"t5_2qnan":{"hurrdlethesquirtle":null,"StorageReview":null,"jasped":null,"jshiplett":{"text":"[VCDX-DCV/DTM]","richtext":[],"backgroundColor":"","templateId":null,"textColor":"dark","type":"text"},"Easik":null,"SantaSCSI":null,"skarsol":null,"[deleted]":null,"epickerfuffle":null,"Ant1mat3r":null,"nyintensity":null,"nstock":null,"caszm1":null,"ChristopherY5":null,"lost_signal":{"text":"Too ESXY for his datacenter...","richtext":[],"backgroundColor":"","templateId":null,"textColor":"dark","type":"text"},"bongthegoat":null,"HenryTheNoodle":null,"Xenocamry":null}}},"awards":{"blacklist":{},"create":{"api":{"error":null,"pending":false}},"manageable":{"api":{"error":null,"pending":{}},"order":{}},"models":{},"usable":{"api":{"error":null,"pending":{}},"order":{}}},"badges":{"api":{"subreddit":{"error":{},"pending":{}},"user":{"error":{},"pending":{}}},"models":{}},"banned":{"api":{"error":null,"pending":{}},"fetchedTokens":{},"inContext":null,"loadMore":{},"models":{},"search":{"api":{"error":null,"pending":false},"result":null},"userOrder":{}},"blockUser":{"api":{"error":{},"pending":{}}},"brandSafety":{"isViewSafe":true,"hasBrandSafetyBeenAssessed":false},"categories":{"api":{"list":{"error":null,"loaded":false,"pending":false},"subreddits":{"error":{},"loaded":{},"pending":{}}},"ids":[],"models":{},"nameToId":{}},"chat":{"isInited":false,"isUserSubredditChatEnabled":false,"subredditSettings":{"subredditId":null,"bannedWords":"","domains":"","rateLimit":-1,"regexes":[]},"promos":{"displaySubredditChatFtux":false},"unread":{"api":{"error":{"apiError":null},"pending":false},"count":{"basicChannelCount":0,"subredditChannelCount":0}}},"claimGold":{"api":{"error":null,"pending":false,"showLoader":false},"code":"","showModal":false},"comments":{"collapsed":{"commentsPage--[post:'t3_a6pwyb']":{}},"drafts":{"replyToPost_t3_a6pwyb":{"commentMode":"richtext","draftType":0,"hasFocus":false,"rteState":null,"text":""}},"focused":{},"hidden":{},"isEditing":{},"models":{"t1_ebyue3x":{"editedAt":null,"isStickied":false,"isMod":false,"postAuthor":null,"isScoreHidden":false,"id":"t1_ebyue3x","isDeleted":true,"author":"[deleted]","media":{"richtextContent":{"document":[{"c":[{"e":"text","t":"[deleted]"}],"e":"par"}]},"type":"rtjson","rteMode":"richtext"},"isAdmin":false,"isOp":false,"isLocked":false,"score":1,"parentId":"t1_ebyudzw","subredditId":"t5_2qnan","collapsedReason":null,"collapsed":false,"sendReplies":true,"goldCount":0,"gildings":null,"authorId":null,"postId":"t3_a6pwyb","permalink":"/r/vmware/comments/a6pwyb/dell_emc_vxrail_p570f_review/ebyue3x/","created":1545035057,"postTitle":null,"distinguishType":null,"isSaved":false,"voteState":0,"deletedBy":"user"},"t1_ebxims6":{"editedAt":null,"isStickied":false,"isMod":false,"postAuthor":null,"isScoreHidden":false,"id":"t1_ebxims6","isDeleted":false,"author":"StorageReview","media":{"richtextContent":{"document":[{"c":[{"e":"text","t":"Both times we've looked at this it's been pretty easy. Normally it appears people get hung up on network settings."}],"e":"par"}]},"type":"rtjson","rteMode":"richtext"},"isAdmin":false,"isOp":false,"isLocked":false,"score":5,"parentId":"t1_ebxgmgl","subredditId":"t5_2qnan","collapsedReason":null,"collapsed":false,"sendReplies":true,"goldCount":0,"gildings":null,"authorId":"t2_nh56b","postId":"t3_a6pwyb","permalink":"/r/vmware/comments/a6pwyb/dell_emc_vxrail_p570f_review/ebxims6/","created":1544991355,"postTitle":null,"distinguishType":null,"isSaved":false,"voteState":0,"deletedBy":null},"t1_ebxa2qn":{"editedAt":null,"isStickied":false,"isMod":false,"postAuthor":null,"isScoreHidden":false,"id":"t1_ebxa2qn","isDeleted":false,"author":"jshiplett","media":{"richtextContent":{"document":[{"c":[{"e":"text","t":"Price is what it is, but what makes you think performance would be any different given an identically configured node?"}],"e":"par"}]},"type":"rtjson","rteMode":"richtext"},"isAdmin":false,"isOp":false,"isLocked":false,"score":4,"parentId":"t1_ebx4h33","subredditId":"t5_2qnan","collapsedReason":null,"collapsed":false,"sendReplies":true,"goldCount":0,"gildings":null,"authorId":"t2_6vdf3","postId":"t3_a6pwyb","permalink":"/r/vmware/comments/a6pwyb/dell_emc_vxrail_p570f_review/ebxa2qn/","created":1544985591,"postTitle":null,"distinguishType":null,"isSaved":false,"voteState":0,"deletedBy":null},"t1_ebx5j10":{"editedAt":null,"isStickied":false,"isMod":false,"postAuthor":null,"isScoreHidden":false,"id":"t1_ebx5j10","isDeleted":false,"author":"nyintensity","media":{"richtextContent":{"document":[{"c":[{"e":"text","t":"They seem to believe they're still competitive..."}],"e":"par"}]},"type":"rtjson","rteMode":"richtext"},"isAdmin":false,"isOp":false,"isLocked":false,"score":1,"parentId":"t1_ebx4h33","subredditId":"t5_2qnan","collapsedReason":null,"collapsed":false,"sendReplies":true,"goldCount":0,"gildings":null,"authorId":"t2_763u0","postId":"t3_a6pwyb","permalink":"/r/vmware/comments/a6pwyb/dell_emc_vxrail_p570f_review/ebx5j10/","created":1544982426,"postTitle":null,"distinguishType":null,"isSaved":false,"voteState":0,"deletedBy":null},"t1_ebxijmw":{"editedAt":null,"isStickied":false,"isMod":false,"postAuthor":null,"isScoreHidden":false,"id":"t1_ebxijmw","isDeleted":false,"author":"StorageReview","media":{"richtextContent":{"document":[{"c":[{"e":"text","t":"Performance would be the same, the additional rail setup and system management goodies aren't overhead. That said, the appetite to send us ready nodes is pretty low across the board. Dell EMC wants to sell VxRail of course and HPE won't even talk Ready Nodes unless you ask really hard ;) The closest we get usually are systems from Supermicro, like in the Optane vSAN review we did recently."}],"e":"par"}]},"type":"rtjson","rteMode":"richtext"},"isAdmin":false,"isOp":false,"isLocked":false,"score":2,"parentId":"t1_ebx4h33","subredditId":"t5_2qnan","collapsedReason":null,"collapsed":false,"sendReplies":true,"goldCount":0,"gildings":null,"authorId":"t2_nh56b","postId":"t3_a6pwyb","permalink":"/r/vmware/comments/a6pwyb/dell_emc_vxrail_p570f_review/ebxijmw/","created":1544991299,"postTitle":null,"distinguishType":null,"isSaved":false,"voteState":0,"deletedBy":null},"t1_ebytb8e":{"editedAt":null,"isStickied":false,"isMod":false,"postAuthor":null,"isScoreHidden":false,"id":"t1_ebytb8e","isDeleted":false,"author":"SantaSCSI","media":{"richtextContent":{"document":[{"c":[{"e":"text","t":"Aahhh the goold old 2U4N days. Quite the excitement that was."}],"e":"par"}]},"type":"rtjson","rteMode":"richtext"},"isAdmin":false,"isOp":false,"isLocked":false,"score":1,"parentId":"t1_ebyfraf","subredditId":"t5_2qnan","collapsedReason":null,"collapsed":false,"sendReplies":true,"goldCount":0,"gildings":null,"authorId":"t2_anjkc","postId":"t3_a6pwyb","permalink":"/r/vmware/comments/a6pwyb/dell_emc_vxrail_p570f_review/ebytb8e/","created":1545033173,"postTitle":null,"distinguishType":null,"isSaved":false,"voteState":0,"deletedBy":null},"t1_eby9x1a":{"editedAt":null,"isStickied":false,"isMod":false,"postAuthor":null,"isScoreHidden":false,"id":"t1_eby9x1a","isDeleted":false,"author":"StorageReview","media":{"richtextContent":{"document":[{"c":[{"e":"text","t":"We're still on the Nutanix \"not friends\" list."}],"e":"par"}]},"type":"rtjson","rteMode":"richtext"},"isAdmin":false,"isOp":false,"isLocked":false,"score":4,"parentId":"t1_ebxy51h","subredditId":"t5_2qnan","collapsedReason":null,"collapsed":false,"sendReplies":true,"goldCount":0,"gildings":null,"authorId":"t2_nh56b","postId":"t3_a6pwyb","permalink":"/r/vmware/comments/a6pwyb/dell_emc_vxrail_p570f_review/eby9x1a/","created":1545011836,"postTitle":null,"distinguishType":null,"isSaved":false,"voteState":0,"deletedBy":null},"t1_ebybdpq":{"editedAt":null,"isStickied":false,"isMod":false,"postAuthor":null,"isScoreHidden":false,"id":"t1_ebybdpq","isDeleted":false,"author":"caszm1","media":{"richtextContent":{"document":[{"c":[{"e":"text","t":"Running our first cluster for a few months now and  it has been very positive. 4 node installation went fine, no issues, but there is some networking configuration to get it right. Ordering a few more modes this year.  Retirement of my SAN is on the roadmap ;-)"}],"e":"par"}]},"type":"rtjson","rteMode":"richtext"},"isAdmin":false,"isOp":false,"isLocked":false,"score":2,"parentId":null,"subredditId":"t5_2qnan","collapsedReason":null,"collapsed":false,"sendReplies":true,"goldCount":0,"gildings":null,"authorId":"t2_11cb14gq","postId":"t3_a6pwyb","permalink":"/r/vmware/comments/a6pwyb/dell_emc_vxrail_p570f_review/ebybdpq/","created":1545013122,"postTitle":null,"distinguishType":null,"isSaved":false,"voteState":0,"deletedBy":null},"t1_ebzji3q":{"editedAt":null,"isStickied":false,"isMod":false,"postAuthor":null,"isScoreHidden":false,"id":"t1_ebzji3q","isDeleted":false,"author":"lost_signal","media":{"richtextContent":{"document":[{"c":[{"c":[{"e":"text","t":"Time sync issues occurred again. But I do think this is due to our vCenter setup"}],"e":"par"}],"e":"blockquote"},{"c":[{"e":"text","t":"vSAN's got a Time drift alarm to catch this happening early and cluster quick starts now directs you to setup NTP (Time.Vmware.com works BTW!)"}],"e":"par"}]},"type":"rtjson","rteMode":"richtext"},"isAdmin":false,"isOp":false,"isLocked":false,"score":1,"parentId":"t1_ebyudzw","subredditId":"t5_2qnan","collapsedReason":null,"collapsed":false,"sendReplies":true,"goldCount":0,"gildings":null,"authorId":"t2_bhuku","postId":"t3_a6pwyb","permalink":"/r/vmware/comments/a6pwyb/dell_emc_vxrail_p570f_review/ebzji3q/","created":1545065813,"postTitle":null,"distinguishType":null,"isSaved":false,"voteState":0,"deletedBy":null},"t1_ebybkw3":{"editedAt":null,"isStickied":false,"isMod":false,"postAuthor":null,"isScoreHidden":false,"id":"t1_ebybkw3","isDeleted":false,"author":"bongthegoat","media":{"richtextContent":{"document":[{"c":[{"e":"u/","t":"storagereview","l":true},{"e":"text","t":" you guys should try and do a review on datrium gear."}],"e":"par"}]},"type":"rtjson","rteMode":"richtext"},"isAdmin":false,"isOp":false,"isLocked":false,"score":-1,"parentId":null,"subredditId":"t5_2qnan","collapsedReason":null,"collapsed":false,"sendReplies":true,"goldCount":0,"gildings":null,"authorId":"t2_7xcgb","postId":"t3_a6pwyb","permalink":"/r/vmware/comments/a6pwyb/dell_emc_vxrail_p570f_review/ebybkw3/","created":1545013302,"postTitle":null,"distinguishType":null,"isSaved":false,"voteState":0,"deletedBy":null},"t1_ebxgmgl":{"editedAt":null,"isStickied":false,"isMod":false,"postAuthor":null,"isScoreHidden":false,"id":"t1_ebxgmgl","isDeleted":false,"author":"nstock","media":{"richtextContent":{"document":[{"c":[{"e":"text","t":"How easy was initial install and implementation though? I’ve heard horror stories"}],"e":"par"}]},"type":"rtjson","rteMode":"richtext"},"isAdmin":false,"isOp":false,"isLocked":false,"score":4,"parentId":null,"subredditId":"t5_2qnan","collapsedReason":null,"collapsed":false,"sendReplies":true,"goldCount":0,"gildings":null,"authorId":"t2_c3dc3","postId":"t3_a6pwyb","permalink":"/r/vmware/comments/a6pwyb/dell_emc_vxrail_p570f_review/ebxgmgl/","created":1544990054,"postTitle":null,"distinguishType":null,"isSaved":false,"voteState":0,"deletedBy":null},"t1_eby05ag":{"editedAt":null,"isStickied":false,"isMod":false,"postAuthor":null,"isScoreHidden":false,"id":"t1_eby05ag","isDeleted":false,"author":"Easik","media":{"richtextContent":{"document":[{"c":[{"e":"text","t":"I just deployed a similar model and they are borderline stupid and ultra fragile out of the box deployed. The install process wasn't awful, but you have to touch every host if you aren't doing the default vlan / ip addresses.  I had to tweak a lot to get everything right post install. They don't support LAGs. The alarms are really dumb as they simply show up as vx##### alarm and basically force you to contact.  Once you get past all of the nuances, it's not awful."}],"e":"par"}]},"type":"rtjson","rteMode":"richtext"},"isAdmin":false,"isOp":false,"isLocked":false,"score":4,"parentId":null,"subredditId":"t5_2qnan","collapsedReason":null,"collapsed":false,"sendReplies":true,"goldCount":0,"gildings":null,"authorId":"t2_10u5cs","postId":"t3_a6pwyb","permalink":"/r/vmware/comments/a6pwyb/dell_emc_vxrail_p570f_review/eby05ag/","created":1545004065,"postTitle":null,"distinguishType":null,"isSaved":false,"voteState":0,"deletedBy":null},"t1_ebyudzw":{"editedAt":null,"isStickied":false,"isMod":false,"postAuthor":null,"isScoreHidden":false,"id":"t1_ebyudzw","isDeleted":false,"author":"epickerfuffle","media":{"richtextContent":{"document":[{"c":[{"e":"text","t":"We have 2 clusters. 1x 4 node. 1x 10 node. First time the install was very painful. Took one week. But this was due to a couple of things."}],"e":"par"},{"c":[{"c":[{"c":[{"e":"text","t":"Our legacy vCenter was migrated from 5.5 to 6.5 Pre install. It seemed to have carried over all its niggles. This caused some issues with the storage provider driver not starting. It mysteriously started overnight."}],"e":"par"}],"e":"li"},{"c":[{"c":[{"e":"text","t":"Our network guys were trying to be fancy. But should have just created a trunk between the two switches."}],"e":"par"}],"e":"li"},{"c":[{"c":[{"e":"text","t":"Time sync issues. Rectified with esxi commands."}],"e":"par"}],"e":"li"}],"e":"list","o":true},{"c":[{"e":"text","t":"And that was it really."}],"e":"par"},{"c":[{"e":"text","t":"The second cluster was much easier and much quicker as the ground work was done. Time sync issues occurred again. But I do think this is due to our vCenter setup."}],"e":"par"},{"c":[{"e":"text","t":"Secondly idrac had to be reset on one of the nodes as upgrade was failing. One click upgrade eyes rolling","f":[[2,93,12]]}],"e":"par"},{"c":[{"e":"text","t":"After those niggles were sorted it worked like a charm."}],"e":"par"},{"c":[{"e":"text","t":"The first cluster had to be reloaded as we were moving workloads from one cluster to another and wanted to seperate vCenters. This reload went super smooth. After RASR all the nodes then boss card and idrac firmware. Deploy and upgrade took a day. Super quick and all one click."}],"e":"par"},{"c":[{"e":"text","t":"Performance is fantastic. Boot storm of 700vdi caused latency spikes of less than 2 milliseconds."}],"e":"par"},{"c":[{"e":"text","t":"Yeah it's expensive and you get locked in to the product. But upgrades and deployment are fairly easy. For us it's working well."}],"e":"par"}]},"type":"rtjson","rteMode":"richtext"},"isAdmin":false,"isOp":false,"isLocked":false,"score":1,"parentId":null,"subredditId":"t5_2qnan","collapsedReason":null,"collapsed":false,"sendReplies":true,"goldCount":0,"gildings":null,"authorId":"t2_qpz7sgm","postId":"t3_a6pwyb","permalink":"/r/vmware/comments/a6pwyb/dell_emc_vxrail_p570f_review/ebyudzw/","created":1545035052,"postTitle":null,"distinguishType":null,"isSaved":false,"voteState":0,"deletedBy":null},"t1_ebxrw3p":{"editedAt":null,"isStickied":false,"isMod":false,"postAuthor":null,"isScoreHidden":false,"id":"t1_ebxrw3p","isDeleted":false,"author":"Ant1mat3r","media":{"richtextContent":{"document":[{"c":[{"e":"text","t":"We are looking to get four of these to replace our current UCS / VNX5200 setup."}],"e":"par"},{"c":[{"e":"text","t":"Our alternate solution would be to get a Unity, but I'd like something a bit more streamlined than the UCS for compute."}],"e":"par"}]},"type":"rtjson","rteMode":"richtext"},"isAdmin":false,"isOp":false,"isLocked":false,"score":1,"parentId":null,"subredditId":"t5_2qnan","collapsedReason":null,"collapsed":false,"sendReplies":true,"goldCount":0,"gildings":null,"authorId":"t2_d7n9x","postId":"t3_a6pwyb","permalink":"/r/vmware/comments/a6pwyb/dell_emc_vxrail_p570f_review/ebxrw3p/","created":1544997711,"postTitle":null,"distinguishType":null,"isSaved":false,"voteState":0,"deletedBy":null},"t1_ebyfai8":{"editedAt":null,"isStickied":false,"isMod":false,"postAuthor":null,"isScoreHidden":false,"id":"t1_ebyfai8","isDeleted":false,"author":"jasped","media":{"richtextContent":{"document":[{"c":[{"e":"text","t":"Last time we checked on pricing it was about 2x cost for the VxRail. This was R730 series servers. Also they had some known issues which led me to go with vSAN ready nodes and vSAN."}],"e":"par"}]},"type":"rtjson","rteMode":"richtext"},"isAdmin":false,"isOp":false,"isLocked":false,"score":1,"parentId":"t1_ebx4h33","subredditId":"t5_2qnan","collapsedReason":null,"collapsed":false,"sendReplies":true,"goldCount":0,"gildings":null,"authorId":"t2_12tn4n","postId":"t3_a6pwyb","permalink":"/r/vmware/comments/a6pwyb/dell_emc_vxrail_p570f_review/ebyfai8/","created":1545016617,"postTitle":null,"distinguishType":null,"isSaved":false,"voteState":0,"deletedBy":null},"t1_ebxy51h":{"editedAt":null,"isStickied":false,"isMod":false,"postAuthor":null,"isScoreHidden":false,"id":"t1_ebxy51h","isDeleted":false,"author":"Xenocamry","media":{"richtextContent":{"document":[{"c":[{"e":"text","t":"We looking into this now. It's between this and a power max, or possibly a Nutanix."}],"e":"par"},{"c":[{"e":"text","t":"Interested to see when the pricing ends up. I like the simplified management for vSAN."}],"e":"par"}]},"type":"rtjson","rteMode":"richtext"},"isAdmin":false,"isOp":false,"isLocked":false,"score":2,"parentId":null,"subredditId":"t5_2qnan","collapsedReason":null,"collapsed":false,"sendReplies":true,"goldCount":0,"gildings":null,"authorId":"t2_cirl6","postId":"t3_a6pwyb","permalink":"/r/vmware/comments/a6pwyb/dell_emc_vxrail_p570f_review/ebxy51h/","created":1545002606,"postTitle":null,"distinguishType":null,"isSaved":false,"voteState":0,"deletedBy":null},"t1_eby6um3":{"editedAt":null,"isStickied":false,"isMod":false,"postAuthor":null,"isScoreHidden":false,"id":"t1_eby6um3","isDeleted":false,"author":"ChristopherY5","media":{"richtextContent":{"document":[{"c":[{"e":"text","t":"Looking to replace our Dell FX2 chassis and 3 Nutanix nodes with these"}],"e":"par"}]},"type":"rtjson","rteMode":"richtext"},"isAdmin":false,"isOp":false,"isLocked":false,"score":1,"parentId":"t1_eby05ag","subredditId":"t5_2qnan","collapsedReason":null,"collapsed":false,"sendReplies":true,"goldCount":0,"gildings":null,"authorId":"t2_flj8j","postId":"t3_a6pwyb","permalink":"/r/vmware/comments/a6pwyb/dell_emc_vxrail_p570f_review/eby6um3/","created":1545009142,"postTitle":null,"distinguishType":null,"isSaved":false,"voteState":0,"deletedBy":null},"t1_ebzag0c":{"editedAt":null,"isStickied":false,"isMod":false,"postAuthor":null,"isScoreHidden":false,"id":"t1_ebzag0c","isDeleted":false,"author":"StorageReview","media":{"richtextContent":{"document":[{"c":[{"e":"text","t":"We did this about a year ago -"}],"e":"par"},{"c":[{"e":"link","u":"https://www.storagereview.com/datrium_dvx_with_flash_endtoend_review","t":"https://www.storagereview.com/datrium_dvx_with_flash_endtoend_review"}],"e":"par"}]},"type":"rtjson","rteMode":"richtext"},"isAdmin":false,"isOp":false,"isLocked":false,"score":1,"parentId":"t1_ebybkw3","subredditId":"t5_2qnan","collapsedReason":null,"collapsed":false,"sendReplies":true,"goldCount":0,"gildings":null,"authorId":"t2_nh56b","postId":"t3_a6pwyb","permalink":"/r/vmware/comments/a6pwyb/dell_emc_vxrail_p570f_review/ebzag0c/","created":1545058724,"postTitle":null,"distinguishType":null,"isSaved":false,"voteState":0,"deletedBy":null},"t1_ebyfraf":{"editedAt":null,"isStickied":false,"isMod":false,"postAuthor":null,"isScoreHidden":false,"id":"t1_ebyfraf","isDeleted":false,"author":"hurrdlethesquirtle","media":{"richtextContent":{"document":[{"c":[{"e":"text","t":"Does the 1 click upgrade actually work now? And does the patch cycle actually keep up with VMware?"}],"e":"par"},{"c":[{"e":"text","t":"ps I’ve worked with VxRail since the quanta days...."}],"e":"par"}]},"type":"rtjson","rteMode":"richtext"},"isAdmin":false,"isOp":false,"isLocked":false,"score":2,"parentId":null,"subredditId":"t5_2qnan","collapsedReason":null,"collapsed":false,"sendReplies":true,"goldCount":0,"gildings":null,"authorId":"t2_c5btv","postId":"t3_a6pwyb","permalink":"/r/vmware/comments/a6pwyb/dell_emc_vxrail_p570f_review/ebyfraf/","created":1545017024,"postTitle":null,"distinguishType":null,"isSaved":false,"voteState":0,"deletedBy":null},"t1_ebx4h33":{"editedAt":null,"isStickied":false,"isMod":false,"postAuthor":null,"isScoreHidden":false,"id":"t1_ebx4h33","isDeleted":false,"author":"skarsol","media":{"richtextContent":{"document":[{"c":[{"e":"text","t":"Would be more interesting if performance and price was compared to an identically configured 740xd Ready Node."}],"e":"par"}]},"type":"rtjson","rteMode":"richtext"},"isAdmin":false,"isOp":false,"isLocked":false,"score":6,"parentId":null,"subredditId":"t5_2qnan","collapsedReason":null,"collapsed":false,"sendReplies":true,"goldCount":0,"gildings":null,"authorId":"t2_364iqkq","postId":"t3_a6pwyb","permalink":"/r/vmware/comments/a6pwyb/dell_emc_vxrail_p570f_review/ebx4h33/","created":1544981690,"postTitle":null,"distinguishType":null,"isSaved":false,"voteState":0,"deletedBy":null}},"replyFormOpen":{},"submit":{"error":{},"pending":{}},"visitHighlightFilter":"Last"},"commentsListTruncated":true,"commentsPage":{"api":{"error":{"commentsPage--[post:'t3_a6pwyb']":null},"fullyLoaded":{"commentsPage--[post:'t3_a6pwyb']":true},"pending":{"commentsPage--[post:'t3_a6pwyb']":false}},"keyToChatCommentLinks":{"commentsPage--[post:'t3_a6pwyb']":[{"id":"t1_ebx4h33","created":1544981690,"stickied":false},{"id":"t1_ebx5j10","created":1544982426,"stickied":false},{"id":"t1_ebxa2qn","created":1544985591,"stickied":false},{"id":"t1_ebxgmgl","created":1544990054,"stickied":false},{"id":"t1_ebxijmw","created":1544991299,"stickied":false},{"id":"t1_ebxims6","created":1544991355,"stickied":false},{"id":"t1_ebxrw3p","created":1544997711,"stickied":false},{"id":"t1_ebxy51h","created":1545002606,"stickied":false},{"id":"t1_eby05ag","created":1545004065,"stickied":false},{"id":"t1_eby6um3","created":1545009142,"stickied":false},{"id":"t1_eby9x1a","created":1545011836,"stickied":false},{"id":"t1_ebybdpq","created":1545013122,"stickied":false},{"id":"t1_ebybkw3","created":1545013302,"stickied":false},{"id":"t1_ebyfai8","created":1545016617,"stickied":false},{"id":"t1_ebyfraf","created":1545017024,"stickied":false},{"id":"t1_ebytb8e","created":1545033173,"stickied":false},{"id":"t1_ebyudzw","created":1545035052,"stickied":false},{"id":"t1_ebyue3x","created":1545035057,"stickied":false},{"id":"t1_ebzag0c","created":1545058724,"stickied":false},{"id":"t1_ebzji3q","created":1545065813,"stickied":false}]},"keyToCommentThreadLinkSets":{"commentsPage--[post:'t3_a6pwyb']":{"t1_ebyue3x":{"depth":1,"next":{"type":"continueThread","id":"continueThread-t1_ebyue3x"},"prev":{"type":"comment","id":"t1_ebyudzw"}},"t1_ebxims6":{"depth":1,"next":{"type":"continueThread","id":"continueThread-t1_ebxims6"},"prev":{"type":"comment","id":"t1_ebxgmgl"}},"t1_ebxa2qn":{"depth":1,"next":{"type":"continueThread","id":"continueThread-t1_ebxa2qn"},"prev":{"type":"comment","id":"t1_ebx4h33"}},"t1_ebx5j10":{"depth":1,"next":{"type":"comment","id":"t1_ebxgmgl"},"prev":{"type":"continueThread","id":"continueThread-t1_ebyfai8"}},"t1_ebxijmw":{"depth":1,"next":{"type":"continueThread","id":"continueThread-t1_ebxijmw"},"prev":{"type":"continueThread","id":"continueThread-t1_ebxa2qn"}},"t1_ebytb8e":{"depth":1,"next":{"type":"comment","id":"t1_ebxrw3p"},"prev":{"type":"comment","id":"t1_ebyfraf"}},"t1_eby9x1a":{"depth":1,"next":{"type":"continueThread","id":"continueThread-t1_eby9x1a"},"prev":{"type":"comment","id":"t1_ebxy51h"}},"t1_ebybdpq":{"depth":0,"next":{"type":"comment","id":"t1_ebyfraf"},"prev":{"type":"continueThread","id":"continueThread-t1_eby9x1a"}},"t1_ebzji3q":{"depth":1,"next":{"type":"continueThread","id":"continueThread-t1_ebzji3q"},"prev":{"type":"continueThread","id":"continueThread-t1_ebyue3x"}},"t1_ebybkw3":{"depth":0,"next":{"type":"comment","id":"t1_ebzag0c"},"prev":{"type":"continueThread","id":"continueThread-t1_ebzji3q"}},"t1_ebxgmgl":{"depth":0,"next":{"type":"comment","id":"t1_ebxims6"},"prev":{"type":"comment","id":"t1_ebx5j10"}},"t1_eby05ag":{"depth":0,"next":{"type":"comment","id":"t1_eby6um3"},"prev":null},"t1_ebyudzw":{"depth":0,"next":{"type":"comment","id":"t1_ebyue3x"},"prev":{"type":"comment","id":"t1_ebxrw3p"}},"t1_ebxrw3p":{"depth":0,"next":{"type":"comment","id":"t1_ebyudzw"},"prev":{"type":"comment","id":"t1_ebytb8e"}},"t1_ebyfai8":{"depth":1,"next":{"type":"continueThread","id":"continueThread-t1_ebyfai8"},"prev":{"type":"continueThread","id":"continueThread-t1_ebxijmw"}},"t1_ebxy51h":{"depth":0,"next":{"type":"comment","id":"t1_eby9x1a"},"prev":{"type":"continueThread","id":"continueThread-t1_ebxims6"}},"t1_eby6um3":{"depth":1,"next":{"type":"continueThread","id":"continueThread-t1_eby6um3"},"prev":{"type":"comment","id":"t1_eby05ag"}},"t1_ebzag0c":{"depth":1,"next":null,"prev":{"type":"comment","id":"t1_ebybkw3"}},"t1_ebyfraf":{"depth":0,"next":{"type":"comment","id":"t1_ebytb8e"},"prev":{"type":"comment","id":"t1_ebybdpq"}},"t1_ebx4h33":{"depth":0,"next":{"type":"comment","id":"t1_ebxa2qn"},"prev":{"type":"continueThread","id":"continueThread-t1_eby6um3"}},"continueThread-t1_ebyue3x":{"depth":2,"next":{"type":"comment","id":"t1_ebzji3q"},"prev":{"type":"comment","id":"t1_ebyue3x"}},"continueThread-t1_ebxijmw":{"depth":2,"next":{"type":"comment","id":"t1_ebyfai8"},"prev":{"type":"comment","id":"t1_ebxijmw"}},"continueThread-t1_ebxims6":{"depth":2,"next":{"type":"comment","id":"t1_ebxy51h"},"prev":{"type":"comment","id":"t1_ebxims6"}},"continueThread-t1_eby6um3":{"depth":2,"next":{"type":"comment","id":"t1_ebx4h33"},"prev":{"type":"comment","id":"t1_eby6um3"}},"continueThread-t1_ebyfai8":{"depth":2,"next":{"type":"comment","id":"t1_ebx5j10"},"prev":{"type":"comment","id":"t1_ebyfai8"}},"continueThread-t1_ebxa2qn":{"depth":2,"next":{"type":"comment","id":"t1_ebxijmw"},"prev":{"type":"comment","id":"t1_ebxa2qn"}},"continueThread-t1_ebzji3q":{"depth":2,"next":{"type":"comment","id":"t1_ebybkw3"},"prev":{"type":"comment","id":"t1_ebzji3q"}},"continueThread-t1_eby9x1a":{"depth":2,"next":{"type":"comment","id":"t1_ebybdpq"},"prev":{"type":"comment","id":"t1_eby9x1a"}}}},"keyToHeadCommentId":{"commentsPage--[post:'t3_a6pwyb']":"t1_eby05ag"},"keyToPostId":{"commentsPage--[post:'t3_a6pwyb']":"t3_a6pwyb"},"ads":[]},"contentGate":{},"continueThreads":{"models":{"continueThread-t1_ebyue3x":{"postId":"t3_a6pwyb","next":{"type":"comment","id":"t1_ebzji3q"},"depth":2,"parentId":"t1_ebyue3x","prev":{"type":"comment","id":"t1_ebyue3x"},"id":"continueThread-t1_ebyue3x"},"continueThread-t1_ebxijmw":{"postId":"t3_a6pwyb","next":{"type":"comment","id":"t1_ebyfai8"},"depth":2,"parentId":"t1_ebxijmw","prev":{"type":"comment","id":"t1_ebxijmw"},"id":"continueThread-t1_ebxijmw"},"continueThread-t1_ebxims6":{"postId":"t3_a6pwyb","next":{"type":"comment","id":"t1_ebxy51h"},"depth":2,"parentId":"t1_ebxims6","prev":{"type":"comment","id":"t1_ebxims6"},"id":"continueThread-t1_ebxims6"},"continueThread-t1_eby6um3":{"postId":"t3_a6pwyb","next":{"type":"comment","id":"t1_ebx4h33"},"depth":2,"parentId":"t1_eby6um3","prev":{"type":"comment","id":"t1_eby6um3"},"id":"continueThread-t1_eby6um3"},"continueThread-t1_ebyfai8":{"postId":"t3_a6pwyb","next":{"type":"comment","id":"t1_ebx5j10"},"depth":2,"parentId":"t1_ebyfai8","prev":{"type":"comment","id":"t1_ebyfai8"},"id":"continueThread-t1_ebyfai8"},"continueThread-t1_ebxa2qn":{"postId":"t3_a6pwyb","next":{"type":"comment","id":"t1_ebxijmw"},"depth":2,"parentId":"t1_ebxa2qn","prev":{"type":"comment","id":"t1_ebxa2qn"},"id":"continueThread-t1_ebxa2qn"},"continueThread-t1_ebzji3q":{"postId":"t3_a6pwyb","next":{"type":"comment","id":"t1_ebybkw3"},"depth":2,"parentId":"t1_ebzji3q","prev":{"type":"comment","id":"t1_ebzji3q"},"id":"continueThread-t1_ebzji3q"},"continueThread-t1_eby9x1a":{"postId":"t3_a6pwyb","next":{"type":"comment","id":"t1_ebybdpq"},"depth":2,"parentId":"t1_eby9x1a","prev":{"type":"comment","id":"t1_eby9x1a"},"id":"continueThread-t1_eby9x1a"}}},"creations":{"api":{"collection":{"createOrUpdate":{"error":null,"pending":false}},"draft":{"deleteDraft":{"error":{},"pending":{}},"listing":{"error":null,"pending":false},"save":{"error":{"apiError":null,"needsCaptcha":false,"validationError":null,"submitValidationError":null},"pending":false}},"editor":{"converting":{"pending":{}},"mediaUpload":{"error":null,"pending":false}},"page":{"error":{},"fetched":{},"pending":{}},"post":{"submit":{"error":{"apiError":null,"needsCaptcha":false,"validationError":null,"submitValidationError":null},"pending":false},"update":{"error":null,"pending":false}},"subreddit":{"change":{"error":null,"pending":false}}},"drafts":{},"formData":{"body":{"link":"","markdown":"","media":null,"rte":{"isBound":false,"editorKey":"0fc5c4","initialRTJSON":{"document":[]}}},"eventSchedule":null,"flair":null,"govType":null,"isChatPost":false,"isNSFW":false,"isOC":false,"isPoll":false,"isPublicLink":false,"isSpoiler":false,"newSubreddit":"","newTopMod":"","nextSubreddit":null,"ocCategory":null,"postToTwitter":false,"polls":null,"recaptcha":"","sendReplies":true,"submissionType":"post","title":""},"formState":{"fieldValidation":{"title":null,"body":null,"link":null,"flair":null},"isChanged":false,"modalId":null,"ocCategory":null,"submitMode":0},"postEditing":{"draft":{"markdown":"","rte":{"isBound":false,"editorKey":"598edd","initialRTJSON":{"document":[]}}},"editorMode":"richtext","postId":null}},"dashboard":{"selectedComponent":null,"subredditPending":false,"subredditLoaded":{}},"discoveryUnits":{"api":{"list":{"error":null,"loaded":true,"pending":false}},"models":{"xd_66":{"enabled":true,"id":"xd_66","layout":"large","parameters":{"sort":"hot"},"surface":"explore","unitName":"posts_in_category_rails_hero","unitType":"listing","url":"/api/posts_in_category.json"},"xd_67":{"enabled":true,"id":"xd_67","layout":"large","surface":"explore","unitName":"posts_in_subreddit_hero","unitType":"listing","url":"/r/%{subredditName}/hot.json"},"xd_68":{"enabled":true,"id":"xd_68","layout":"large","parameters":{"sort":"hot"},"surface":"explore","unitName":"posts_in_category_rails_small","unitType":"listing","url":"/api/posts_in_category.json"},"xd_69":{"enabled":true,"id":"xd_69","layout":"large","surface":"explore","unitName":"posts_in_subreddit_small","unitType":"listing","url":"/r/%{subredditName}/hot.json"},"xd_70":{"enabled":true,"id":"xd_70","layout":"large","surface":"search","unitName":"search_posts","unitType":"community_category","url":"/api/posts_in_category.json"},"xd_71":{"enabled":true,"id":"xd_71","layout":"large","surface":"search","unitName":"search_subreddits","unitType":"community_category","url":"/api/subreddits_in_category.json"},"xd_72":{"enabled":true,"id":"xd_72","layout":"large","surface":"subreddit_listing","unitName":"community_banner_posts","unitType":"subreddit_listing","url":"/r/%{subredditName}/top.json"},"xd_83":{"enabled":true,"id":"xd_83","layout":"large","surface":"subreddit_listing","unitName":"best_of_community","unitType":"subreddit_listing","url":"/r/%{subredditName}/top.json"},"xd_88":{"enabled":true,"id":"xd_88","layout":"large","surface":"front_page","title":"Similar communities to %{subredditName}","unitName":"chaining_similar_subreddits_posts","unitType":"listing"},"xd_89":{"enabled":true,"id":"xd_89","layout":"large","surface":"front_page","title":"Mildy similar posts","unitName":"chaining_similar_posts","unitType":"listing"},"xd_90":{"enabled":true,"id":"xd_90","layout":"large","surface":"comments","title":"Posts in subreddit %{subredditName}","unitName":"posts_in_subreddit_vertical","unitType":"listing"},"xd_91":{"enabled":true,"id":"xd_91","layout":"large","surface":"comments","title":"Posts in recommended home","unitName":"posts_in_rec_home","unitType":"listing"}},"nameToId":{"posts_in_category_rails_hero":"xd_66","posts_in_subreddit_hero":"xd_67","posts_in_category_rails_small":"xd_68","posts_in_subreddit_small":"xd_69","search_posts":"xd_70","search_subreddits":"xd_71","community_banner_posts":"xd_72","best_of_community":"xd_83","chaining_similar_subreddits_posts":"xd_88","chaining_similar_posts":"xd_89","posts_in_subreddit_vertical":"xd_90","posts_in_rec_home":"xd_91"}},"economics":{"currentBadgeManagementScreen":{"badgeType":"cosmetic","view":"gallery"},"currentModalArgs":null,"currentPaymentTarget":null,"emotes":{},"ftue":{"tippingHighlightViewed":null,"topTippersViewed":null},"paymentSystems":{"status":2},"specialMemberships":{"allSubscriptionsFetched":false,"data":{}},"subredditPremium":{},"tipDetails":{}},"emojis":{"api":{"list":{"pending":{}}},"models":{}},"externalAccount":{"api":{"connect":{"error":{},"pending":{}},"disconnect":{"error":{},"pending":{}},"user":{"error":{},"pending":{}},"subreddit":{"error":{},"fetched":{},"pending":{}}},"user":{},"subreddit":{}},"featureFlags":{"overrides":{"introModal":null,"markdownMode":null,"modQueue":null,"spBadges":null,"spCommunityTipJar":null,"spEmotes":null,"spFavoriteCreators":null,"spGovPolls":null,"spHarberger":null,"spLeaderboard":null,"spLoadtest":null,"spPoints":null,"spPolls":null,"spPremium":null,"spPremiumSubscriptions":null,"spPremiumUpsells":null,"spPublicPoints":null,"spSpinoffs":null,"spSupport":null,"spTopTippers":null,"communityTopics":null,"adminCommunityTopics":null,"events":null,"collections":null,"rteVideoPoster":null,"userSeenSubredditChatFtux":null,"userInChat":null,"userInSubredditChat":null,"userInChatUserSettings":null,"devAndStagingWatermark":null,"fpsMeter":null,"rabbitHole":null,"measureScrollFPS":null,"showVerboseErrors":null,"uappBanner":null,"canProxyGild":null,"experiments":null,"enableGraphQl":null,"importExportThemes":null,"flairRestrictions":null,"spezModal":null,"superbOwl":null,"enableShadowMode":null,"useGraphQLInFrontpage":null,"wikiEditing":null,"pushNotificationsBrowserSupported":null,"enableCrowdControlMode":null,"customFeeds":null,"snoovatar30":null,"isEmailPermissionRequired":null,"__requiredDoNotRemove":null}},"flairedUsers":{"api":{"error":null,"pending":false},"models":{},"pageInfo":{},"search":{"api":{"error":null,"pending":false},"result":null},"userOrder":{}},"fontFiles":[{"family":"IBMPlexSans","weight":700,"style":"normal","woffUrl":"fonts/IBMPlexSans/Bold-c34ba754b7235b49d33b294ff7a54179.woff","woff2Url":"fonts/IBMPlexSans/Bold-875de5047556e7c822519d95d7ee692d.woff2"},{"family":"IBMPlexSans","weight":500,"style":"normal","woffUrl":"fonts/IBMPlexSans/Medium-1051a531d3e1ee3483a6533158557139.woff","woff2Url":"fonts/IBMPlexSans/Medium-c4b185e25a4dde85a29f902cd5ce5360.woff2"},{"family":"IBMPlexSans","weight":400,"style":"normal","woffUrl":"fonts/IBMPlexSans/Regular-e6bbcdd30d3bd4d6b170bcb6d3552cab.woff","woff2Url":"fonts/IBMPlexSans/Regular-116bb6d508f5307861d3b1269bc597e7.woff2"},{"family":"Noto Mono","weight":400,"style":"normal","woffUrl":"fonts/NotoMono/Regular-e6bbcdd30d3bd4d6b170bcb6d3552cab.woff","woff2Url":"fonts/NotoMono/Regular-b16bb0524a7e7ee597970333c0c67180.woff2"},{"family":"Noto Mono","weight":400,"style":"normal","woffUrl":"fonts/NotoMono/el-Regular-06ee3f893717454d11a16c3e8d0aa9f9.woff","woff2Url":"fonts/NotoMono/el-Regular-29d72243d2cd6145b28bcb80dc33f0e4.woff2"},{"family":"Noto Sans","weight":700,"style":"italic","woffUrl":"fonts/NotoSans/Bold-Italic-255b4934a1f414dd312aa89382d65114.woff","woff2Url":"fonts/NotoSans/Bold-Italic-be39cd37f002d25d500c67b88871bed4.woff2"},{"family":"Noto Sans","weight":700,"style":"normal","woffUrl":"fonts/NotoSans/Bold-c34ba754b7235b49d33b294ff7a54179.woff","woff2Url":"fonts/NotoSans/Bold-d4ba4ecba17e90993f442f7bb082a3a2.woff2"},{"family":"Noto Sans","weight":400,"style":"normal","woffUrl":"fonts/NotoSans/Regular-e6bbcdd30d3bd4d6b170bcb6d3552cab.woff","woff2Url":"fonts/NotoSans/Regular-d6a6aa8dc0f93416a832ea04a18c6fb8.woff2"},{"family":"Noto Sans","weight":700,"style":"italic","woffUrl":"fonts/OldNotoSans/Bold-Italic-255b4934a1f414dd312aa89382d65114.woff","woff2Url":"fonts/OldNotoSans/Bold-Italic-5a241c76c24e463ef9bcc5855d20209b.woff2"},{"family":"Noto Sans","weight":700,"style":"normal","woffUrl":"fonts/OldNotoSans/Bold-c34ba754b7235b49d33b294ff7a54179.woff","woff2Url":"fonts/OldNotoSans/Bold-b85bf848c28799f5ad34ee29db68051c.woff2"},{"family":"Noto Sans","weight":400,"style":"normal","woffUrl":"fonts/OldNotoSans/Regular-e6bbcdd30d3bd4d6b170bcb6d3552cab.woff","woff2Url":"fonts/OldNotoSans/Regular-e50c34178d20d5fa4ab3c1f6c67901a9.woff2"}],"gild":{"api":{"error":null,"pending":false,"showLoader":false},"gildModalThingId":null,"includeMessage":false,"isAnonymous":false,"isIframed":false,"message":"","selectedAward":{"awardType":"GLOBAL","coinPrice":500,"coinReward":100,"description":"","daysOfDripExtension":0,"icon":{"url":"https://www.redditstatic.com/desktop2x/img/gold/badges/award-gold-medium.png?v=2"},"id":"gid_2","isEnabled":true,"name":"Gold","daysOfPremium":7}},"goldPurchase":{"coinPurchaseModal":{"activePage":"selectPayment","gildThingId":null,"purchasePackage":null,"showModal":false},"payment":{"cardName":"","cardValidation":{"cardCvc":"","cardExpiry":"","cardNumber":"","nameOnCard":"","postalCode":""},"paymentMethod":"paypal","paypal":{"errorMessage":null,"passthrough":""},"rememberCard":true,"savedCards":[],"savedCardsPending":false,"stripeToken":{"errorMessage":null,"pending":false},"useSavedCard":null},"premiumPurchaseModal":{"activePage":"selectPayment","showModal":false},"updateCardModal":{"pending":false}},"header":{"isSubscriptionsDropdownOpen":false},"imageUploads":{},"isEmailVerificationTooltipShowing":true,"isModeratorWithPostPerms":false,"jsApi":[],"leaderboard":{"api":{"error":{},"pending":{}},"dateRangeSelection":{},"models":{}},"listings":{"activeKey":"","listingOrder":{"api":{"error":{},"pending":{}},"identifiers":{},"ids":{},"fetchedTokens":{},"loadMore":{}},"postOrder":{"api":{"error":{},"pending":{}},"endMarkers":{},"fetchedTokens":{},"ids":{},"listingSort":{},"loadMore":{}}},"live":{"featured":null,"isFrontpageLoaded":false},"mediaPlayback":{"isMuted":true,"volume":1},"meta":{"isBot":false,"isSessionSeo":false,"userAgent":"Mozilla/5.0 (Windows NT 10.0; Win64; x64) AppleWebKit/537.36 (KHTML, like Gecko) Chrome/75.0.3770.142 Safari/537.36","country":"US","domain":"www.reddit.com","protocol":"https","sessionReferrerDomain":"","method":"GET","pageloadServerTime":1564652218337},"moderatingSubreddits":{},"moderationLog":{"actions":{"itemOrder":{},"models":{}},"endCursor":null,"hasNextPage":{},"hasPreviousPage":{},"moderators":[],"startCursor":null},"moderators":{"editableModerators":{},"editableUserOrder":{"data":{},"api":{"error":{},"pending":{}}},"invitedModerators":{"api":{"error":null,"pending":false},"models":{},"userOrder":{}},"invitePending":{},"loadMoreModerators":{},"loadMoreEditableModerators":{},"models":{},"search":{"api":{"error":null,"pending":false},"result":null},"userOrder":{"data":{},"api":{"error":{},"pending":{}}}},"modListingPage":{"filteredSubreddits":{"api":{"error":null,"pending":false},"names":[]}},"modModeEnabled":true,"modQueue":{"bulkAction":{"api":{"error":null,"pending":false},"selectedItems":{},"undoLastAction":{}},"edited":{"api":{"error":null,"pending":false},"itemOrder":{},"loadMore":{}},"moderatedCommunitiesOrder":{"after":null,"data":[],"loaded":false,"pending":false},"modqueue":{"api":{"error":null,"pending":false},"itemOrder":{},"loadMore":{}},"reports":{"api":{"error":null,"pending":false},"itemOrder":{},"loadMore":{}},"spam":{"api":{"error":null,"pending":false},"itemOrder":{},"loadMore":{}},"unmoderated":{"api":{"error":null,"pending":false},"itemOrder":{},"loadMore":{}}},"moreComments":{"api":{"error":{},"pending":{}},"models":{}},"multireddits":{"api":{"addSubreddit":{"error":null,"fetched":false,"pending":null},"create":{"error":null,"fetched":false,"pending":false},"deleteMulti":{"error":null,"fetched":false,"pending":false},"duplicate":{"error":null,"fetched":false,"pending":false},"edit":{"error":null,"fetched":false,"pending":false},"forUser":{"fetched":false,"pending":false},"recommendations":{"error":null,"fetched":false,"pending":true},"removeSubreddit":{"error":null,"fetched":false,"pending":null}},"byUserId":{},"models":{},"recommendations":{}},"muted":{"api":{"error":null,"pending":{}},"fetchedTokens":{},"inContext":null,"loadMore":{},"models":{},"search":{"api":{"error":null,"pending":false},"result":null},"userOrder":{}},"notificationBannerId":null,"nps":{"pending":false,"success":false},"oldSiteRules":[],"originalContent":{"bestPosts":{"api":{"error":{},"pending":{}}},"categories":{"api":{"error":null,"pending":false},"models":{}},"topCommunities":{"api":{"error":{},"pending":{}}},"topCreators":{"api":{"error":{},"pending":{}}}},"partnerSubredditConnection":{"api":{"page":{"error":{},"fetched":{},"pending":{}}}},"platform":{"allowNavigationCallback":null,"currentPage":{"key":"/r/vmware/comments/a6pwyb/dell_emc_vxrail_p570f_review/","meta":{"name":"comments"},"queryParams":{},"routeMatch":{"match":{"path":"/:routePrefix(r)/:subredditName/comments/:partialPostId/:urlSafePostTitle?","url":"/r/vmware/comments/a6pwyb/dell_emc_vxrail_p570f_review/","isExact":true,"params":{"routePrefix":"r","subredditName":"vmware","partialPostId":"a6pwyb","urlSafePostTitle":"dell_emc_vxrail_p570f_review"},"queryParams":{}},"route":{"path":"/:routePrefix(r)/:subredditName/comments/:partialPostId/:urlSafePostTitle?","chunk":"CommentsPage","exact":true,"meta":{"name":"comments"},"prefetches":["Frontpage","Subreddit"]}},"status":200,"url":"/r/vmware/comments/a6pwyb/dell_emc_vxrail_p570f_review/","urlParams":{"routePrefix":"r","subredditName":"vmware","partialPostId":"a6pwyb","urlSafePostTitle":"dell_emc_vxrail_p570f_review"},"isRobotIndexable":true},"lastPage":null,"referrers":{},"sessionReferrer":null,"metas":{"/r/vmware/comments/a6pwyb/dell_emc_vxrail_p570f_review/":{"title":"Dell EMC VxRail P570F Review : vmware"}}},"postCollection":{"models":{},"subredditToIds":{},"api":{"error":{"reorderError":null,"updateDescriptionError":null,"updateLayoutError":null},"pending":{"reorderPending":false,"updateDescriptionPending":false,"updateLayoutPending":false}}},"polls":{"api":{"voting":{"error":{},"pending":{}}},"models":{},"results":{"byLockedVotingPower":{},"byVoters":{},"byVotingPower":{}},"rewards":{}},"postFlair":{"t5_2qnan":{"displaySettings":{"position":null,"isEnabled":false},"permissions":{"canAssignOwn":false},"templateIds":[],"templates":{}}},"posts":{"bestOCPosts":{},"chained":{"dismissed":false,"dismissedIdToListingKey":{},"idToListingKey":{}},"embedAndImage":{"loadable":{}},"expanded":{},"focus":null,"instances":{},"metaMap":{},"models":{"t3_a6pwyb":{"domain":"storagereview.com","isCrosspostable":false,"isMeta":false,"isStickied":false,"domainOverride":null,"callToAction":null,"eventsOnRender":[],"isScoreHidden":false,"saved":false,"numComments":70,"upvoteRatio":0.84,"author":"HenryTheNoodle","postCategories":null,"media":null,"numCrossposts":0,"isSponsored":false,"id":"t3_a6pwyb","contentCategories":null,"source":{"url":"https://www.storagereview.com/dell_emc_vxrail_p570f_review","outboundUrl":"https://out.reddit.com/t3_a6pwyb?url=https%3A%2F%2Fwww.storagereview.com%2Fdell_emc_vxrail_p570f_review\u0026token=AQAAysBCXc5YeUE-Bs-8dFzqQIhQ4XSkaPxj8OYAZHRQ3BCj_MyT\u0026app_name=desktop2x","outboundUrlCreated":1564652218000,"displayText":"storagereview.com","outboundUrlExpiration":1564655818000,"outboundUrlReceived":1564652218747},"isLocked":false,"score":37,"isSpoiler":false,"isArchived":true,"contestMode":false,"preview":{"url":"https://external-preview.redd.it/ziJSWnpz23TzVhZxN-RliZqcL9P0uUoTIC2b-TyIlJc.jpg?auto=webp\u0026s=6328e735617e37da809e9eb1ee17340ebc4ae357","width":850,"height":302},"liveCommentsWebsocket":"wss://ws-021face97bba27158.wss.redditmedia.com/link/a6pwyb?m=AQAAOgREXeTVqYboAW8nKFijKZGqpv9mMW3QXbi6Jc7HdNfXhjgS","thumbnail":{"url":"https://b.thumbs.redditmedia.com/B2RrMGMan7t23qfKcaGke7gsjxty7hwX2F3SuneVtrA.jpg","width":140,"height":49},"belongsTo":{"type":"subreddit","id":"t5_2qnan"},"crosspostRootId":null,"crosspostParentId":null,"sendReplies":true,"goldCount":0,"gildings":null,"authorId":"t2_10cq82","isNSFW":false,"isMediaOnly":false,"postId":"t3_a6pwyb","suggestedSort":null,"hidden":false,"viewCount":0,"permalink":"https://www.reddit.com/r/vmware/comments/a6pwyb/dell_emc_vxrail_p570f_review/","created":1544974769000,"title":"Dell EMC VxRail P570F Review","events":[],"isOriginalContent":false,"distinguishType":null,"discussionType":null,"voteState":0,"flair":[],"isBlank":false,"numDuplicates":0}},"recent":[],"video":{"autoPlayed":{},"buffering":{},"consumed":{},"continuousViewStartedAt":{},"fullscreen":null,"loadable":{},"loadTimes":{},"metadata":{},"paused":{},"playing":{},"started":{},"time":{}}},"postStickiedComments":{"data":{}},"givePremium":{"api":{"error":null,"pending":false},"givePremiumModalAccountName":""},"products":{"api":{"fetch":{"error":{},"pending":{}},"purchase":{"error":{},"pending":{}}},"currentlyPurchasing":null,"models":{}},"profileCommentsPage":{"api":{"error":{},"pending":{}},"endMarkers":{},"fetchedTokens":{},"commentIds":{},"loadMore":{}},"profilePrivatePage":{"api":{"error":{},"pending":{}},"ids":{},"pageInfo":{}},"profileModSettingsPage":{"api":{"pending":true}},"profileOverviewPage":{"chrono":{"api":{"error":{},"pending":{}},"fetchedTokens":{},"ids":{},"loadMore":{}},"conversations":{"api":{"error":{},"pending":{}},"extraComments":{"api":{"error":{},"pending":{}},"models":{}},"keyToCommentThreadLinkSets":{},"keyToHeadCommentId":{},"keyToPostId":{}}},"profilePostsPage":{},"profiles":{"about":{},"models":{},"moderated":{"api":{"pending":{}},"models":{},"pageInfo":{}},"multireddits":{"api":{"pending":{}},"pageInfo":{}},"pinnedPosts":{"data":{},"initialData":{},"pending":{}},"trophyCases":{}},"providerFlair":{"models":{"t5_2qnan":{"hurrdlethesquirtle":null,"StorageReview":null,"jasped":null,"jshiplett":null,"Easik":null,"SantaSCSI":null,"skarsol":null,"[deleted]":null,"epickerfuffle":null,"Ant1mat3r":null,"nyintensity":null,"nstock":null,"caszm1":null,"ChristopherY5":null,"lost_signal":null,"bongthegoat":null,"HenryTheNoodle":null,"Xenocamry":null}}},"promos":{"mobilePromoBanner":false,"upsellSignUpBannerLarge":false,"upsellSignUpBannerMedium":false,"upsellSignUpBannerSmall":null},"recommendations":{},"removalReasons":{"api":{"error":null,"pending":false},"models":{},"reasonOrder":{},"removedItemIds":null},"reportFlow":{"api":{"error":{},"pending":{},"success":{}},"openedFromModalPage":false,"postOrCommentId":null,"userIsMod":false},"reportPage":{"reportPageApi":{"error":null,"pending":false,"success":false},"reportPageRules":[]},"requestHost":"www.reddit.com","runTimeEnvVars":{"staging":false,"startTimeInMillis":1564651383893},"search":{"relatedQueries":{},"searchQuery":null,"typeahead":{"idsByQuery":{},"models":{}},"viewTreatment":{}},"searchDiscoveryUnits":{"headerContent":{},"models":{},"order":{}},"seo":{"crawler":null,"linksModule":{}},"shortcuts":{"activeCommentId":null,"activePostId":"t3_a6pwyb","namespace":"CommentPage"},"sidebarPromotedPosts":{"firstFetch":false,"models":{}},"sitewideRules":[],"structuredStyles":{"draft":{},"exportStyles":{"error":null,"pending":false},"flairTemplate":{"models":{}},"imagePreviews":{},"isBladeEditorDirty":false,"isEditing":null,"models":{"t5_2qnan":{"menuBackgroundBlur":null,"menuLinkColorInactive":null,"menuLinkColorHover":null,"bannerCommunityNameFormat":null,"postUpvoteIconInactive":null,"highlightColor":null,"menuBackgroundOpacity":null,"postUpvoteCountColor":null,"bannerHeight":null,"postBackgroundColor":null,"mobileBannerImage":null,"bannerOverlayColor":null,"bannerCommunityName":null,"postDownvoteIconActive":null,"postUpvoteIconActive":null,"menuBackgroundColor":null,"postBackgroundImagePosition":null,"backgroundImage":null,"bannerBackgroundImagePosition":null,"backgroundColor":null,"submenuBackgroundStyle":null,"backgroundImagePosition":null,"bannerShowCommunityIcon":null,"bannerBackgroundColor":null,"submenuBackgroundColor":null,"sidebarWidgetHeaderColor":null,"bannerPositionedImagePosition":null,"bannerBackgroundImage":null,"postDownvoteCountColor":null,"postPlaceholderImagePosition":null,"postDownvoteIconInactive":null,"primaryColor":null,"sidebarWidgetBackgroundColor":null,"mobileKeyColor":null,"menuPosition":null,"postVoteIcons":null,"menuLinkColorActive":null,"bannerPositionedImage":null,"secondaryBannerPositionedImage":null,"menuBackgroundImage":null,"postBackgroundImage":null,"postPlaceholderImage":null,"communityIcon":null,"postTitleColor":null}}},"stylesheets":"https://www.redditstatic.com/desktop2x/chunkCSS/Reddit.44c4e6e827a82a16994e.css","subredditAutocomplete":{"api":{"error":{},"pending":{}},"models":{}},"subredditChannels":{"api":{"error":{},"pending":{},"whitelist":{}},"models":{},"selected":null},"subreddits":{"about":{"t5_2qnan":{"contentCategory":"","publicDescription":"The un-official VMware Reddit.","hasExternalAccount":false,"userIsSubscriber":null,"accountsActive":195,"advertiserCategory":"","allOriginalContent":false,"restrictCommenting":false,"showMedia":true,"restrictPosting":true,"subscribers":75049,"allowedPostTypes":{"images":true,"text":true,"videos":true,"links":true,"spoilers":true},"usingNewModmail":false,"emojisEnabled":false,"disableContributorRequests":false,"userIsContributor":null,"originalContentTagEnabled":false}},"api":{"about":{"error":{},"pending":false},"connectToPartner":{"error":null,"lastConnectedSubredditId":null,"pending":false},"create":{"error":{"apiError":null},"lastCreatedSubredditId":null,"pending":false},"rankings":{"error":null,"pending":false},"rules":false,"similar":{"pending":{}},"topContent":{"error":{},"pending":{}},"wiki":{"error":{},"pending":{}}},"appliedFilters":{"meta":{}},"byCategory":{},"communityInfo":{},"crosspostable":{"api":{"errors":null,"pending":false},"ids":{}},"duplicates":{"models":{}},"gov":{"assets":{},"communityJar":{},"distributions":{},"meta":{},"releaseNotes":{}},"models":{"t5_2qnan":{"whitelistStatus":"all_ads","isNSFW":false,"subscribers":75049,"primaryColor":"","id":"t5_2qnan","icon":{"url":"https://b.thumbs.redditmedia.com/TmmDGDmuqkyMuX0K6W07_d8xprk-a38Jozp1ad82k7w.png","width":256,"height":256},"isQuarantined":false,"name":"vmware","title":"VMware: virtually anything is possible","url":"/r/vmware/","wls":6,"freeFormReports":true,"displayText":"r/vmware","type":"public","communityIcon":""}},"moderated":{"api":{"errors":null,"fetched":false,"pending":false},"order":null},"original":[],"products":{},"rankings":{},"rankingsPageInfo":{},"rules":{},"settings":{},"similar":{},"subredditWiki":{"diff":{},"directory":{},"pages":{},"pageSettings":{},"revisions":{"api":{"error":{},"pending":{}},"listings":{},"models":{}}},"top":{},"topContent":{},"trending":[]},"subredditSettings":{"postRequirements":{"formState":{"isLoading":true,"isSaving":false,"hasFormError":false,"serverError":null,"titleStrings":{"isToggled":false,"strings":[]},"titleRegEx":{"isToggled":false,"regex":[]},"titleLength":{"isToggled":false,"min":null,"max":null},"postLength":{"isToggled":false,"min":null,"max":null},"postingGuidelines":{"requirement":"none","guidelines":null},"postBodyRequirement":"none","linkListPermission":"none","linkDomain":{"whitelist":[],"blacklist":[]},"reposts":{"isToggled":false,"days":null},"flair":{"isToggled":false}},"formErrors":{"titleRegEx":{"regex":null},"titleStrings":{"strings":null},"titleLength":{"min":null,"max":null},"postLength":{"min":null,"max":null},"postingGuidelines":{"guidelines":null},"postBodyRequirement":{"requirement":null},"linkListPermission":{"permission":null},"linkDomain":{"whitelist":null,"blacklist":null},"reposts":{"days":null}},"initialData":null},"requirementsBySubreddit":{}},"subredditStickyPosts":{"data":{}},"subscriptions":{"api":{"errors":null,"fetched":false,"pending":false},"favoriteMultiOrder":[],"favoriteProfileOrder":[],"favoriteSubredditOrder":[],"multiredditOrder":[],"profileOrder":[],"subredditOrder":[]},"tags":{"api":{"create":{"pending":false,"error":false},"deleteTag":{"pending":false,"error":false},"fetch":{"pending":false,"error":false},"update":{"pending":false,"error":false}},"availableGlobalTagOrder":{"global":[],"recommendedGlobal":[]},"models":{"globalSubredditTags":{},"subredditScopedTags":{},"itemTags":{},"suggestedItemTags":{},"sortedItemTags":{}},"selected":{"selectedOptions":{},"selectedSuggestedOptions":{},"deselectedOptions":{},"deselectedSuggestedOptions":{},"inputByItemId":{},"suggestedInputByItemId":{}}},"themes":{},"toaster":[],"tooltipId":null,"tracking":{"viewportDataLoaded":{}},"trafficStats":{"pending":false,"trafficStats":null},"transfers":{"communityPoints":{"api":{"error":null,"pending":false},"contentId":null,"initialRecipient":""}},"trending":{"models":[]},"trophies":{},"uploads":{},"user":{"account":null,"accountSettings":{"changeEmail":{"api":{"error":null,"pending":false}},"resetPassword":{"api":{"pending":false}},"sendResetEmail":{"api":{"pending":false,"emailSent":false}}},"blocked":{"api":{},"data":[]},"chatSettings":{"invitePolicy":"Everyone"},"drafts":null,"experiments":{"models":[{"id":207,"name":"android_email_digest_copy","variant":"treatment_1","version":"8"},{"id":328,"name":"android_graphql_all_feed_5","variant":"enabled","version":"1"},{"id":326,"name":"android_graphql_popular_feed_6","variant":"enabled","version":"1"},{"id":184,"name":"android_max_video_bitrate","variant":"2_0_mbps","version":"4"},{"id":62,"name":"best_sort_explore_batch","variant":"best_sort_explore_enabled","version":"5"},{"id":196,"name":"channels_subscriber_limit","variant":"control_1","version":"7"},{"id":206,"name":"chat_posts_android_2","variant":"chat_view","version":"4"},{"id":210,"name":"chat_posts_android_2_features","variant":"true","version":"7"},{"id":127,"name":"d2x_graphql_home_feed","variant":"gql_home_feed","version":"21"},{"id":69,"name":"desktop_seo_post_test_v1","variant":"listing_on_bottom","version":"10"},{"id":164,"name":"desktop_seo_post_v2_truncate","variant":"both","version":"3"},{"id":58,"name":"dn_perms_current_pre_prompt","variant":"dark_system_dialogue","version":"9"},{"id":226,"name":"email_digest_frequency","variant":"control_1","version":"4"},{"id":177,"name":"email_permissions","variant":"treatment_1","version":"5"},{"id":106,"name":"email_verification_banner","variant":"tooltip","version":"3"},{"id":285,"name":"hide_best_of_community","variant":"control_2","version":"2"},{"id":265,"name":"ios_email_permissions","variant":"treatment_1","version":"4"},{"id":310,"name":"ios_graphql_home_feed_3","variant":"enabled","version":"1"},{"id":311,"name":"ios_graphql_popular_feed_2","variant":"enabled","version":"1"},{"id":325,"name":"ios_graphql_post_feeds_1","variant":"enabled","version":"1"},{"id":245,"name":"ios_post_collections_v2","variant":"enabled","version":"1"},{"id":315,"name":"ios_screenshot_share","variant":"droptop","version":"2"},{"id":72,"name":"ios_wkwebview_youtube_rollout","variant":"enabled","version":"5"},{"id":86,"name":"jerome_test","variant":"0_3_50_unmetered","version":"12"},{"id":50,"name":"lnl_vs_best_vs_explore_exploit","variant":"best_sort","version":"33"},{"id":57,"name":"logged_in_transactional_dn_test","variant":"treatment","version":"5"},{"id":98,"name":"logged_in_trending_dns_2","variant":"trending_only","version":"5"},{"id":137,"name":"logged_out_pn_personalization","variant":"expanded_best_sort_tos","version":"15"},{"id":104,"name":"logged_out_trending_dns","variant":"enabled","version":"9"},{"id":155,"name":"logged_out_weighted_tos_notification","variant":"best_sort_tos_boosting_5","version":"7"},{"id":257,"name":"low_karma_rate_limit","variant":"control_2","version":"4"},{"id":120,"name":"manual_sr_recommendations","variant":"direct_tos","version":"5"},{"id":194,"name":"meta_features","variant":"true","version":"3"},{"id":212,"name":"new_media_transitions","variant":"enabled","version":"3"},{"id":90,"name":"non_personalized_notification_frequency","variant":"one_every_other_day","version":"8"},{"id":158,"name":"pn_sub_fallback","variant":"best_sort_fallback","version":"4"},{"id":140,"name":"post_view_consume_killswitch","variant":"false","version":"2"},{"id":79,"name":"rails_search_results_redesign","variant":"treatment_1","version":"9"},{"id":169,"name":"redesign_feed_chaining_logged_in","variant":"factorization_similar","version":"14"},{"id":170,"name":"redesign_feed_chaining_logged_out","variant":"factorization_similar","version":"15"},{"id":43,"name":"redesign_go_to_home","variant":"home_after_0","version":"7"},{"id":83,"name":"related_queries_rollout","variant":"active","version":"9"},{"id":329,"name":"subreddit_recommendation_tod","variant":"thirty_day_most_active","version":"1"},{"id":78,"name":"time_on_subreddit_push_notifications","variant":"expanded_best_sort","version":"12"},{"id":282,"name":"top_subreddits_test_mods_only","variant":"variant_1","version":"4"},{"id":63,"name":"trending_dropdown_redesign","variant":"treatment_1","version":"9"},{"id":81,"name":"trending_entrypoint_redesign","variant":"treatment_1","version":"7"},{"id":283,"name":"trending_max_age","variant":"max_30_days","version":"2"},{"id":153,"name":"weighted_random_tos_notification","variant":"best_sort_tos_boosting_5","version":"8"},{"id":119,"name":"work_manager_android","variant":"true","version":"6"}],"localPersisted":{},"overrides":{}},"features":{},"isCustomizeFlyoutShowing":false,"topContentDismissalPrefsSet":null,"language":"en","loggedOutData":{"accountCompleteness":{"collapsed":false,"step":"initial"},"dataLoaded":false,"feedMultiName":[],"homeFeed":{"similar":[],"topBanner":{"isClosed":false,"viewsCount":0},"views":["vmware"],"votes":{}},"isFrontpageHome":false,"postsCount":0,"tooltips":{"home_active":{},"subscribe_feed":{},"subscribe_id":{},"subscribe_reminder":{},"vote":{},"vote_reminder":{},"vote_success":{}},"views":{"count":{"beforeBanner":0,"total":1},"posts":["t3_a6pwyb"]},"votes":{"comments":{},"posts":{}}},"loid":{"blob":"Z0FBQUFBQmRRcks2dTRNYWhjVFljalBGam0xQnFEeFhDSlNlQ0xEYlZQUmJkTlBIN1E1TW9sSk5vOWlyV0ZOQ1J4OGZWdlB2SmR4VHE0dVJ2ekQ5dFVlcXRTbm5UQ1lqQkFRQWFCOWZVVmJtZzNjMDVFQTZYc05LNnp0RTFjb1JHVmM1X3d3RVR2MlU","loid":"00000000004a2al8y9","loidCreated":"1564652218367","version":2},"notificationPrefs":{"api":{"getPreferences":{"error":null,"loaded":false,"pending":false},"setPreferences":{"error":null,"loaded":false,"pending":false}},"isPrePromptVisible":false,"preferences":{"chatMessages":false,"trendingPosts":false,"unreadMessages":false}},"ownedBadges":{},"prefs":{"allowClickTracking":false,"autoplayVideo":true,"collapsedTraySections":{"favorites":false,"multis":false,"moderating":false,"subscriptions":false,"profiles":false},"commentMode":"richtext","layout":"card","rememberCommunityLayout":false,"defaultCommentSort":"confidence","editorMode":"richtext","featuresViewedHistory":{"commentForm":{"markdownModeNotification":false}},"globalTheme":"REDDIT","hasSeenCustomizeFlyout":true,"hideNSFW":true,"ignoreSuggestedSort":false,"labelNSFW":true,"markMessagesRead":true,"nightmode":false,"openPostInNewTab":false,"over18":false,"showActiveCommunities":true,"showTwitter":false,"sort":"hot","stylesEnabled":true,"subreddit":{},"topContentDismissalTime":0,"topContentTimesDismissed":0,"rememberCommunitySort":false,"useMarkdown":false},"reddaid":"","session":{"accessToken":"-0ME-XuCUHESzYJFrvtg9gFK3U_s","expires":"2019-08-01T10:36:58.379Z","expiresIn":3600,"unsafeLoggedOut":true,"safe":true},"sessionRefreshFailed":false,"sessionTracker":"zwziuu1gbE0QigYZYR.0.1564652218689.Z0FBQUFBQmRRcks2RFFZMzI1aWQ0TXg2aUtPeVVIWXZfYjY4V1NRcmFqVERTaGFxZGl4N3RsTnp4RDdjTUN2LWc4ajNVeDlObTJXY0Y1MncxcXMtQkd5UVltWjRCUXhLOXhhaDBzUlZadEFqaEozTDd5LUx1M3VVWENYbjRydDh2SDd1OEZ0VVpxajc","shuffledCategories":["news","electronics","dIY","music","videos","science","sports","art","outdoors","funny","advice","tech","relationships","health","videoGames","picsAndGifs","animals","entertainment","vroom","travel","tv","photography","gaming","food","memes","fashion","writing"],"temporaryGQL":{"isEmployee":null,"isLoggedIn":false},"wallets":{},"whitelist":{"api":{},"data":[]}},"userFlair":{"t5_2qnan":{"applied":null,"templates":{},"templateIds":[],"displaySettings":{"position":"right","isEnabled":true,"isUserEnabled":false},"permissions":{"canUserChange":false,"canAssignOwn":false}}},"users":{"api":{"error":{},"pending":false},"appliedBadges":{},"models":{},"nameAvailable":{},"publicWallets":{},"topOCCreators":{}},"widgets":{"idCardIds":{"t5_2qnan":"widget_id-card-2qnan"},"menuIds":{},"models":{"widget_id-card-2qnan":{"styles":{"headerColor":null,"backgroundColor":null},"kind":"id-card","description":"The un-official VMware Reddit.","id":"widget_id-card-2qnan","currentlyViewingCount":195,"currentlyViewingText":"","subscribersCount":75049,"subscribersText":"","shortName":"Community Details"},"widget_moderators-2qnan":{"styles":{"headerColor":null,"backgroundColor":null},"kind":"moderators","mods":[{"name":"jakobjs","authorFlairType":"text","authorFlairTextColor":"dark","authorFlairBackgroundColor":"","authorFlairRichText":[],"authorFlairText":null},{"name":"VMwareTech","authorFlairType":"text","authorFlairTextColor":"dark","authorFlairBackgroundColor":"","authorFlairRichText":[],"authorFlairText":"[VCIX]"},{"name":"wazoo9000","authorFlairType":"text","authorFlairTextColor":"dark","authorFlairBackgroundColor":"","authorFlairRichText":[],"authorFlairText":"[VCAP]"},{"name":"cloud_dizzle","authorFlairType":"text","authorFlairTextColor":"dark","authorFlairBackgroundColor":"","authorFlairRichText":[],"authorFlairText":"[VCAP]"},{"name":"vDingus","authorFlairType":"text","authorFlairTextColor":"dark","authorFlairBackgroundColor":"","authorFlairRichText":[],"authorFlairText":"[VCDX-DCV]"},{"name":"vTimD","authorFlairType":"text","authorFlairTextColor":"dark","authorFlairBackgroundColor":"","authorFlairRichText":[],"authorFlairText":null},{"name":"shaunwhiteinc","authorFlairType":"text","authorFlairTextColor":"dark","authorFlairBackgroundColor":"","authorFlairRichText":[],"authorFlairText":"[VCIX6-NV]"},{"name":"virtualviking","authorFlairType":"text","authorFlairTextColor":"dark","authorFlairBackgroundColor":"","authorFlairRichText":[],"authorFlairText":"[VCIX]"},{"name":"lost_signal","authorFlairType":"text","authorFlairTextColor":"dark","authorFlairBackgroundColor":"","authorFlairRichText":[],"authorFlairText":"Too ESXY for his datacenter..."}],"totalMods":9,"id":"widget_moderators-2qnan"}},"moderatorIds":{"t5_2qnan":"widget_moderators-2qnan"},"sidebar":{"t5_2qnan":[]}}}