{"accountManagerModalData":{},"activeModalId":null,"ads":{},"apiRequestState":{},"approvedSubmitters":{"api":{"error":null,"pending":{}},"fetchedTokens":{},"loadMore":{},"models":{},"search":{"api":{"error":null,"pending":false},"result":null},"userOrder":{}},"authorFlair":{"inContext":null,"models":{"t5_2qnp7":{"Sinister_Crayon":null,"giver_of_the_snark":null,"desseb":null,"73jharm":{"text":"Sysadmin","richtext":[{"e":"text","t":"Sysadmin"}],"backgroundColor":"","templateId":null,"textColor":"dark","type":"richtext"},"Net-Runner":{"text":"Sr. Sysadmin","richtext":[{"e":"text","t":"Sr. Sysadmin"}],"backgroundColor":"","templateId":null,"textColor":"dark","type":"richtext"},"iaindings":{"text":"Head of IT Ops","richtext":[{"e":"text","t":"Head of IT Ops"}],"backgroundColor":null,"templateId":"894a3b08-6f78-11e1-8ca4-12313d096aae","textColor":"dark","type":"richtext"},"AnonymousCoward__":null,"packet_whisperer":{"text":"Get Schwifty!","richtext":[{"e":"text","t":"Get Schwifty!"}],"backgroundColor":"","templateId":null,"textColor":"dark","type":"richtext"},"GodisanAstronaut":null,"lucidunclarity":null,"cmwg":{"text":"Jack of All Trades","richtext":[{"e":"text","t":"Jack of All Trades"}],"backgroundColor":null,"templateId":"d2cdfaa4-6f77-11e1-b696-12313b08a511","textColor":"dark","type":"richtext"},"VTi-R":{"text":"Read the bloody logs!","richtext":[{"e":"text","t":"Read the bloody logs!"}],"backgroundColor":"","templateId":null,"textColor":"dark","type":"richtext"},"showIP":null,"DualStack":null,"baconisgooder":null,"Xibby":{"text":"Sr. Sysadmin","richtext":[{"e":"text","t":"Sr. Sysadmin"}],"backgroundColor":"","templateId":null,"textColor":"dark","type":"richtext"},"learath":null,"Humptypumps":{"text":"VAR","richtext":[{"e":"text","t":"VAR"}],"backgroundColor":"","templateId":null,"textColor":"dark","type":"richtext"},"skiingyeti":{"text":"Jack of All Trades","richtext":[{"e":"text","t":"Jack of All Trades"}],"backgroundColor":"","templateId":null,"textColor":"dark","type":"richtext"},"Trogdor85":{"text":"","richtext":[],"backgroundColor":"","templateId":null,"textColor":"dark","type":"text"},"lost_signal":null,"onepost4me":{"text":"HCI VAR","richtext":[{"e":"text","t":"HCI VAR"}],"backgroundColor":null,"templateId":"894a3b08-6f78-11e1-8ca4-12313d096aae","textColor":"dark","type":"richtext"},"balikbayan21":{"text":"Jack of All Trades","richtext":[{"e":"text","t":"Jack of All Trades"}],"backgroundColor":null,"templateId":"d2cdfaa4-6f77-11e1-b696-12313b08a511","textColor":"dark","type":"richtext"},"bhos17":null}}},"awards":{"blacklist":{},"create":{"api":{"error":null,"pending":false}},"manageable":{"api":{"error":null,"pending":{}},"order":{}},"models":{},"usable":{"api":{"error":null,"pending":{}},"order":{}}},"badges":{"api":{"subreddit":{"error":{},"pending":{}},"user":{"error":{},"pending":{}}},"models":{}},"banned":{"api":{"error":null,"pending":{}},"fetchedTokens":{},"inContext":null,"loadMore":{},"models":{},"search":{"api":{"error":null,"pending":false},"result":null},"userOrder":{}},"blockUser":{"api":{"error":{},"pending":{}}},"brandSafety":{"isViewSafe":true,"hasBrandSafetyBeenAssessed":false},"categories":{"api":{"list":{"error":null,"loaded":false,"pending":false},"subreddits":{"error":{},"loaded":{},"pending":{}}},"ids":[],"models":{},"nameToId":{}},"chat":{"isInited":false,"isUserSubredditChatEnabled":false,"subredditSettings":{"subredditId":null,"bannedWords":"","domains":"","rateLimit":-1,"regexes":[]},"promos":{"displaySubredditChatFtux":false},"unread":{"api":{"error":{"apiError":null},"pending":false},"count":{"basicChannelCount":0,"subredditChannelCount":0}}},"claimGold":{"api":{"error":null,"pending":false,"showLoader":false},"code":"","showModal":false},"comments":{"collapsed":{"commentsPage--[post:'t3_6w4tk5']":{}},"drafts":{"replyToPost_t3_6w4tk5":{"commentMode":"richtext","draftType":0,"hasFocus":false,"rteState":null,"text":""}},"focused":{},"hidden":{},"isEditing":{},"models":{"t1_dm5npa4":{"editedAt":null,"isStickied":false,"isMod":false,"postAuthor":null,"isScoreHidden":false,"id":"t1_dm5npa4","isDeleted":false,"author":"Sinister_Crayon","media":{"richtextContent":{"document":[{"c":[{"e":"text","t":"I really do like VxRail in concept, but the execution does still leave a lot to be desired. The promised \"one click upgrade\" of hosts isn't... at least not yet (it's \"coming any day now\" for over a year) and in general the promise of the prepackaged solution is a little ahead of the actual delivery in my experience. However, it's improving at a rapid clip and has made some interesting strides lately to make it more competitive. It's still a lot better than Simplivity in my opinion, but I'd say it'll be early next year before the promise is really realized."}],"e":"par"},{"c":[{"e":"text","t":"Now having said all that, the tech on which VxRail is based (VSAN) is solid as all get out. I've done a bunch of VSAN Ready Nodes and had nothing but great experience (again, Dell... they've got this down). Plus, you can spec out single CPU boxes if you don't need massive single-box compute, and since VSAN only supports 8 drives per disk group per host (one cache and 7 data), you don't hit any limitations on PCIe lanes you might hit with more drives even if you load it up with NVMe (actually an option with Dell's 14G servers which I find impressive). This halves your VSAN licensing cost due to per-socket licensing, and instead of scaling up on per-box you can scale out with more boxes which has the side effect of giving you more fault tolerance or more storage... and definitely more compute and memory. In fact, it's generally what I recommend to my customers unless you have a specific need for few boxes in a cluster (small datacenter or half-height rack for example)"}],"e":"par"},{"c":[{"e":"text","t":"In the HCI realm on Dell as well you have the XC boxes, which are Dell servers with Nutanix which is also a great solution. Nutanix is not perfect, but generally I feel it's solid and you get a choice of hypervisors if you're not VMware-centric. Hell, you can even change the hypervisor."}],"e":"par"},{"c":[{"e":"text","t":"I'm hopeful that ScaleIO gets more of a first-class treatment under the new DellEMC stewardship. It's a damned fine product that doesn't even NEED a hypervisor (though you can optionally have one) and you can even mix and match in the same cluster. I am pretty sure it languished after EMC bought it because they felt it would cannibalize their own core business (big monolithic storage arrays) so they just put it out there as a \"me too\" product in the then-nascent HCI marketplace. Already I'm seeing recent versions have come a long way from the early versions, and Dell is now selling the ScaleIO ready-nodes (similar to the VSAN ready nodes) that are pretty competitively priced and flexible in configuration. ScaleIO still can be pricey once you add in your operating system license costs since it needs a host OS to run, but once up and running makes for a very compelling solution in this space. I just hope Dell can get away from the occasionally-awful SATADOM they use for the OS boot in these things and get that highly advertised BOSS out the door instead."}],"e":"par"}]},"type":"rtjson","rteMode":"richtext"},"isAdmin":false,"isOp":false,"isLocked":false,"score":4,"parentId":null,"subredditId":"t5_2qnp7","collapsedReason":null,"collapsed":false,"sendReplies":true,"goldCount":0,"gildings":null,"authorId":"t2_9kda6","postId":"t3_6w4tk5","permalink":"/r/sysadmin/comments/6w4tk5/hyperconverged_solution_dell_vxrail/dm5npa4/","created":1503764870,"postTitle":null,"distinguishType":null,"isSaved":false,"voteState":0,"deletedBy":null},"t1_dm8tigu":{"editedAt":null,"isStickied":false,"isMod":false,"postAuthor":null,"isScoreHidden":false,"id":"t1_dm8tigu","isDeleted":false,"author":"73jharm","media":{"richtextContent":{"document":[{"c":[{"e":"text","t":"this guy knows his stuff"}],"e":"par"}]},"type":"rtjson","rteMode":"richtext"},"isAdmin":false,"isOp":false,"isLocked":false,"score":2,"parentId":"t1_dm63r3e","subredditId":"t5_2qnp7","collapsedReason":null,"collapsed":false,"sendReplies":true,"goldCount":0,"gildings":null,"authorId":"t2_q0fpw","postId":"t3_6w4tk5","permalink":"/r/sysadmin/comments/6w4tk5/hyperconverged_solution_dell_vxrail/dm8tigu/","created":1503943679,"postTitle":null,"distinguishType":null,"isSaved":false,"voteState":0,"deletedBy":null},"t1_dm8tk23":{"editedAt":null,"isStickied":false,"isMod":false,"postAuthor":null,"isScoreHidden":false,"id":"t1_dm8tk23","isDeleted":false,"author":"73jharm","media":{"richtextContent":{"document":[{"c":[{"e":"text","t":"the nutanix Kool-aid tastes like 2048, lol great stuff and company"}],"e":"par"}]},"type":"rtjson","rteMode":"richtext"},"isAdmin":false,"isOp":false,"isLocked":false,"score":2,"parentId":"t1_dm5ij8b","subredditId":"t5_2qnp7","collapsedReason":null,"collapsed":false,"sendReplies":true,"goldCount":0,"gildings":null,"authorId":"t2_q0fpw","postId":"t3_6w4tk5","permalink":"/r/sysadmin/comments/6w4tk5/hyperconverged_solution_dell_vxrail/dm8tk23/","created":1503943727,"postTitle":null,"distinguishType":null,"isSaved":false,"voteState":0,"deletedBy":null},"t1_dm5bsvc":{"editedAt":null,"isStickied":false,"isMod":false,"postAuthor":null,"isScoreHidden":false,"id":"t1_dm5bsvc","isDeleted":false,"author":"cmwg","media":{"richtextContent":{"document":[{"c":[{"e":"text","t":"Take a look at Dell VRTX, that is hyperconverged."}],"e":"par"}]},"type":"rtjson","rteMode":"richtext"},"isAdmin":false,"isOp":false,"isLocked":false,"score":1,"parentId":null,"subredditId":"t5_2qnp7","collapsedReason":null,"collapsed":false,"sendReplies":true,"goldCount":0,"gildings":null,"authorId":"t2_xewzq","postId":"t3_6w4tk5","permalink":"/r/sysadmin/comments/6w4tk5/hyperconverged_solution_dell_vxrail/dm5bsvc/","created":1503743143,"postTitle":null,"distinguishType":null,"isSaved":false,"voteState":0,"deletedBy":null},"t1_dm62x04":{"editedAt":null,"isStickied":false,"isMod":false,"postAuthor":null,"isScoreHidden":false,"id":"t1_dm62x04","isDeleted":false,"author":"Humptypumps","media":{"richtextContent":{"document":[{"c":[{"e":"text","t":"Dell VRTX plus vSan is a kind of build your own HCI solution. Will likely be kinder to your wallet, but may take a little more management than vxRail."}],"e":"par"}]},"type":"rtjson","rteMode":"richtext"},"isAdmin":false,"isOp":false,"isLocked":false,"score":2,"parentId":"t1_dm5bsvc","subredditId":"t5_2qnp7","collapsedReason":null,"collapsed":false,"sendReplies":true,"goldCount":0,"gildings":null,"authorId":"t2_ha2t1","postId":"t3_6w4tk5","permalink":"/r/sysadmin/comments/6w4tk5/hyperconverged_solution_dell_vxrail/dm62x04/","created":1503784944,"postTitle":null,"distinguishType":null,"isSaved":false,"voteState":0,"deletedBy":null},"t1_dm5nu9k":{"editedAt":null,"isStickied":false,"isMod":false,"postAuthor":null,"isScoreHidden":false,"id":"t1_dm5nu9k","isDeleted":false,"author":"skiingyeti","media":{"richtextContent":{"document":[{"c":[{"e":"text","t":"FWIW I've been doing some of the same shopping around for HCI over the past few months. What struck me is that my VMware account team will all toe the company line when someone from dellEMC is in the room and say vxrail is great. As soon as the VMware team is on their own they trash vxrail and say I should be looking at literally anything else that's vSAN compatible. Vxrail has thus far always been the most expensive option in the HCI market for what we've quoted out."}],"e":"par"},{"c":[{"e":"text","t":"I've also heard through a few trustworthy account reps that dellEMC is giving 1.5x commission to account reps on all vxrail deals which explains why every conversation with dellEMC somehow devolves into HCI."}],"e":"par"}]},"type":"rtjson","rteMode":"richtext"},"isAdmin":false,"isOp":false,"isLocked":false,"score":2,"parentId":null,"subredditId":"t5_2qnp7","collapsedReason":null,"collapsed":false,"sendReplies":true,"goldCount":0,"gildings":null,"authorId":"t2_5qxxu","postId":"t3_6w4tk5","permalink":"/r/sysadmin/comments/6w4tk5/hyperconverged_solution_dell_vxrail/dm5nu9k/","created":1503765048,"postTitle":null,"distinguishType":null,"isSaved":false,"voteState":0,"deletedBy":null},"t1_dm6b86k":{"editedAt":null,"isStickied":false,"isMod":false,"postAuthor":null,"isScoreHidden":false,"id":"t1_dm6b86k","isDeleted":false,"author":"Xibby","media":{"richtextContent":{"document":[{"c":[{"e":"text","t":"VxRail provides zero value over a standard VMware and VMware VSAN setup. Actually, zero value is being too kind. The VxRail software additions and support provide significant negative value. So much time wasted, so many production impacting problems."}],"e":"par"},{"c":[{"e":"text","t":"Our SOP for a VxRail problem is to immediately open a Sev 1, wait out the SLA, and then call the escalation engineers until someone answers and takes action. I've made it to the regional support manager (or whatever his position is...) multiple times. Don't bother opening anything other than a Sev 1. By the time support gets around to you"}],"e":"par"},{"c":[{"e":"text","t":"Buy yourself some 1Us and a SAN on the VMware HCL. You'll be much happier. Skip VMware VSAN as well. It depends far to heavily on VCenter Server, and running a vCenter virtual appliance on a VSAN scares the hell out of me these days."}],"e":"par"}]},"type":"rtjson","rteMode":"richtext"},"isAdmin":false,"isOp":false,"isLocked":false,"score":4,"parentId":null,"subredditId":"t5_2qnp7","collapsedReason":null,"collapsed":false,"sendReplies":true,"goldCount":0,"gildings":null,"authorId":"t2_4by2t","postId":"t3_6w4tk5","permalink":"/r/sysadmin/comments/6w4tk5/hyperconverged_solution_dell_vxrail/dm6b86k/","created":1503796908,"postTitle":null,"distinguishType":null,"isSaved":false,"voteState":0,"deletedBy":null},"t1_dm5hh1b":{"editedAt":null,"isStickied":false,"isMod":false,"postAuthor":null,"isScoreHidden":false,"id":"t1_dm5hh1b","isDeleted":false,"author":"GodisanAstronaut","media":{"richtextContent":{"document":[{"c":[{"e":"text","t":"Honestly, there's two messages on that? Like two whole replies.."}],"e":"par"}]},"type":"rtjson","rteMode":"richtext"},"isAdmin":false,"isOp":true,"isLocked":false,"score":2,"parentId":"t1_dm5fxi3","subredditId":"t5_2qnp7","collapsedReason":null,"collapsed":false,"sendReplies":true,"goldCount":0,"gildings":null,"authorId":"t2_881xb","postId":"t3_6w4tk5","permalink":"/r/sysadmin/comments/6w4tk5/hyperconverged_solution_dell_vxrail/dm5hh1b/","created":1503755906,"postTitle":null,"distinguishType":null,"isSaved":false,"voteState":0,"deletedBy":null},"t1_dma2khv":{"editedAt":null,"isStickied":false,"isMod":false,"postAuthor":null,"isScoreHidden":false,"id":"t1_dma2khv","isDeleted":false,"author":"Net-Runner","media":{"richtextContent":{"document":[{"c":[{"e":"text","t":"Looked at Nutanix as well, but the prices bite. Especially if you don't need much infrastructure to be implemented, some kind of SMB. Of course it has some sweet options like ultimate managing, but in some cases building a cost-effective solution makes sense."}],"e":"par"},{"c":[{"e":"text","t":"We were comparing "},{"e":"link","u":"https://www.hpe.com/us/en/product-catalog/storage/storage-software/pip.hpe-storevirtual-vsa-software.5306917.html","t":"Nutanix, HPE VSA"},{"e":"text","t":" and "},{"e":"link","u":"https://www.starwindsoftware.com/starwind-virtual-san","t":"Starwinds VSAN"},{"e":"text","t":" recently, and finally went with Starwinds hyperconverged solution, saved a lot of money and works well with two nodes. Yeah, it doesn't have its own hypervisor atm, but it provides fault tolerance, and they of course support the whole appliance."}],"e":"par"}]},"type":"rtjson","rteMode":"richtext"},"isAdmin":false,"isOp":false,"isLocked":false,"score":1,"parentId":"t1_dm5ij8b","subredditId":"t5_2qnp7","collapsedReason":null,"collapsed":false,"sendReplies":true,"goldCount":0,"gildings":null,"authorId":"t2_sl32d","postId":"t3_6w4tk5","permalink":"/r/sysadmin/comments/6w4tk5/hyperconverged_solution_dell_vxrail/dma2khv/","created":1504012676,"postTitle":null,"distinguishType":null,"isSaved":false,"voteState":0,"deletedBy":null},"t1_dm5ko0p":{"editedAt":null,"isStickied":false,"isMod":false,"postAuthor":null,"isScoreHidden":false,"id":"t1_dm5ko0p","isDeleted":false,"author":"packet_whisperer","media":{"richtextContent":{"document":[{"c":[{"e":"text","t":"Cisco's HyperFlex solves that problem as well, and is probably a more well-known HCI solution."}],"e":"par"}]},"type":"rtjson","rteMode":"richtext"},"isAdmin":false,"isOp":false,"isLocked":false,"score":0,"parentId":"t1_dm5igiu","subredditId":"t5_2qnp7","collapsedReason":null,"collapsed":false,"sendReplies":true,"goldCount":0,"gildings":null,"authorId":"t2_peoy7","postId":"t3_6w4tk5","permalink":"/r/sysadmin/comments/6w4tk5/hyperconverged_solution_dell_vxrail/dm5ko0p/","created":1503760655,"postTitle":null,"distinguishType":null,"isSaved":false,"voteState":0,"deletedBy":null},"t1_dm5g7vh":{"editedAt":null,"isStickied":false,"isMod":false,"postAuthor":null,"isScoreHidden":false,"id":"t1_dm5g7vh","isDeleted":false,"author":"baconisgooder","media":{"richtextContent":{"document":[{"c":[{"e":"text","t":"I've talked to a few former EMC guys. They said vxrail has a ton of issues"}],"e":"par"}]},"type":"rtjson","rteMode":"richtext"},"isAdmin":false,"isOp":false,"isLocked":false,"score":7,"parentId":null,"subredditId":"t5_2qnp7","collapsedReason":null,"collapsed":false,"sendReplies":true,"goldCount":0,"gildings":null,"authorId":"t2_x659d","postId":"t3_6w4tk5","permalink":"/r/sysadmin/comments/6w4tk5/hyperconverged_solution_dell_vxrail/dm5g7vh/","created":1503753844,"postTitle":null,"distinguishType":null,"isSaved":false,"voteState":0,"deletedBy":null},"t1_dm5gd7s":{"editedAt":null,"isStickied":false,"isMod":false,"postAuthor":null,"isScoreHidden":false,"id":"t1_dm5gd7s","isDeleted":false,"author":"iaindings","media":{"richtextContent":{"document":[{"c":[{"e":"text","t":"Kind of a difficult recommendation without understanding scale requirements. It's a neat solution for a handful of hosts and some storage but lacks scalability"}],"e":"par"}]},"type":"rtjson","rteMode":"richtext"},"isAdmin":false,"isOp":false,"isLocked":false,"score":2,"parentId":"t1_dm5bsvc","subredditId":"t5_2qnp7","collapsedReason":null,"collapsed":false,"sendReplies":true,"goldCount":0,"gildings":null,"authorId":"t2_3hw2y","postId":"t3_6w4tk5","permalink":"/r/sysadmin/comments/6w4tk5/hyperconverged_solution_dell_vxrail/dm5gd7s/","created":1503754089,"postTitle":null,"distinguishType":null,"isSaved":false,"voteState":0,"deletedBy":null},"t1_dm5fxi3":{"editedAt":null,"isStickied":false,"isMod":false,"postAuthor":null,"isScoreHidden":false,"id":"t1_dm5fxi3","isDeleted":false,"author":"VTi-R","media":{"richtextContent":{"document":[{"c":[{"e":"text","t":"Not posted that long ago:"}],"e":"par"},{"c":[{"e":"link","u":"https://www.reddit.com/r/sysadmin/comments/6vnbjf/vxrail_experience/","t":"https://www.reddit.com/r/sysadmin/comments/6vnbjf/vxrail_experience/"}],"e":"par"},{"c":[{"e":"text","t":"In fact I can't find many positive reactions here... While you'll often  hear more bad comments than good, the complete lack of positives is ... worrying."}],"e":"par"}]},"type":"rtjson","rteMode":"richtext"},"isAdmin":false,"isOp":false,"isLocked":false,"score":6,"parentId":null,"subredditId":"t5_2qnp7","collapsedReason":null,"collapsed":false,"sendReplies":true,"goldCount":0,"gildings":null,"authorId":"t2_dzvqk","postId":"t3_6w4tk5","permalink":"/r/sysadmin/comments/6w4tk5/hyperconverged_solution_dell_vxrail/dm5fxi3/","created":1503753301,"postTitle":null,"distinguishType":null,"isSaved":false,"voteState":0,"deletedBy":null},"t1_dm67hfc":{"editedAt":null,"isStickied":false,"isMod":false,"postAuthor":null,"isScoreHidden":false,"id":"t1_dm67hfc","isDeleted":false,"author":"AnonymousCoward__","media":{"richtextContent":{"document":[{"c":[{"c":[{"e":"text","t":"P.S. How on earth do I get proper white spaces between sentences?"}],"e":"par"}],"e":"blockquote"},{"c":[{"e":"text","t":"Tis a dangerous question to ask, only madness lies down this road."}],"e":"par"}]},"type":"rtjson","rteMode":"richtext"},"isAdmin":false,"isOp":false,"isLocked":false,"score":1,"parentId":null,"subredditId":"t5_2qnp7","collapsedReason":null,"collapsed":false,"sendReplies":true,"goldCount":0,"gildings":null,"authorId":"t2_16zk49","postId":"t3_6w4tk5","permalink":"/r/sysadmin/comments/6w4tk5/hyperconverged_solution_dell_vxrail/dm67hfc/","created":1503791469,"postTitle":null,"distinguishType":null,"isSaved":false,"voteState":0,"deletedBy":null},"t1_dm5meo9":{"editedAt":null,"isStickied":false,"isMod":false,"postAuthor":null,"isScoreHidden":false,"id":"t1_dm5meo9","isDeleted":false,"author":"learath","media":{"richtextContent":{"document":[{"c":[{"e":"text","t":"Particularly data loss."}],"e":"par"}]},"type":"rtjson","rteMode":"richtext"},"isAdmin":false,"isOp":false,"isLocked":false,"score":1,"parentId":"t1_dm5gq76","subredditId":"t5_2qnp7","collapsedReason":null,"collapsed":false,"sendReplies":true,"goldCount":0,"gildings":null,"authorId":"t2_ck412","postId":"t3_6w4tk5","permalink":"/r/sysadmin/comments/6w4tk5/hyperconverged_solution_dell_vxrail/dm5meo9/","created":1503763078,"postTitle":null,"distinguishType":null,"isSaved":false,"voteState":0,"deletedBy":null},"t1_dm5igiu":{"editedAt":null,"isStickied":false,"isMod":false,"postAuthor":null,"isScoreHidden":false,"id":"t1_dm5igiu","isDeleted":false,"author":"showIP","media":{"richtextContent":{"document":[{"c":[{"e":"text","t":"I don't have experience with vxrail, but if I was looking at hci I would be taking a close took at Netapp's hci solution, as it solves some of the problems I've had in general related to hci and tying your compute/storage upgrades together."}],"e":"par"},{"c":[{"e":"link","u":"http://www.netapp.com/us/products/converged-systems/hyper-converged-infrastructure.aspx","t":"http://www.netapp.com/us/products/converged-systems/hyper-converged-infrastructure.aspx"}],"e":"par"}]},"type":"rtjson","rteMode":"richtext"},"isAdmin":false,"isOp":false,"isLocked":false,"score":2,"parentId":null,"subredditId":"t5_2qnp7","collapsedReason":null,"collapsed":false,"sendReplies":true,"goldCount":0,"gildings":null,"authorId":"t2_dwle4","postId":"t3_6w4tk5","permalink":"/r/sysadmin/comments/6w4tk5/hyperconverged_solution_dell_vxrail/dm5igiu/","created":1503757440,"postTitle":null,"distinguishType":null,"isSaved":false,"voteState":0,"deletedBy":null},"t1_dm5juh5":{"editedAt":null,"isStickied":false,"isMod":false,"postAuthor":null,"isScoreHidden":false,"id":"t1_dm5juh5","isDeleted":false,"author":"bhos17","media":{"richtextContent":{"document":[{"c":[{"e":"text","t":"I would stick to the things that have good reviews, like Nutanix."}],"e":"par"}]},"type":"rtjson","rteMode":"richtext"},"isAdmin":false,"isOp":false,"isLocked":false,"score":3,"parentId":null,"subredditId":"t5_2qnp7","collapsedReason":null,"collapsed":false,"sendReplies":true,"goldCount":0,"gildings":null,"authorId":"t2_x1rm5","postId":"t3_6w4tk5","permalink":"/r/sysadmin/comments/6w4tk5/hyperconverged_solution_dell_vxrail/dm5juh5/","created":1503759486,"postTitle":null,"distinguishType":null,"isSaved":false,"voteState":0,"deletedBy":null},"t1_dm5ij8b":{"editedAt":null,"isStickied":false,"isMod":false,"postAuthor":null,"isScoreHidden":false,"id":"t1_dm5ij8b","isDeleted":false,"author":"Trogdor85","media":{"richtextContent":{"document":[{"c":[{"e":"text","t":"We looked into Simplivity as well as VxRail before finally deciding on Nutanix. The timing was bad for the other two because HP had just acquired Simplivity and the whole Dell/EMC/WhoeverownedVxRail merger was in progress. We ended up with no one trying to sell us Simplivity and about 4 Dell reps trying to sell us VxRail."}],"e":"par"},{"c":[{"e":"text","t":"Sales aside, the decision ultimately came down to manageability. Simplivity seemed very messy, it was all vSphere plugins to get anything done. VxRail was all vSan based, and if your team already has several experienced VMWare experts, this would not likely been an issue. Neither seemed to add value beyond the whole HCI component either. Nutanix has its own interface for managing storage, which is stupid simple to use. It literally takes less than 15 minutes to create a storage container and add it to all the hosts on the cluster. In addition to VMWare, Nutanix also supports Hyper-V as well as their home grown AHV (I don't know if the others do this)."}],"e":"par"},{"c":[{"e":"text","t":"TL;DR: VxRail requires vSan knowledge/expertise, Simplivity uses convoluted vSphere plugins, and Nutanix has a stupid easy interface for storage. We decided to drink the Nutanix kool-aid."}],"e":"par"}]},"type":"rtjson","rteMode":"richtext"},"isAdmin":false,"isOp":false,"isLocked":false,"score":3,"parentId":null,"subredditId":"t5_2qnp7","collapsedReason":null,"collapsed":false,"sendReplies":true,"goldCount":0,"gildings":null,"authorId":"t2_dd0v6","postId":"t3_6w4tk5","permalink":"/r/sysadmin/comments/6w4tk5/hyperconverged_solution_dell_vxrail/dm5ij8b/","created":1503757555,"postTitle":null,"distinguishType":null,"isSaved":false,"voteState":0,"deletedBy":null},"t1_dm5kvhr":{"editedAt":null,"isStickied":false,"isMod":false,"postAuthor":null,"isScoreHidden":false,"id":"t1_dm5kvhr","isDeleted":false,"author":"packet_whisperer","media":{"richtextContent":{"document":[{"c":[{"e":"text","t":"I can't speak to VxRail, but we tried getting a quote for VxRack. They took forever to turn it around, got it wrong, tried two more times, never got it right. We went with UCS and Nimble for 1/6th the cost. We may also add some HyperFlex nodes in the future for specific workloads."}],"e":"par"}]},"type":"rtjson","rteMode":"richtext"},"isAdmin":false,"isOp":false,"isLocked":false,"score":2,"parentId":null,"subredditId":"t5_2qnp7","collapsedReason":null,"collapsed":false,"sendReplies":true,"goldCount":0,"gildings":null,"authorId":"t2_peoy7","postId":"t3_6w4tk5","permalink":"/r/sysadmin/comments/6w4tk5/hyperconverged_solution_dell_vxrail/dm5kvhr/","created":1503760945,"postTitle":null,"distinguishType":null,"isSaved":false,"voteState":0,"deletedBy":null},"t1_dm62wz2":{"editedAt":null,"isStickied":false,"isMod":false,"postAuthor":null,"isScoreHidden":false,"id":"t1_dm62wz2","isDeleted":false,"author":"Humptypumps","media":{"richtextContent":{"document":[{"c":[{"e":"text","t":"Dell VRTX plus vSan is a kind of build your own HCI solution. Will likely be kinder to your wallet, but may take a little more management than vxRail."}],"e":"par"}]},"type":"rtjson","rteMode":"richtext"},"isAdmin":false,"isOp":false,"isLocked":false,"score":0,"parentId":"t1_dm5bsvc","subredditId":"t5_2qnp7","collapsedReason":null,"collapsed":false,"sendReplies":true,"goldCount":0,"gildings":null,"authorId":"t2_ha2t1","postId":"t3_6w4tk5","permalink":"/r/sysadmin/comments/6w4tk5/hyperconverged_solution_dell_vxrail/dm62wz2/","created":1503784943,"postTitle":null,"distinguishType":null,"isSaved":false,"voteState":0,"deletedBy":null},"t1_dm5gi57":{"editedAt":null,"isStickied":false,"isMod":false,"postAuthor":null,"isScoreHidden":false,"id":"t1_dm5gi57","isDeleted":false,"author":"onepost4me","media":{"richtextContent":{"document":[{"c":[{"e":"text","t":"This is more of a piecemeal solution. Dell's \"true\" HCI solution is Nutanix on Dell hardware. Most Dell Nutanix users have a longer/lower quality support experience because it goes through Dell then punts to Nutanix."}],"e":"par"},{"c":[{"e":"text","t":"If you're looking to go HCI, check out Nutanix (OEM, not on Dell/Cisco/Lenovo/etc), Simplivity, vxRail. Then go with the warm and fuzzies."}],"e":"par"}]},"type":"rtjson","rteMode":"richtext"},"isAdmin":false,"isOp":false,"isLocked":false,"score":2,"parentId":"t1_dm5bsvc","subredditId":"t5_2qnp7","collapsedReason":null,"collapsed":false,"sendReplies":true,"goldCount":0,"gildings":null,"authorId":"t2_zsw46","postId":"t3_6w4tk5","permalink":"/r/sysadmin/comments/6w4tk5/hyperconverged_solution_dell_vxrail/dm5gi57/","created":1503754318,"postTitle":null,"distinguishType":null,"isSaved":false,"voteState":0,"deletedBy":null},"t1_dm5gq76":{"editedAt":null,"isStickied":false,"isMod":false,"postAuthor":null,"isScoreHidden":false,"id":"t1_dm5gq76","isDeleted":false,"author":"balikbayan21","media":{"richtextContent":{"document":[{"c":[{"e":"text","t":"Nutanix on dell for all the things."}],"e":"par"}]},"type":"rtjson","rteMode":"richtext"},"isAdmin":false,"isOp":false,"isLocked":false,"score":2,"parentId":null,"subredditId":"t5_2qnp7","collapsedReason":null,"collapsed":false,"sendReplies":true,"goldCount":0,"gildings":null,"authorId":"t2_5fy1j","postId":"t3_6w4tk5","permalink":"/r/sysadmin/comments/6w4tk5/hyperconverged_solution_dell_vxrail/dm5gq76/","created":1503754696,"postTitle":null,"distinguishType":null,"isSaved":false,"voteState":0,"deletedBy":null},"t1_dm63r3e":{"editedAt":null,"isStickied":false,"isMod":false,"postAuthor":null,"isScoreHidden":false,"id":"t1_dm63r3e","isDeleted":false,"author":"lucidunclarity","media":{"richtextContent":{"document":[{"c":[{"e":"text","t":"Nutanix is the answer you're looking for. Either running VMware, hyper-v, or its native AHV (with veeam and rubrik supporting it now). I've installed and troubleshot both and you will do very little of the latter with nutanix."}],"e":"par"}]},"type":"rtjson","rteMode":"richtext"},"isAdmin":false,"isOp":false,"isLocked":false,"score":6,"parentId":null,"subredditId":"t5_2qnp7","collapsedReason":null,"collapsed":false,"sendReplies":true,"goldCount":0,"gildings":null,"authorId":"t2_6hrri","postId":"t3_6w4tk5","permalink":"/r/sysadmin/comments/6w4tk5/hyperconverged_solution_dell_vxrail/dm63r3e/","created":1503786087,"postTitle":null,"distinguishType":null,"isSaved":false,"voteState":0,"deletedBy":null},"t1_dm7102p":{"editedAt":null,"isStickied":false,"isMod":false,"postAuthor":null,"isScoreHidden":false,"id":"t1_dm7102p","isDeleted":false,"author":"desseb","media":{"richtextContent":{"document":[{"c":[{"e":"text","t":"I've not used them myself, but had a demo and sales pitch from VCE.  My thought was it was far too simplified for my taste, but I could see that having its place."}],"e":"par"},{"c":[{"e":"text","t":"Also, keep in mind with the Dell acquisition, EMC is no longer using Quanta hardware for this, they are now on Dell hardware.  Whether this is an improvement or not, I have no idea, but it makes older reviews/comments potentially no longer relevant."}],"e":"par"}]},"type":"rtjson","rteMode":"richtext"},"isAdmin":false,"isOp":false,"isLocked":false,"score":2,"parentId":null,"subredditId":"t5_2qnp7","collapsedReason":null,"collapsed":false,"sendReplies":true,"goldCount":0,"gildings":null,"authorId":"t2_6lkvs","postId":"t3_6w4tk5","permalink":"/r/sysadmin/comments/6w4tk5/hyperconverged_solution_dell_vxrail/dm7102p/","created":1503848445,"postTitle":null,"distinguishType":null,"isSaved":false,"voteState":0,"deletedBy":null},"t1_dm5jxow":{"editedAt":null,"isStickied":false,"isMod":false,"postAuthor":null,"isScoreHidden":false,"id":"t1_dm5jxow","isDeleted":false,"author":"bhos17","media":{"richtextContent":{"document":[{"c":[{"e":"text","t":"We looked at Simplivity too, but it was 2x the price of nutanix and 3x the price of SAN + Servers."}],"e":"par"}]},"type":"rtjson","rteMode":"richtext"},"isAdmin":false,"isOp":false,"isLocked":false,"score":2,"parentId":"t1_dm5ij8b","subredditId":"t5_2qnp7","collapsedReason":null,"collapsed":false,"sendReplies":true,"goldCount":0,"gildings":null,"authorId":"t2_x1rm5","postId":"t3_6w4tk5","permalink":"/r/sysadmin/comments/6w4tk5/hyperconverged_solution_dell_vxrail/dm5jxow/","created":1503759618,"postTitle":null,"distinguishType":null,"isSaved":false,"voteState":0,"deletedBy":null},"t1_dnz0unf":{"editedAt":null,"isStickied":false,"isMod":false,"postAuthor":null,"isScoreHidden":false,"id":"t1_dnz0unf","isDeleted":false,"author":"lost_signal","media":{"richtextContent":{"document":[{"c":[{"c":[{"e":"text","t":"It depends far to heavily on VCenter Server, and running a vCenter virtual appliance on a VSAN scares the hell out of me these days."}],"e":"par"}],"e":"blockquote"},{"c":[{"e":"text","t":"I see this myth about HA too (HA doesn't need vCenter to work, just to configure). vCenter for vSAN is nothing more than a management/monitoring plane, but you can configure and monitor from hosts directly if need be (albeit with reduced functionality but enough to deploy a new VCSA. The 6.5 release closed a lot of gaps here on the monitoring side)."}],"e":"par"},{"c":[{"e":"text","t":"It's not dependent on vCenter really. You can run the health check's on a host directly from the UI (or CLI).  I've recovered a cluster from a dead VCSA, and GSS more than familiar with the process. No metadata, or \"state\" lives in the VCSA (it keeps the primary copy of the member lists, but if it dies the local CMMDS's persist even through reboot with their version).  Even the vSAN performance service is stored in the object store directly."}],"e":"par"}]},"type":"rtjson","rteMode":"richtext"},"isAdmin":false,"isOp":false,"isLocked":false,"score":1,"parentId":"t1_dm6b86k","subredditId":"t5_2qnp7","collapsedReason":null,"collapsed":false,"sendReplies":true,"goldCount":0,"gildings":null,"authorId":"t2_bhuku","postId":"t3_6w4tk5","permalink":"/r/sysadmin/comments/6w4tk5/hyperconverged_solution_dell_vxrail/dnz0unf/","created":1507253988,"postTitle":null,"distinguishType":null,"isSaved":false,"voteState":0,"deletedBy":null},"t1_dm659qh":{"editedAt":null,"isStickied":false,"isMod":false,"postAuthor":null,"isScoreHidden":false,"id":"t1_dm659qh","isDeleted":false,"author":"lost_signal","media":{"richtextContent":{"document":[{"c":[{"e":"text","t":"The first 1.0 release of the code had some bugs, as well as teething issues around early deployments needing polish and training.Those have been patched, and the 4.5 release that's catching up to vSAN 6.6.1 fixes all the issues I've seen complaints about."}],"e":"par"},{"c":[{"e":"text","t":"It's a product that had some growing problems (They sold like 1500% of target the first 2 quarters) but they have been staffing up, and catching up on patches."}],"e":"par"}]},"type":"rtjson","rteMode":"richtext"},"isAdmin":false,"isOp":false,"isLocked":false,"score":3,"parentId":"t1_dm5g7vh","subredditId":"t5_2qnp7","collapsedReason":null,"collapsed":false,"sendReplies":true,"goldCount":0,"gildings":null,"authorId":"t2_bhuku","postId":"t3_6w4tk5","permalink":"/r/sysadmin/comments/6w4tk5/hyperconverged_solution_dell_vxrail/dm659qh/","created":1503788260,"postTitle":null,"distinguishType":null,"isSaved":false,"voteState":0,"deletedBy":null},"t1_dm5ivzf":{"editedAt":null,"isStickied":false,"isMod":false,"postAuthor":null,"isScoreHidden":false,"id":"t1_dm5ivzf","isDeleted":false,"author":"DualStack","media":{"richtextContent":{"document":[{"c":[{"e":"text","t":"Check out Cisco hyper flex"}],"e":"par"}]},"type":"rtjson","rteMode":"richtext"},"isAdmin":false,"isOp":false,"isLocked":false,"score":5,"parentId":null,"subredditId":"t5_2qnp7","collapsedReason":null,"collapsed":false,"sendReplies":true,"goldCount":0,"gildings":null,"authorId":"t2_17a7mj","postId":"t3_6w4tk5","permalink":"/r/sysadmin/comments/6w4tk5/hyperconverged_solution_dell_vxrail/dm5ivzf/","created":1503758091,"postTitle":null,"distinguishType":null,"isSaved":false,"voteState":0,"deletedBy":null},"t1_dm74j6w":{"editedAt":null,"isStickied":false,"isMod":false,"postAuthor":null,"isScoreHidden":false,"id":"t1_dm74j6w","isDeleted":false,"author":"giver_of_the_snark","media":{"richtextContent":{"document":[{"c":[{"e":"text","t":"HCI is a great solution for vendors' profit margins, that's for sure."}],"e":"par"}]},"type":"rtjson","rteMode":"richtext"},"isAdmin":false,"isOp":false,"isLocked":false,"score":1,"parentId":null,"subredditId":"t5_2qnp7","collapsedReason":null,"collapsed":false,"sendReplies":true,"goldCount":0,"gildings":null,"authorId":"t2_je5yq","postId":"t3_6w4tk5","permalink":"/r/sysadmin/comments/6w4tk5/hyperconverged_solution_dell_vxrail/dm74j6w/","created":1503852864,"postTitle":null,"distinguishType":null,"isSaved":false,"voteState":0,"deletedBy":null}},"replyFormOpen":{},"submit":{"error":{},"pending":{}},"visitHighlightFilter":"Last"},"commentsListTruncated":true,"commentsPage":{"api":{"error":{"commentsPage--[post:'t3_6w4tk5']":null},"fullyLoaded":{"commentsPage--[post:'t3_6w4tk5']":true},"pending":{"commentsPage--[post:'t3_6w4tk5']":false}},"keyToChatCommentLinks":{"commentsPage--[post:'t3_6w4tk5']":[{"id":"t1_dm5bsvc","created":1503743143,"stickied":false},{"id":"t1_dm5fxi3","created":1503753301,"stickied":false},{"id":"t1_dm5g7vh","created":1503753844,"stickied":false},{"id":"t1_dm5gd7s","created":1503754089,"stickied":false},{"id":"t1_dm5gi57","created":1503754318,"stickied":false},{"id":"t1_dm5gq76","created":1503754696,"stickied":false},{"id":"t1_dm5hh1b","created":1503755906,"stickied":false},{"id":"t1_dm5igiu","created":1503757440,"stickied":false},{"id":"t1_dm5ij8b","created":1503757555,"stickied":false},{"id":"t1_dm5ivzf","created":1503758091,"stickied":false},{"id":"t1_dm5juh5","created":1503759486,"stickied":false},{"id":"t1_dm5jxow","created":1503759618,"stickied":false},{"id":"t1_dm5ko0p","created":1503760655,"stickied":false},{"id":"t1_dm5kvhr","created":1503760945,"stickied":false},{"id":"t1_dm5meo9","created":1503763078,"stickied":false},{"id":"t1_dm5npa4","created":1503764870,"stickied":false},{"id":"t1_dm5nu9k","created":1503765048,"stickied":false},{"id":"t1_dm62wz2","created":1503784943,"stickied":false},{"id":"t1_dm62x04","created":1503784944,"stickied":false},{"id":"t1_dm63r3e","created":1503786087,"stickied":false},{"id":"t1_dm659qh","created":1503788260,"stickied":false},{"id":"t1_dm67hfc","created":1503791469,"stickied":false},{"id":"t1_dm6b86k","created":1503796908,"stickied":false},{"id":"t1_dm7102p","created":1503848445,"stickied":false},{"id":"t1_dm74j6w","created":1503852864,"stickied":false},{"id":"t1_dm8tigu","created":1503943679,"stickied":false},{"id":"t1_dm8tk23","created":1503943727,"stickied":false},{"id":"t1_dma2khv","created":1504012676,"stickied":false},{"id":"t1_dnz0unf","created":1507253988,"stickied":false}]},"keyToCommentThreadLinkSets":{"commentsPage--[post:'t3_6w4tk5']":{"t1_dm5npa4":{"depth":0,"next":{"type":"comment","id":"t1_dm6b86k"},"prev":{"type":"continueThread","id":"continueThread-t1_dm5meo9"}},"t1_dm8tigu":{"depth":1,"next":{"type":"comment","id":"t1_dm5gq76"},"prev":{"type":"comment","id":"t1_dm63r3e"}},"t1_dm8tk23":{"depth":1,"next":{"type":"comment","id":"t1_dma2khv"},"prev":{"type":"comment","id":"t1_dm5jxow"}},"t1_dm5bsvc":{"depth":0,"next":{"type":"comment","id":"t1_dm5gd7s"},"prev":{"type":"comment","id":"t1_dm74j6w"}},"t1_dm62x04":{"depth":1,"next":{"type":"comment","id":"t1_dm62wz2"},"prev":{"type":"comment","id":"t1_dm5gi57"}},"t1_dm5nu9k":{"depth":0,"next":{"type":"comment","id":"t1_dm7102p"},"prev":{"type":"comment","id":"t1_dm5kvhr"}},"t1_dm6b86k":{"depth":0,"next":{"type":"comment","id":"t1_dnz0unf"},"prev":{"type":"comment","id":"t1_dm5npa4"}},"t1_dm5hh1b":{"depth":1,"next":{"type":"continueThread","id":"continueThread-t1_dm5hh1b"},"prev":{"type":"comment","id":"t1_dm5fxi3"}},"t1_dma2khv":{"depth":1,"next":{"type":"comment","id":"t1_dm5juh5"},"prev":{"type":"comment","id":"t1_dm8tk23"}},"t1_dm5ko0p":{"depth":1,"next":{"type":"comment","id":"t1_dm5kvhr"},"prev":{"type":"comment","id":"t1_dm5igiu"}},"t1_dm5g7vh":{"depth":0,"next":{"type":"comment","id":"t1_dm659qh"},"prev":null},"t1_dm5gd7s":{"depth":1,"next":{"type":"comment","id":"t1_dm5gi57"},"prev":{"type":"comment","id":"t1_dm5bsvc"}},"t1_dm5fxi3":{"depth":0,"next":{"type":"comment","id":"t1_dm5hh1b"},"prev":{"type":"comment","id":"t1_dm659qh"}},"t1_dm67hfc":{"depth":0,"next":{"type":"comment","id":"t1_dm74j6w"},"prev":{"type":"comment","id":"t1_dm7102p"}},"t1_dm5meo9":{"depth":1,"next":{"type":"continueThread","id":"continueThread-t1_dm5meo9"},"prev":{"type":"comment","id":"t1_dm5gq76"}},"t1_dm5igiu":{"depth":0,"next":{"type":"comment","id":"t1_dm5ko0p"},"prev":{"type":"comment","id":"t1_dm5ivzf"}},"t1_dm5juh5":{"depth":0,"next":{"type":"comment","id":"t1_dm5ivzf"},"prev":{"type":"comment","id":"t1_dma2khv"}},"t1_dm5ij8b":{"depth":0,"next":{"type":"comment","id":"t1_dm5jxow"},"prev":{"type":"comment","id":"t1_dnz0unf"}},"t1_dm5kvhr":{"depth":0,"next":{"type":"comment","id":"t1_dm5nu9k"},"prev":{"type":"comment","id":"t1_dm5ko0p"}},"t1_dm62wz2":{"depth":1,"next":null,"prev":{"type":"comment","id":"t1_dm62x04"}},"t1_dm5gi57":{"depth":1,"next":{"type":"comment","id":"t1_dm62x04"},"prev":{"type":"comment","id":"t1_dm5gd7s"}},"t1_dm5gq76":{"depth":0,"next":{"type":"comment","id":"t1_dm5meo9"},"prev":{"type":"comment","id":"t1_dm8tigu"}},"t1_dm63r3e":{"depth":0,"next":{"type":"comment","id":"t1_dm8tigu"},"prev":{"type":"continueThread","id":"continueThread-t1_dm5hh1b"}},"t1_dm7102p":{"depth":0,"next":{"type":"comment","id":"t1_dm67hfc"},"prev":{"type":"comment","id":"t1_dm5nu9k"}},"t1_dm5jxow":{"depth":1,"next":{"type":"comment","id":"t1_dm8tk23"},"prev":{"type":"comment","id":"t1_dm5ij8b"}},"t1_dnz0unf":{"depth":1,"next":{"type":"comment","id":"t1_dm5ij8b"},"prev":{"type":"comment","id":"t1_dm6b86k"}},"t1_dm659qh":{"depth":1,"next":{"type":"comment","id":"t1_dm5fxi3"},"prev":{"type":"comment","id":"t1_dm5g7vh"}},"t1_dm5ivzf":{"depth":0,"next":{"type":"comment","id":"t1_dm5igiu"},"prev":{"type":"comment","id":"t1_dm5juh5"}},"t1_dm74j6w":{"depth":0,"next":{"type":"comment","id":"t1_dm5bsvc"},"prev":{"type":"comment","id":"t1_dm67hfc"}},"continueThread-t1_dm5hh1b":{"depth":2,"next":{"type":"comment","id":"t1_dm63r3e"},"prev":{"type":"comment","id":"t1_dm5hh1b"}},"continueThread-t1_dm5meo9":{"depth":2,"next":{"type":"comment","id":"t1_dm5npa4"},"prev":{"type":"comment","id":"t1_dm5meo9"}}}},"keyToHeadCommentId":{"commentsPage--[post:'t3_6w4tk5']":"t1_dm5g7vh"},"keyToPostId":{"commentsPage--[post:'t3_6w4tk5']":"t3_6w4tk5"},"ads":[]},"contentGate":{},"continueThreads":{"models":{"continueThread-t1_dm5hh1b":{"postId":"t3_6w4tk5","next":{"type":"comment","id":"t1_dm63r3e"},"depth":2,"parentId":"t1_dm5hh1b","prev":{"type":"comment","id":"t1_dm5hh1b"},"id":"continueThread-t1_dm5hh1b"},"continueThread-t1_dm5meo9":{"postId":"t3_6w4tk5","next":{"type":"comment","id":"t1_dm5npa4"},"depth":2,"parentId":"t1_dm5meo9","prev":{"type":"comment","id":"t1_dm5meo9"},"id":"continueThread-t1_dm5meo9"}}},"creations":{"api":{"collection":{"createOrUpdate":{"error":null,"pending":false}},"draft":{"deleteDraft":{"error":{},"pending":{}},"listing":{"error":null,"pending":false},"save":{"error":{"apiError":null,"needsCaptcha":false,"validationError":null,"submitValidationError":null},"pending":false}},"editor":{"converting":{"pending":{}},"mediaUpload":{"error":null,"pending":false}},"page":{"error":{},"fetched":{},"pending":{}},"post":{"submit":{"error":{"apiError":null,"needsCaptcha":false,"validationError":null,"submitValidationError":null},"pending":false},"update":{"error":null,"pending":false}},"subreddit":{"change":{"error":null,"pending":false}}},"drafts":{},"formData":{"body":{"link":"","markdown":"","media":null,"rte":{"isBound":false,"editorKey":"8c2523","initialRTJSON":{"document":[]}}},"eventSchedule":null,"flair":null,"govType":null,"isChatPost":false,"isNSFW":false,"isOC":false,"isPoll":false,"isPublicLink":false,"isSpoiler":false,"newSubreddit":"","newTopMod":"","nextSubreddit":null,"ocCategory":null,"postToTwitter":false,"polls":null,"recaptcha":"","sendReplies":true,"submissionType":"post","title":""},"formState":{"fieldValidation":{"title":null,"body":null,"link":null,"flair":null},"isChanged":false,"modalId":null,"ocCategory":null,"submitMode":0},"postEditing":{"draft":{"markdown":"","rte":{"isBound":false,"editorKey":"253171","initialRTJSON":{"document":[]}}},"editorMode":"richtext","postId":null}},"dashboard":{"selectedComponent":null,"subredditPending":false,"subredditLoaded":{}},"discoveryUnits":{"api":{"list":{"error":null,"loaded":true,"pending":false}},"models":{"xd_66":{"enabled":true,"id":"xd_66","layout":"large","parameters":{"sort":"hot"},"surface":"explore","unitName":"posts_in_category_rails_hero","unitType":"listing","url":"/api/posts_in_category.json"},"xd_67":{"enabled":true,"id":"xd_67","layout":"large","surface":"explore","unitName":"posts_in_subreddit_hero","unitType":"listing","url":"/r/%{subredditName}/hot.json"},"xd_68":{"enabled":true,"id":"xd_68","layout":"large","parameters":{"sort":"hot"},"surface":"explore","unitName":"posts_in_category_rails_small","unitType":"listing","url":"/api/posts_in_category.json"},"xd_69":{"enabled":true,"id":"xd_69","layout":"large","surface":"explore","unitName":"posts_in_subreddit_small","unitType":"listing","url":"/r/%{subredditName}/hot.json"},"xd_70":{"enabled":true,"id":"xd_70","layout":"large","surface":"search","unitName":"search_posts","unitType":"community_category","url":"/api/posts_in_category.json"},"xd_71":{"enabled":true,"id":"xd_71","layout":"large","surface":"search","unitName":"search_subreddits","unitType":"community_category","url":"/api/subreddits_in_category.json"},"xd_72":{"enabled":true,"id":"xd_72","layout":"large","surface":"subreddit_listing","unitName":"community_banner_posts","unitType":"subreddit_listing","url":"/r/%{subredditName}/top.json"},"xd_83":{"enabled":true,"id":"xd_83","layout":"large","surface":"subreddit_listing","unitName":"best_of_community","unitType":"subreddit_listing","url":"/r/%{subredditName}/top.json"},"xd_88":{"enabled":true,"id":"xd_88","layout":"large","surface":"front_page","title":"Similar communities to %{subredditName}","unitName":"chaining_similar_subreddits_posts","unitType":"listing"},"xd_89":{"enabled":true,"id":"xd_89","layout":"large","surface":"front_page","title":"Mildy similar posts","unitName":"chaining_similar_posts","unitType":"listing"},"xd_90":{"enabled":true,"id":"xd_90","layout":"large","surface":"comments","title":"Posts in subreddit %{subredditName}","unitName":"posts_in_subreddit_vertical","unitType":"listing"},"xd_91":{"enabled":true,"id":"xd_91","layout":"large","surface":"comments","title":"Posts in recommended home","unitName":"posts_in_rec_home","unitType":"listing"}},"nameToId":{"posts_in_category_rails_hero":"xd_66","posts_in_subreddit_hero":"xd_67","posts_in_category_rails_small":"xd_68","posts_in_subreddit_small":"xd_69","search_posts":"xd_70","search_subreddits":"xd_71","community_banner_posts":"xd_72","best_of_community":"xd_83","chaining_similar_subreddits_posts":"xd_88","chaining_similar_posts":"xd_89","posts_in_subreddit_vertical":"xd_90","posts_in_rec_home":"xd_91"}},"economics":{"currentBadgeManagementScreen":{"badgeType":"cosmetic","view":"gallery"},"currentModalArgs":null,"currentPaymentTarget":null,"emotes":{},"ftue":{"tippingHighlightViewed":null,"topTippersViewed":null},"paymentSystems":{"status":2},"specialMemberships":{"allSubscriptionsFetched":false,"data":{}},"subredditPremium":{},"tipDetails":{}},"emojis":{"api":{"list":{"pending":{}}},"models":{}},"externalAccount":{"api":{"connect":{"error":{},"pending":{}},"disconnect":{"error":{},"pending":{}},"user":{"error":{},"pending":{}},"subreddit":{"error":{},"fetched":{},"pending":{}}},"user":{},"subreddit":{}},"featureFlags":{"overrides":{"introModal":null,"markdownMode":null,"modQueue":null,"spBadges":null,"spCommunityTipJar":null,"spEmotes":null,"spFavoriteCreators":null,"spGovPolls":null,"spHarberger":null,"spLeaderboard":null,"spLoadtest":null,"spPoints":null,"spPolls":null,"spPremium":null,"spPremiumSubscriptions":null,"spPremiumUpsells":null,"spPublicPoints":null,"spSpinoffs":null,"spSupport":null,"spTopTippers":null,"communityTopics":null,"adminCommunityTopics":null,"events":null,"collections":null,"rteVideoPoster":null,"userSeenSubredditChatFtux":null,"userInChat":null,"userInSubredditChat":null,"userInChatUserSettings":null,"devAndStagingWatermark":null,"fpsMeter":null,"rabbitHole":null,"measureScrollFPS":null,"showVerboseErrors":null,"uappBanner":null,"canProxyGild":null,"experiments":null,"enableGraphQl":null,"importExportThemes":null,"flairRestrictions":null,"spezModal":null,"superbOwl":null,"enableShadowMode":null,"useGraphQLInFrontpage":null,"wikiEditing":null,"pushNotificationsBrowserSupported":null,"enableCrowdControlMode":null,"customFeeds":null,"snoovatar30":null,"isEmailPermissionRequired":null,"__requiredDoNotRemove":null}},"flairedUsers":{"api":{"error":null,"pending":false},"models":{},"pageInfo":{},"search":{"api":{"error":null,"pending":false},"result":null},"userOrder":{}},"fontFiles":[{"family":"IBMPlexSans","weight":700,"style":"normal","woffUrl":"fonts/IBMPlexSans/Bold-c34ba754b7235b49d33b294ff7a54179.woff","woff2Url":"fonts/IBMPlexSans/Bold-875de5047556e7c822519d95d7ee692d.woff2"},{"family":"IBMPlexSans","weight":500,"style":"normal","woffUrl":"fonts/IBMPlexSans/Medium-1051a531d3e1ee3483a6533158557139.woff","woff2Url":"fonts/IBMPlexSans/Medium-c4b185e25a4dde85a29f902cd5ce5360.woff2"},{"family":"IBMPlexSans","weight":400,"style":"normal","woffUrl":"fonts/IBMPlexSans/Regular-e6bbcdd30d3bd4d6b170bcb6d3552cab.woff","woff2Url":"fonts/IBMPlexSans/Regular-116bb6d508f5307861d3b1269bc597e7.woff2"},{"family":"Noto Mono","weight":400,"style":"normal","woffUrl":"fonts/NotoMono/Regular-e6bbcdd30d3bd4d6b170bcb6d3552cab.woff","woff2Url":"fonts/NotoMono/Regular-b16bb0524a7e7ee597970333c0c67180.woff2"},{"family":"Noto Mono","weight":400,"style":"normal","woffUrl":"fonts/NotoMono/el-Regular-06ee3f893717454d11a16c3e8d0aa9f9.woff","woff2Url":"fonts/NotoMono/el-Regular-29d72243d2cd6145b28bcb80dc33f0e4.woff2"},{"family":"Noto Sans","weight":700,"style":"italic","woffUrl":"fonts/NotoSans/Bold-Italic-255b4934a1f414dd312aa89382d65114.woff","woff2Url":"fonts/NotoSans/Bold-Italic-be39cd37f002d25d500c67b88871bed4.woff2"},{"family":"Noto Sans","weight":700,"style":"normal","woffUrl":"fonts/NotoSans/Bold-c34ba754b7235b49d33b294ff7a54179.woff","woff2Url":"fonts/NotoSans/Bold-d4ba4ecba17e90993f442f7bb082a3a2.woff2"},{"family":"Noto Sans","weight":400,"style":"normal","woffUrl":"fonts/NotoSans/Regular-e6bbcdd30d3bd4d6b170bcb6d3552cab.woff","woff2Url":"fonts/NotoSans/Regular-d6a6aa8dc0f93416a832ea04a18c6fb8.woff2"},{"family":"Noto Sans","weight":700,"style":"italic","woffUrl":"fonts/OldNotoSans/Bold-Italic-255b4934a1f414dd312aa89382d65114.woff","woff2Url":"fonts/OldNotoSans/Bold-Italic-5a241c76c24e463ef9bcc5855d20209b.woff2"},{"family":"Noto Sans","weight":700,"style":"normal","woffUrl":"fonts/OldNotoSans/Bold-c34ba754b7235b49d33b294ff7a54179.woff","woff2Url":"fonts/OldNotoSans/Bold-b85bf848c28799f5ad34ee29db68051c.woff2"},{"family":"Noto Sans","weight":400,"style":"normal","woffUrl":"fonts/OldNotoSans/Regular-e6bbcdd30d3bd4d6b170bcb6d3552cab.woff","woff2Url":"fonts/OldNotoSans/Regular-e50c34178d20d5fa4ab3c1f6c67901a9.woff2"}],"gild":{"api":{"error":null,"pending":false,"showLoader":false},"gildModalThingId":null,"includeMessage":false,"isAnonymous":false,"isIframed":false,"message":"","selectedAward":{"awardType":"GLOBAL","coinPrice":500,"coinReward":100,"description":"","daysOfDripExtension":0,"icon":{"url":"https://www.redditstatic.com/desktop2x/img/gold/badges/award-gold-medium.png?v=2"},"id":"gid_2","isEnabled":true,"name":"Gold","daysOfPremium":7}},"goldPurchase":{"coinPurchaseModal":{"activePage":"selectPayment","gildThingId":null,"purchasePackage":null,"showModal":false},"payment":{"cardName":"","cardValidation":{"cardCvc":"","cardExpiry":"","cardNumber":"","nameOnCard":"","postalCode":""},"paymentMethod":"paypal","paypal":{"errorMessage":null,"passthrough":""},"rememberCard":true,"savedCards":[],"savedCardsPending":false,"stripeToken":{"errorMessage":null,"pending":false},"useSavedCard":null},"premiumPurchaseModal":{"activePage":"selectPayment","showModal":false},"updateCardModal":{"pending":false}},"header":{"isSubscriptionsDropdownOpen":false},"imageUploads":{},"isEmailVerificationTooltipShowing":true,"isModeratorWithPostPerms":false,"jsApi":[],"leaderboard":{"api":{"error":{},"pending":{}},"dateRangeSelection":{},"models":{}},"listings":{"activeKey":"","listingOrder":{"api":{"error":{},"pending":{}},"identifiers":{},"ids":{},"fetchedTokens":{},"loadMore":{}},"postOrder":{"api":{"error":{},"pending":{}},"endMarkers":{},"fetchedTokens":{},"ids":{},"listingSort":{},"loadMore":{}}},"live":{"featured":null,"isFrontpageLoaded":false},"mediaPlayback":{"isMuted":true,"volume":1},"meta":{"isBot":false,"isSessionSeo":false,"userAgent":"Mozilla/5.0 (Windows NT 10.0; Win64; x64) AppleWebKit/537.36 (KHTML, like Gecko) Chrome/75.0.3770.142 Safari/537.36","country":"US","domain":"www.reddit.com","protocol":"https","sessionReferrerDomain":"","method":"GET","pageloadServerTime":1564652291250},"moderatingSubreddits":{},"moderationLog":{"actions":{"itemOrder":{},"models":{}},"endCursor":null,"hasNextPage":{},"hasPreviousPage":{},"moderators":[],"startCursor":null},"moderators":{"editableModerators":{},"editableUserOrder":{"data":{},"api":{"error":{},"pending":{}}},"invitedModerators":{"api":{"error":null,"pending":false},"models":{},"userOrder":{}},"invitePending":{},"loadMoreModerators":{},"loadMoreEditableModerators":{},"models":{},"search":{"api":{"error":null,"pending":false},"result":null},"userOrder":{"data":{},"api":{"error":{},"pending":{}}}},"modListingPage":{"filteredSubreddits":{"api":{"error":null,"pending":false},"names":[]}},"modModeEnabled":true,"modQueue":{"bulkAction":{"api":{"error":null,"pending":false},"selectedItems":{},"undoLastAction":{}},"edited":{"api":{"error":null,"pending":false},"itemOrder":{},"loadMore":{}},"moderatedCommunitiesOrder":{"after":null,"data":[],"loaded":false,"pending":false},"modqueue":{"api":{"error":null,"pending":false},"itemOrder":{},"loadMore":{}},"reports":{"api":{"error":null,"pending":false},"itemOrder":{},"loadMore":{}},"spam":{"api":{"error":null,"pending":false},"itemOrder":{},"loadMore":{}},"unmoderated":{"api":{"error":null,"pending":false},"itemOrder":{},"loadMore":{}}},"moreComments":{"api":{"error":{},"pending":{}},"models":{}},"multireddits":{"api":{"addSubreddit":{"error":null,"fetched":false,"pending":null},"create":{"error":null,"fetched":false,"pending":false},"deleteMulti":{"error":null,"fetched":false,"pending":false},"duplicate":{"error":null,"fetched":false,"pending":false},"edit":{"error":null,"fetched":false,"pending":false},"forUser":{"fetched":false,"pending":false},"recommendations":{"error":null,"fetched":false,"pending":true},"removeSubreddit":{"error":null,"fetched":false,"pending":null}},"byUserId":{},"models":{},"recommendations":{}},"muted":{"api":{"error":null,"pending":{}},"fetchedTokens":{},"inContext":null,"loadMore":{},"models":{},"search":{"api":{"error":null,"pending":false},"result":null},"userOrder":{}},"notificationBannerId":null,"nps":{"pending":false,"success":false},"oldSiteRules":[],"originalContent":{"bestPosts":{"api":{"error":{},"pending":{}}},"categories":{"api":{"error":null,"pending":false},"models":{}},"topCommunities":{"api":{"error":{},"pending":{}}},"topCreators":{"api":{"error":{},"pending":{}}}},"partnerSubredditConnection":{"api":{"page":{"error":{},"fetched":{},"pending":{}}}},"platform":{"allowNavigationCallback":null,"currentPage":{"key":"/r/sysadmin/comments/6w4tk5/hyperconverged_solution_dell_vxrail/","meta":{"name":"comments"},"queryParams":{},"routeMatch":{"match":{"path":"/:routePrefix(r)/:subredditName/comments/:partialPostId/:urlSafePostTitle?","url":"/r/sysadmin/comments/6w4tk5/hyperconverged_solution_dell_vxrail/","isExact":true,"params":{"routePrefix":"r","subredditName":"sysadmin","partialPostId":"6w4tk5","urlSafePostTitle":"hyperconverged_solution_dell_vxrail"},"queryParams":{}},"route":{"path":"/:routePrefix(r)/:subredditName/comments/:partialPostId/:urlSafePostTitle?","chunk":"CommentsPage","exact":true,"meta":{"name":"comments"},"prefetches":["Frontpage","Subreddit"]}},"status":200,"url":"/r/sysadmin/comments/6w4tk5/hyperconverged_solution_dell_vxrail/","urlParams":{"routePrefix":"r","subredditName":"sysadmin","partialPostId":"6w4tk5","urlSafePostTitle":"hyperconverged_solution_dell_vxrail"},"isRobotIndexable":true},"lastPage":null,"referrers":{},"sessionReferrer":null,"metas":{"/r/sysadmin/comments/6w4tk5/hyperconverged_solution_dell_vxrail/":{"title":"Hyperconverged solution: Dell VxRail : sysadmin"}}},"postCollection":{"models":{},"subredditToIds":{},"api":{"error":{"reorderError":null,"updateDescriptionError":null,"updateLayoutError":null},"pending":{"reorderPending":false,"updateDescriptionPending":false,"updateLayoutPending":false}}},"polls":{"api":{"voting":{"error":{},"pending":{}}},"models":{},"results":{"byLockedVotingPower":{},"byVoters":{},"byVotingPower":{}},"rewards":{}},"postFlair":{"t5_2qnp7":{"displaySettings":{"position":"left","isEnabled":true},"permissions":{"canAssignOwn":true},"templateIds":[],"templates":{}}},"posts":{"bestOCPosts":{},"chained":{"dismissed":false,"dismissedIdToListingKey":{},"idToListingKey":{}},"embedAndImage":{"loadable":{}},"expanded":{},"focus":null,"instances":{},"metaMap":{},"models":{"t3_6w4tk5":{"domain":"self.sysadmin","isCrosspostable":false,"isMeta":false,"isStickied":false,"domainOverride":null,"callToAction":null,"eventsOnRender":[],"isScoreHidden":false,"saved":false,"numComments":32,"upvoteRatio":0.73,"author":"GodisanAstronaut","postCategories":[{"categoryId":"c1016","categoryName":"Tech"}],"media":{"obfuscated":null,"richtextContent":{"document":[{"c":[{"e":"text","t":"Hello everyone,"}],"e":"par"},{"c":[{"e":"text","t":"Since we're shopping to replace our current Fujitsu based environment, running PAN Manager 6, to something more streamlined and, well... standard; we've been on a little researching spree."}],"e":"par"},{"c":[{"e":"text","t":"After comparing several solutions, HPE Simplivity for instance, we seem to lean towards HCI more than the traditional converged solutions. Now, after comparison: Dell's VxRail seems to be a pleasing candidate."}],"e":"par"},{"c":[{"e":"text","t":"However, I'm rather curious to the sysadmins in this here subreddit that have actually used or are still using former mentioned HCI solution. So, any of you willing to share your thoughts and experiences?"}],"e":"par"},{"c":[{"e":"text","t":"Much obliged already, it'd make choosing the right solution a lot easier."}],"e":"par"},{"c":[{"e":"text","t":"P.S. How on earth do I get proper white spaces between sentences?"}],"e":"par"}]},"type":"rtjson","rteMode":"richtext","mediaMetadata":null},"numCrossposts":0,"isSponsored":false,"id":"t3_6w4tk5","contentCategories":null,"source":null,"isLocked":false,"score":17,"isSpoiler":false,"isArchived":true,"contestMode":false,"liveCommentsWebsocket":"wss://ws-093e8f4e67ed67e08.wss.redditmedia.com/link/6w4tk5?m=AQAAgwREXRbnMOLPUCGVEAePiHqv9mu8Lgh1KmTGzQpYR6jPZ1Rb","thumbnail":{"url":"self","width":null,"height":null},"belongsTo":{"type":"subreddit","id":"t5_2qnp7"},"crosspostRootId":null,"crosspostParentId":null,"sendReplies":true,"goldCount":0,"gildings":null,"authorId":"t2_881xb","isNSFW":false,"isMediaOnly":false,"postId":"t3_6w4tk5","suggestedSort":null,"hidden":false,"viewCount":0,"permalink":"https://www.reddit.com/r/sysadmin/comments/6w4tk5/hyperconverged_solution_dell_vxrail/","created":1503742559000,"title":"Hyperconverged solution: Dell VxRail","events":[],"isOriginalContent":false,"distinguishType":null,"discussionType":null,"voteState":0,"flair":[],"isBlank":false,"numDuplicates":0}},"recent":[],"video":{"autoPlayed":{},"buffering":{},"consumed":{},"continuousViewStartedAt":{},"fullscreen":null,"loadable":{},"loadTimes":{},"metadata":{},"paused":{},"playing":{},"started":{},"time":{}}},"postStickiedComments":{"data":{}},"givePremium":{"api":{"error":null,"pending":false},"givePremiumModalAccountName":""},"products":{"api":{"fetch":{"error":{},"pending":{}},"purchase":{"error":{},"pending":{}}},"currentlyPurchasing":null,"models":{}},"profileCommentsPage":{"api":{"error":{},"pending":{}},"endMarkers":{},"fetchedTokens":{},"commentIds":{},"loadMore":{}},"profilePrivatePage":{"api":{"error":{},"pending":{}},"ids":{},"pageInfo":{}},"profileModSettingsPage":{"api":{"pending":true}},"profileOverviewPage":{"chrono":{"api":{"error":{},"pending":{}},"fetchedTokens":{},"ids":{},"loadMore":{}},"conversations":{"api":{"error":{},"pending":{}},"extraComments":{"api":{"error":{},"pending":{}},"models":{}},"keyToCommentThreadLinkSets":{},"keyToHeadCommentId":{},"keyToPostId":{}}},"profilePostsPage":{},"profiles":{"about":{},"models":{},"moderated":{"api":{"pending":{}},"models":{},"pageInfo":{}},"multireddits":{"api":{"pending":{}},"pageInfo":{}},"pinnedPosts":{"data":{},"initialData":{},"pending":{}},"trophyCases":{}},"providerFlair":{"models":{"t5_2qnp7":{"Sinister_Crayon":null,"giver_of_the_snark":null,"desseb":null,"73jharm":null,"Net-Runner":null,"iaindings":null,"AnonymousCoward__":null,"packet_whisperer":null,"GodisanAstronaut":null,"lucidunclarity":null,"cmwg":null,"VTi-R":null,"showIP":null,"DualStack":null,"baconisgooder":null,"Xibby":null,"learath":null,"Humptypumps":null,"skiingyeti":null,"Trogdor85":null,"lost_signal":null,"onepost4me":null,"balikbayan21":null,"bhos17":null}}},"promos":{"mobilePromoBanner":false,"upsellSignUpBannerLarge":false,"upsellSignUpBannerMedium":false,"upsellSignUpBannerSmall":null},"recommendations":{},"removalReasons":{"api":{"error":null,"pending":false},"models":{},"reasonOrder":{},"removedItemIds":null},"reportFlow":{"api":{"error":{},"pending":{},"success":{}},"openedFromModalPage":false,"postOrCommentId":null,"userIsMod":false},"reportPage":{"reportPageApi":{"error":null,"pending":false,"success":false},"reportPageRules":[]},"requestHost":"www.reddit.com","runTimeEnvVars":{"staging":false,"startTimeInMillis":1564650543805},"search":{"relatedQueries":{},"searchQuery":null,"typeahead":{"idsByQuery":{},"models":{}},"viewTreatment":{}},"searchDiscoveryUnits":{"headerContent":{},"models":{},"order":{}},"seo":{"crawler":null,"linksModule":{}},"shortcuts":{"activeCommentId":null,"activePostId":"t3_6w4tk5","namespace":"CommentPage"},"sidebarPromotedPosts":{"firstFetch":false,"models":{}},"sitewideRules":[],"structuredStyles":{"draft":{},"exportStyles":{"error":null,"pending":false},"flairTemplate":{"models":{}},"imagePreviews":{},"isBladeEditorDirty":false,"isEditing":null,"models":{"t5_2qnp7":{"menuBackgroundBlur":null,"menuLinkColorInactive":null,"menuLinkColorHover":null,"bannerCommunityNameFormat":"pretty","postUpvoteIconInactive":null,"highlightColor":"#0079d3","menuBackgroundOpacity":null,"postUpvoteCountColor":null,"bannerHeight":"small","postBackgroundColor":null,"mobileBannerImage":null,"bannerOverlayColor":null,"bannerCommunityName":null,"postDownvoteIconActive":null,"postUpvoteIconActive":null,"menuBackgroundColor":null,"postBackgroundImagePosition":null,"backgroundImage":null,"bannerBackgroundImagePosition":null,"backgroundColor":"#bbbdbf","submenuBackgroundStyle":null,"backgroundImagePosition":null,"bannerShowCommunityIcon":null,"bannerBackgroundColor":null,"submenuBackgroundColor":null,"sidebarWidgetHeaderColor":null,"bannerPositionedImagePosition":null,"bannerBackgroundImage":null,"postDownvoteCountColor":null,"postPlaceholderImagePosition":null,"postDownvoteIconInactive":null,"primaryColor":"#7193ff","sidebarWidgetBackgroundColor":null,"mobileKeyColor":null,"menuPosition":null,"postVoteIcons":null,"menuLinkColorActive":null,"bannerPositionedImage":null,"secondaryBannerPositionedImage":null,"menuBackgroundImage":null,"postBackgroundImage":null,"postPlaceholderImage":null,"communityIcon":"https://styles.redditmedia.com/t5_2qnp7/styles/communityIcon_gcx9bz62dbg01.png","postTitleColor":null}}},"stylesheets":"https://www.redditstatic.com/desktop2x/chunkCSS/Reddit.44c4e6e827a82a16994e.css","subredditAutocomplete":{"api":{"error":{},"pending":{}},"models":{}},"subredditChannels":{"api":{"error":{},"pending":{},"whitelist":{}},"models":{},"selected":null},"subreddits":{"about":{"t5_2qnp7":{"contentCategory":"","publicDescription":"A reddit dedicated to the profession of Computer System Administration.","hasExternalAccount":false,"userIsSubscriber":null,"accountsActive":1690,"advertiserCategory":"Technology","allOriginalContent":false,"restrictCommenting":false,"showMedia":true,"restrictPosting":true,"subscribers":359361,"allowedPostTypes":{"images":false,"text":true,"videos":false,"links":false,"spoilers":true},"usingNewModmail":true,"emojisEnabled":true,"disableContributorRequests":false,"userIsContributor":null,"originalContentTagEnabled":false}},"api":{"about":{"error":{},"pending":false},"connectToPartner":{"error":null,"lastConnectedSubredditId":null,"pending":false},"create":{"error":{"apiError":null},"lastCreatedSubredditId":null,"pending":false},"rankings":{"error":null,"pending":false},"rules":false,"similar":{"pending":{}},"topContent":{"error":{},"pending":{}},"wiki":{"error":{},"pending":{}}},"appliedFilters":{"meta":{}},"byCategory":{},"communityInfo":{},"crosspostable":{"api":{"errors":null,"pending":false},"ids":{}},"duplicates":{"models":{}},"gov":{"assets":{},"communityJar":{},"distributions":{},"meta":{},"releaseNotes":{}},"models":{"t5_2qnp7":{"whitelistStatus":"all_ads","isNSFW":false,"subscribers":359361,"primaryColor":"#7193ff","id":"t5_2qnp7","icon":{"url":"","width":null,"height":null},"isQuarantined":false,"name":"sysadmin","title":"Sysadmin","url":"/r/sysadmin/","wls":6,"freeFormReports":true,"displayText":"r/sysadmin","type":"public","communityIcon":"https://styles.redditmedia.com/t5_2qnp7/styles/communityIcon_gcx9bz62dbg01.png"}},"moderated":{"api":{"errors":null,"fetched":false,"pending":false},"order":null},"original":[],"products":{},"rankings":{},"rankingsPageInfo":{},"rules":{},"settings":{},"similar":{},"subredditWiki":{"diff":{},"directory":{},"pages":{},"pageSettings":{},"revisions":{"api":{"error":{},"pending":{}},"listings":{},"models":{}}},"top":{},"topContent":{},"trending":[]},"subredditSettings":{"postRequirements":{"formState":{"isLoading":true,"isSaving":false,"hasFormError":false,"serverError":null,"titleStrings":{"isToggled":false,"strings":[]},"titleRegEx":{"isToggled":false,"regex":[]},"titleLength":{"isToggled":false,"min":null,"max":null},"postLength":{"isToggled":false,"min":null,"max":null},"postingGuidelines":{"requirement":"none","guidelines":null},"postBodyRequirement":"none","linkListPermission":"none","linkDomain":{"whitelist":[],"blacklist":[]},"reposts":{"isToggled":false,"days":null},"flair":{"isToggled":false}},"formErrors":{"titleRegEx":{"regex":null},"titleStrings":{"strings":null},"titleLength":{"min":null,"max":null},"postLength":{"min":null,"max":null},"postingGuidelines":{"guidelines":null},"postBodyRequirement":{"requirement":null},"linkListPermission":{"permission":null},"linkDomain":{"whitelist":null,"blacklist":null},"reposts":{"days":null}},"initialData":null},"requirementsBySubreddit":{}},"subredditStickyPosts":{"data":{}},"subscriptions":{"api":{"errors":null,"fetched":false,"pending":false},"favoriteMultiOrder":[],"favoriteProfileOrder":[],"favoriteSubredditOrder":[],"multiredditOrder":[],"profileOrder":[],"subredditOrder":[]},"tags":{"api":{"create":{"pending":false,"error":false},"deleteTag":{"pending":false,"error":false},"fetch":{"pending":false,"error":false},"update":{"pending":false,"error":false}},"availableGlobalTagOrder":{"global":[],"recommendedGlobal":[]},"models":{"globalSubredditTags":{},"subredditScopedTags":{},"itemTags":{},"suggestedItemTags":{},"sortedItemTags":{}},"selected":{"selectedOptions":{},"selectedSuggestedOptions":{},"deselectedOptions":{},"deselectedSuggestedOptions":{},"inputByItemId":{},"suggestedInputByItemId":{}}},"themes":{},"toaster":[],"tooltipId":null,"tracking":{"viewportDataLoaded":{}},"trafficStats":{"pending":false,"trafficStats":null},"transfers":{"communityPoints":{"api":{"error":null,"pending":false},"contentId":null,"initialRecipient":""}},"trending":{"models":[]},"trophies":{},"uploads":{},"user":{"account":null,"accountSettings":{"changeEmail":{"api":{"error":null,"pending":false}},"resetPassword":{"api":{"pending":false}},"sendResetEmail":{"api":{"pending":false,"emailSent":false}}},"blocked":{"api":{},"data":[]},"chatSettings":{"invitePolicy":"Everyone"},"drafts":null,"experiments":{"models":[{"id":207,"name":"android_email_digest_copy","variant":"treatment_1","version":"8"},{"id":328,"name":"android_graphql_all_feed_5","variant":"enabled","version":"1"},{"id":326,"name":"android_graphql_popular_feed_6","variant":"control_1","version":"1"},{"id":184,"name":"android_max_video_bitrate","variant":"2_0_mbps","version":"4"},{"id":62,"name":"best_sort_explore_batch","variant":"best_sort_explore_enabled","version":"5"},{"id":196,"name":"channels_subscriber_limit","variant":"limit_1000","version":"7"},{"id":206,"name":"chat_posts_android_2","variant":"control_2","version":"4"},{"id":210,"name":"chat_posts_android_2_features","variant":"true","version":"7"},{"id":127,"name":"d2x_graphql_home_feed","variant":"gql_home_feed","version":"21"},{"id":272,"name":"desktop_post_cleanup_frontpage","variant":"control_2","version":"4"},{"id":69,"name":"desktop_seo_post_test_v1","variant":"listing_on_bottom","version":"10"},{"id":164,"name":"desktop_seo_post_v2_truncate","variant":"both","version":"3"},{"id":58,"name":"dn_perms_current_pre_prompt","variant":"dark_system_dialogue","version":"9"},{"id":226,"name":"email_digest_frequency","variant":"twice_per_week","version":"4"},{"id":177,"name":"email_permissions","variant":"treatment_1","version":"5"},{"id":106,"name":"email_verification_banner","variant":"tooltip","version":"3"},{"id":285,"name":"hide_best_of_community","variant":"control_1","version":"2"},{"id":265,"name":"ios_email_permissions","variant":"treatment_1","version":"4"},{"id":116,"name":"ios_graphql_home_feed_2","variant":"enabled","version":"11"},{"id":310,"name":"ios_graphql_home_feed_3","variant":"enabled","version":"1"},{"id":311,"name":"ios_graphql_popular_feed_2","variant":"enabled","version":"1"},{"id":325,"name":"ios_graphql_post_feeds_1","variant":"enabled","version":"1"},{"id":245,"name":"ios_post_collections_v2","variant":"enabled","version":"1"},{"id":315,"name":"ios_screenshot_share","variant":"toast","version":"2"},{"id":72,"name":"ios_wkwebview_youtube_rollout","variant":"enabled","version":"5"},{"id":86,"name":"jerome_test","variant":"0_3_50_unmetered","version":"12"},{"id":50,"name":"lnl_vs_best_vs_explore_exploit","variant":"best_sort","version":"33"},{"id":57,"name":"logged_in_transactional_dn_test","variant":"treatment","version":"5"},{"id":98,"name":"logged_in_trending_dns_2","variant":"trending_only","version":"5"},{"id":137,"name":"logged_out_pn_personalization","variant":"expanded_best_sort_tos","version":"15"},{"id":104,"name":"logged_out_trending_dns","variant":"enabled","version":"9"},{"id":155,"name":"logged_out_weighted_tos_notification","variant":"best_sort_tos_boosting_5","version":"7"},{"id":257,"name":"low_karma_rate_limit","variant":"limit_15_per_hour","version":"4"},{"id":120,"name":"manual_sr_recommendations","variant":"direct_tos","version":"5"},{"id":194,"name":"meta_features","variant":"true","version":"3"},{"id":314,"name":"minimum_score","variant":"control_1","version":"1"},{"id":212,"name":"new_media_transitions","variant":"enabled","version":"3"},{"id":158,"name":"pn_sub_fallback","variant":"best_sort_fallback","version":"4"},{"id":47,"name":"popular_re_sort","variant":"control_2","version":"23"},{"id":140,"name":"post_view_consume_killswitch","variant":"false","version":"2"},{"id":79,"name":"rails_search_results_redesign","variant":"treatment_1","version":"9"},{"id":169,"name":"redesign_feed_chaining_logged_in","variant":"factorization_similar","version":"14"},{"id":170,"name":"redesign_feed_chaining_logged_out","variant":"factorization_similar","version":"15"},{"id":43,"name":"redesign_go_to_home","variant":"home_after_0","version":"7"},{"id":83,"name":"related_queries_rollout","variant":"active","version":"9"},{"id":329,"name":"subreddit_recommendation_tod","variant":"eight_pm","version":"1"},{"id":78,"name":"time_on_subreddit_push_notifications","variant":"expanded_best_sort","version":"12"},{"id":281,"name":"top_subreddits_test","variant":"control_2","version":"4"},{"id":63,"name":"trending_dropdown_redesign","variant":"treatment_1","version":"9"},{"id":81,"name":"trending_entrypoint_redesign","variant":"treatment_1","version":"7"},{"id":153,"name":"weighted_random_tos_notification","variant":"best_sort_tos_boosting_5","version":"8"},{"id":119,"name":"work_manager_android","variant":"true","version":"6"}],"localPersisted":{},"overrides":{}},"features":{},"isCustomizeFlyoutShowing":false,"topContentDismissalPrefsSet":null,"language":"en","loggedOutData":{"accountCompleteness":{"collapsed":false,"step":"initial"},"dataLoaded":false,"feedMultiName":[],"homeFeed":{"similar":[],"topBanner":{"isClosed":false,"viewsCount":0},"views":["sysadmin"],"votes":{}},"isFrontpageHome":false,"postsCount":0,"tooltips":{"home_active":{},"subscribe_feed":{},"subscribe_id":{},"subscribe_reminder":{},"vote":{},"vote_reminder":{},"vote_success":{}},"views":{"count":{"beforeBanner":0,"total":1},"posts":["t3_6w4tk5"]},"votes":{"comments":{},"posts":{}}},"loid":{"blob":"Z0FBQUFBQmRRck1EdUZDdEFzWFZ0V3V3XzZOcEduNm1PcjJRa05aSnJXSmpBaHhfMkRMSVh0S3VydE0zT1FLMVNlUzlkcWZxbm9NVnM5M01YZGJZdVdobFh5aWktbDNjNmwtakpxYU5EeXgxU2ExcHJWb0NLSGJHV2pOZE81VGhYb2Fucm5mdXlLUGM","loid":"00000000004a2ate4l","loidCreated":"1564652291276","version":2},"notificationPrefs":{"api":{"getPreferences":{"error":null,"loaded":false,"pending":false},"setPreferences":{"error":null,"loaded":false,"pending":false}},"isPrePromptVisible":false,"preferences":{"chatMessages":false,"trendingPosts":false,"unreadMessages":false}},"ownedBadges":{},"prefs":{"allowClickTracking":false,"autoplayVideo":true,"collapsedTraySections":{"favorites":false,"multis":false,"moderating":false,"subscriptions":false,"profiles":false},"commentMode":"richtext","layout":"card","rememberCommunityLayout":false,"defaultCommentSort":"confidence","editorMode":"richtext","featuresViewedHistory":{"commentForm":{"markdownModeNotification":false}},"globalTheme":"REDDIT","hasSeenCustomizeFlyout":true,"hideNSFW":true,"ignoreSuggestedSort":false,"labelNSFW":true,"markMessagesRead":true,"nightmode":false,"openPostInNewTab":false,"over18":false,"showActiveCommunities":true,"showTwitter":false,"sort":"hot","stylesEnabled":true,"subreddit":{},"topContentDismissalTime":0,"topContentTimesDismissed":0,"rememberCommunitySort":false,"useMarkdown":false},"reddaid":"","session":{"accessToken":"-qDQmJITFbW4B-vsmJWL6R918jgQ","expires":"2019-08-01T10:38:11.330Z","expiresIn":3600,"unsafeLoggedOut":true,"safe":true},"sessionRefreshFailed":false,"sessionTracker":"2ppxbCJSsj9G6B0W1p.0.1564652291644.Z0FBQUFBQmRRck1EaGd3M0d2MU02WnBzdmNhV1hsdkhibDVoMDZfSnl2NDhQZExGNUVCZ2RtMVpJVmRaOTJOczB4NUtDUzRNOTVCNl9aMGF3RzRhREhmQnRMeHpubERlQkdndTlvQ2h6M1dPcEl2LWpoQTNSaTJFSmN5SzFzUFg0VFF5RGhGZVBsY0M","shuffledCategories":["vroom","health","writing","dIY","advice","electronics","sports","animals","memes","science","tech","videos","tv","videoGames","outdoors","travel","food","entertainment","picsAndGifs","relationships","photography","fashion","gaming","music","art","funny","news"],"temporaryGQL":{"isEmployee":null,"isLoggedIn":false},"wallets":{},"whitelist":{"api":{},"data":[]}},"userFlair":{"t5_2qnp7":{"applied":null,"templates":{},"templateIds":[],"displaySettings":{"position":"right","isEnabled":true,"isUserEnabled":false},"permissions":{"canUserChange":false,"canAssignOwn":true}}},"users":{"api":{"error":{},"pending":false},"appliedBadges":{},"models":{},"nameAvailable":{},"publicWallets":{},"topOCCreators":{}},"widgets":{"idCardIds":{"t5_2qnp7":"widget_id-card-2qnp7"},"menuIds":{"t5_2qnp7":"widget_11vrut4itltcc"},"models":{"widget_rules-2qnp7":{"styles":{"headerColor":null,"backgroundColor":null},"kind":"subreddit-rules","id":"widget_rules-2qnp7","shortName":"Subreddit Rules","data":[{"violationReason":"Your account must be 24 hours old in order to post","description":" * Your account must be 24 hours old in order to post to this subreddit.\n * Please use your main account to post or comment, or wait 24 hours and resubmit. If the issue is urgent, feel free to message the moderation team.","createdUtc":1453837536,"priority":0,"descriptionHtml":"\u003C!-- SC_OFF --\u003E\u003Cdiv class=\"md\"\u003E\u003Cul\u003E\n\u003Cli\u003EYour account must be 24 hours old in order to post to this subreddit.\u003C/li\u003E\n\u003Cli\u003EPlease use your main account to post or comment, or wait 24 hours and resubmit. If the issue is urgent, feel free to message the moderation team.\u003C/li\u003E\n\u003C/ul\u003E\n\u003C/div\u003E\u003C!-- SC_ON --\u003E","shortName":"Account Age"},{"violationReason":"Be professional in conduct.","description":"* Please treat community members politely - even when you disagree.   \n* No personal attacks - debate issues, challenge sources - but don't make or take things personally.   \n* No posts that are entirely memes or AdviceAnimals or Kitty GIFs.   \n* Please try to keep politically \u0026 religiously charged messages out of discussions.   \n* Intentionally trolling is considered impolite, \u0026 will be acted against.   \n* The acts of Software Piracy, Hardware Theft, \u0026 Cheating are considered unprofessional.","createdUtc":1453837686,"priority":1,"descriptionHtml":"\u003C!-- SC_OFF --\u003E\u003Cdiv class=\"md\"\u003E\u003Cul\u003E\n\u003Cli\u003EPlease treat community members politely - even when you disagree.\u003Cbr/\u003E\u003C/li\u003E\n\u003Cli\u003ENo personal attacks - debate issues, challenge sources - but don\u0026#39;t make or take things personally.\u003Cbr/\u003E\u003C/li\u003E\n\u003Cli\u003ENo posts that are entirely memes or AdviceAnimals or Kitty GIFs.\u003Cbr/\u003E\u003C/li\u003E\n\u003Cli\u003EPlease try to keep politically \u0026amp; religiously charged messages out of discussions.\u003Cbr/\u003E\u003C/li\u003E\n\u003Cli\u003EIntentionally trolling is considered impolite, \u0026amp; will be acted against.\u003Cbr/\u003E\u003C/li\u003E\n\u003Cli\u003EThe acts of Software Piracy, Hardware Theft, \u0026amp; Cheating are considered unprofessional.\u003C/li\u003E\n\u003C/ul\u003E\n\u003C/div\u003E\u003C!-- SC_ON --\u003E","shortName":"Professionalism"},{"violationReason":"Do not expressly advertise your product.","description":"* The reddit advertising system exists for this purpose. Invest in either a promoted post, or sidebar ad space.  \n* Vendors are free to discuss their product in the context of an existing discussion.  \n* Posting articles from ones own blog is considered a product.  \n* As always, users must disclose any affiliation with a product.  \n* Content creators should refrain from directing this community to their own content.","createdUtc":1453838001,"priority":2,"descriptionHtml":"\u003C!-- SC_OFF --\u003E\u003Cdiv class=\"md\"\u003E\u003Cul\u003E\n\u003Cli\u003EThe reddit advertising system exists for this purpose. Invest in either a promoted post, or sidebar ad space.\u003Cbr/\u003E\u003C/li\u003E\n\u003Cli\u003EVendors are free to discuss their product in the context of an existing discussion.\u003Cbr/\u003E\u003C/li\u003E\n\u003Cli\u003EPosting articles from ones own blog is considered a product.\u003Cbr/\u003E\u003C/li\u003E\n\u003Cli\u003EAs always, users must disclose any affiliation with a product.\u003Cbr/\u003E\u003C/li\u003E\n\u003Cli\u003EContent creators should refrain from directing this community to their own content.\u003C/li\u003E\n\u003C/ul\u003E\n\u003C/div\u003E\u003C!-- SC_ON --\u003E","shortName":"Advertising"},{"violationReason":"Inappropriate use of the Community.","description":"* There are many reddit communities that exist that may be more catered to/dedicated your topic.\n* Requests for assistance are expected to contain basic situational information.\n - They should also contain evidence of basic troubleshooting \u0026 Googling for self-help.\n - Keep topics/questions related to technology/people/practices/etc within a business environment.\n* When asking a question or requesting advice, please update your original post with any new information, or solution (if found).","createdUtc":1496886695,"priority":3,"descriptionHtml":"\u003C!-- SC_OFF --\u003E\u003Cdiv class=\"md\"\u003E\u003Cul\u003E\n\u003Cli\u003EThere are many reddit communities that exist that may be more catered to/dedicated your topic.\u003C/li\u003E\n\u003Cli\u003ERequests for assistance are expected to contain basic situational information.\n\n\u003Cul\u003E\n\u003Cli\u003EThey should also contain evidence of basic troubleshooting \u0026amp; Googling for self-help.\u003C/li\u003E\n\u003Cli\u003EKeep topics/questions related to technology/people/practices/etc within a business environment.\u003C/li\u003E\n\u003C/ul\u003E\u003C/li\u003E\n\u003Cli\u003EWhen asking a question or requesting advice, please update your original post with any new information, or solution (if found).\u003C/li\u003E\n\u003C/ul\u003E\n\u003C/div\u003E\u003C!-- SC_ON --\u003E","shortName":"Wrong Community"},{"violationReason":"Inappropriate use of the Community.","description":"* Avoid low-quality posts. Make an effort to enrich the community where you can- provide details, context, opinions, etc. in your posts.  \n* Moronic Monday \u0026 Thickheaded Thursday are available for simple questions, or other requests that don't need their own full thread. Utilize them as much as possible.","createdUtc":1541128853,"priority":4,"descriptionHtml":"\u003C!-- SC_OFF --\u003E\u003Cdiv class=\"md\"\u003E\u003Cul\u003E\n\u003Cli\u003EAvoid low-quality posts. Make an effort to enrich the community where you can- provide details, context, opinions, etc. in your posts.\u003Cbr/\u003E\u003C/li\u003E\n\u003Cli\u003EMoronic Monday \u0026amp; Thickheaded Thursday are available for simple questions, or other requests that don\u0026#39;t need their own full thread. Utilize them as much as possible.\u003C/li\u003E\n\u003C/ul\u003E\n\u003C/div\u003E\u003C!-- SC_ON --\u003E","shortName":"Low Quality"}],"display":"compact"},"widget_12de6scqd4lma":{"styles":{"headerColor":"","backgroundColor":""},"kind":"button","description":"View only the following types of posts","buttons":[{"url":"https://www.reddit.com/r/sysadmin/search?q=flair_name%3A%22General%20Discussion%22\u0026restrict_sr=1\u0026sort=new","text":"General Discussion","kind":"text","color":"#000000"},{"url":"https://www.reddit.com/r/sysadmin/search?q=flair_name%3A%22Linux%22\u0026restrict_sr=1\u0026sort=new","text":"Linux","kind":"text","color":"#000000"},{"url":"https://www.reddit.com/r/sysadmin/search?q=flair_name%3A\"Apple\"\u0026restrict_sr=1\u0026sort=new","text":"Apple","kind":"text","color":"#000000"},{"url":"https://www.reddit.com/r/sysadmin/search?q=flair_name%3A\"Google\"\u0026restrict_sr=1\u0026sort=new","text":"Google","kind":"text","color":"#000000"},{"url":"https://www.reddit.com/r/sysadmin/search?q=flair_name%3A\"Amazon\"\u0026restrict_sr=1\u0026sort=new","text":"Amazon","kind":"text","color":"#000000"},{"url":"https://www.reddit.com/r/sysadmin/search?q=flair_name%3A\"Microsoft\"\u0026restrict_sr=1\u0026sort=new","text":"Microsoft","kind":"text","color":"#000000"},{"url":"https://www.reddit.com/r/sysadmin/search?q=flair_name%3A\"Rant\"\u0026restrict_sr=1\u0026sort=new","text":"Rant Only","kind":"text","color":"#000000"},{"url":"https://www.reddit.com/r/sysadmin/search?q=flair_name%3A%22Career%20%2F%20Job%20Related%22\u0026restrict_sr=1\u0026sort=new","text":"Career/Job Related","kind":"text","color":"#000000"}],"descriptionHtml":"\u003C!-- SC_OFF --\u003E\u003Cdiv class=\"md\"\u003E\u003Cp\u003EView only the following types of posts\u003C/p\u003E\n\u003C/div\u003E\u003C!-- SC_ON --\u003E","shortName":"Filter By Flair","id":"widget_12de6scqd4lma"},"widget_10gek7suswisj":{"styles":{"headerColor":null,"backgroundColor":null},"kind":"community-list","descriptionHtml":null,"shortName":"Associated Subreddits","data":[{"name":"ITCareerQuestions","isSubscribed":false,"isNSFW":false,"iconUrl":"","subscribers":82987,"primaryColor":"#646d73","type":"subreddit","communityIcon":""},{"name":"SysAdminBlogs","isSubscribed":false,"isNSFW":false,"iconUrl":"","subscribers":6965,"primaryColor":"","type":"subreddit","communityIcon":""},{"name":"sysadminjobs","isSubscribed":false,"isNSFW":false,"iconUrl":"","subscribers":15494,"primaryColor":"","type":"subreddit","communityIcon":""}],"id":"widget_10gek7suswisj"},"widget_10gekyvp4lknb":{"styles":{"headerColor":"","backgroundColor":""},"kind":"button","description":"A collection of useful references","buttons":[{"url":"https://www.reddit.com/r/sysadmin/wiki/posting_rules","text":"Rules (Detailed)","kind":"text","color":"#000000"},{"url":"http://webchat.freenode.net/?channels=#reddit-sysadmin","text":"Official IRC Channel","kind":"text","color":"#000000"},{"url":"https://discord.gg/sysadmin","text":"Official Discord","kind":"text","color":"#000000"},{"url":"https://www.reddit.com/r/sysadmin/wiki/index","text":"Sysadmin Wiki","kind":"text","color":"#000000"},{"url":"https://www.reddit.com/r/sysadmin/wiki/bootcamp","text":"RTFM","kind":"text","color":"#000000"},{"url":"https://www.reddit.com/r/sysadmin/wiki/faq","text":"FAQ","kind":"text","color":"#000000"},{"url":"https://www.reddit.com/r/sysadmin/wiki/filters","text":"Flair Filtering","kind":"text","color":"#000000"}],"descriptionHtml":"\u003C!-- SC_OFF --\u003E\u003Cdiv class=\"md\"\u003E\u003Cp\u003EA collection of useful references\u003C/p\u003E\n\u003C/div\u003E\u003C!-- SC_ON --\u003E","shortName":"Useful Links","id":"widget_10gekyvp4lknb"},"widget_moderators-2qnp7":{"styles":{"headerColor":null,"backgroundColor":null},"kind":"moderators","mods":[{"name":"mkosmo","authorFlairType":"richtext","authorFlairTextColor":"dark","authorFlairBackgroundColor":"","authorFlairRichText":[{"e":"text","t":"Permanently Banned"}],"authorFlairText":"Permanently Banned"},{"name":"AutoModerator","authorFlairType":"richtext","authorFlairTextColor":"light","authorFlairBackgroundColor":"#349e48","authorFlairRichText":[{"e":"text","t":"Master of All Trades"}],"authorFlairText":"Master of All Trades"},{"name":"BotBust","authorFlairType":"text","authorFlairTextColor":"dark","authorFlairBackgroundColor":"","authorFlairRichText":[],"authorFlairText":null},{"name":"bandman614","authorFlairType":"richtext","authorFlairTextColor":"dark","authorFlairBackgroundColor":"","authorFlairRichText":[{"e":"text","t":"Standalone SysAdmin"}],"authorFlairText":"Standalone SysAdmin"},{"name":"highlord_fox","authorFlairType":"richtext","authorFlairTextColor":"light","authorFlairBackgroundColor":"#349e48","authorFlairRichText":[{"e":"text","t":"Moderator | Sr. Moderation Engineer"}],"authorFlairText":"Moderator | Sr. Moderation Engineer"},{"name":"VA_Network_Nerd","authorFlairType":"richtext","authorFlairTextColor":"dark","authorFlairBackgroundColor":"","authorFlairRichText":[{"e":"text","t":"Moderator | Infrastructure Architect"}],"authorFlairText":"Moderator | Infrastructure Architect"},{"name":"Lord_NShYH","authorFlairType":"richtext","authorFlairTextColor":"dark","authorFlairBackgroundColor":"","authorFlairRichText":[{"e":"text","t":"Systems Architect"}],"authorFlairText":"Systems Architect"},{"name":"preperat","authorFlairType":"text","authorFlairTextColor":"dark","authorFlairBackgroundColor":"","authorFlairRichText":[],"authorFlairText":null},{"name":"cryptic_1","authorFlairType":"richtext","authorFlairTextColor":"dark","authorFlairBackgroundColor":"","authorFlairRichText":[{"e":"text","t":"It is always DNS"}],"authorFlairText":"It is always DNS"},{"name":"bad0seed","authorFlairType":"richtext","authorFlairTextColor":"dark","authorFlairBackgroundColor":"","authorFlairRichText":[{"e":"text","t":"Trusted VAR"}],"authorFlairText":"Trusted VAR"}],"totalMods":16,"id":"widget_moderators-2qnp7"},"widget_id-card-2qnp7":{"styles":{"headerColor":null,"backgroundColor":null},"kind":"id-card","description":"A reddit dedicated to the profession of Computer System Administration.","id":"widget_id-card-2qnp7","currentlyViewingCount":1690,"currentlyViewingText":"","subscribersCount":359361,"subscribersText":"","shortName":"Community Details"},"widget_11vrut4itltcc":{"styles":{"headerColor":null,"backgroundColor":null},"kind":"menu","data":[{"url":"https://www.reddit.com/r/sysadmin/wiki/index","text":"Wiki"}],"id":"widget_11vrut4itltcc","showWiki":false}},"moderatorIds":{"t5_2qnp7":"widget_moderators-2qnp7"},"sidebar":{"t5_2qnp7":["widget_rules-2qnp7","widget_10gekyvp4lknb","widget_10gek7suswisj","widget_12de6scqd4lma"]}}}