{"accountManagerModalData":{},"activeModalId":null,"ads":{},"apiRequestState":{},"approvedSubmitters":{"api":{"error":null,"pending":{}},"fetchedTokens":{},"loadMore":{},"models":{},"search":{"api":{"error":null,"pending":false},"result":null},"userOrder":{}},"authorFlair":{"inContext":null,"models":{"t5_2qnan":{"intensityjunkie":null,"Novaz":null,"Khue":null,"ragepaw":null,"sjhwilkes":{"text":"[VCDX]","richtext":[],"backgroundColor":"","templateId":null,"textColor":"dark","type":"text"},"techjeep":null,"chuckpatel":null,"koecerion":{"text":"[VCP]","richtext":[],"backgroundColor":"","templateId":null,"textColor":"dark","type":"text"}}}},"awards":{"blacklist":{},"create":{"api":{"error":null,"pending":false}},"manageable":{"api":{"error":null,"pending":{}},"order":{}},"models":{},"usable":{"api":{"error":null,"pending":{}},"order":{}}},"badges":{"api":{"subreddit":{"error":{},"pending":{}},"user":{"error":{},"pending":{}}},"models":{}},"banned":{"api":{"error":null,"pending":{}},"fetchedTokens":{},"inContext":null,"loadMore":{},"models":{},"search":{"api":{"error":null,"pending":false},"result":null},"userOrder":{}},"blockUser":{"api":{"error":{},"pending":{}}},"brandSafety":{"isViewSafe":true,"hasBrandSafetyBeenAssessed":false},"categories":{"api":{"list":{"error":null,"loaded":false,"pending":false},"subreddits":{"error":{},"loaded":{},"pending":{}}},"ids":[],"models":{},"nameToId":{}},"chat":{"isInited":false,"isUserSubredditChatEnabled":false,"subredditSettings":{"subredditId":null,"bannedWords":"","domains":"","rateLimit":-1,"regexes":[]},"promos":{"displaySubredditChatFtux":false},"unread":{"api":{"error":{"apiError":null},"pending":false},"count":{"basicChannelCount":0,"subredditChannelCount":0}}},"claimGold":{"api":{"error":null,"pending":false,"showLoader":false},"code":"","showModal":false},"comments":{"collapsed":{"commentsPage--[post:'t3_6g61oc']":{}},"drafts":{"replyToPost_t3_6g61oc":{"commentMode":"richtext","draftType":0,"hasFocus":false,"rteState":null,"text":""}},"focused":{},"hidden":{},"isEditing":{},"models":{"t1_dinuhlb":{"editedAt":null,"isStickied":false,"isMod":false,"postAuthor":null,"isScoreHidden":false,"id":"t1_dinuhlb","isDeleted":false,"author":"sjhwilkes","media":{"richtextContent":{"document":[{"c":[{"e":"text","t":"How big / complex is your environment and what level of VMware and windows skills do you have?"}],"e":"par"}]},"type":"rtjson","rteMode":"richtext"},"isAdmin":false,"isOp":false,"isLocked":false,"score":2,"parentId":null,"subredditId":"t5_2qnan","collapsedReason":null,"collapsed":false,"sendReplies":true,"goldCount":0,"gildings":null,"authorId":"t2_p1pda","postId":"t3_6g61oc","permalink":"/r/vmware/comments/6g61oc/how_difficult_is_it_to_deploy_vm_horizon/dinuhlb/","created":1496983224,"postTitle":null,"distinguishType":null,"isSaved":false,"voteState":0,"deletedBy":null},"t1_dio8s4k":{"editedAt":null,"isStickied":false,"isMod":false,"postAuthor":null,"isScoreHidden":false,"id":"t1_dio8s4k","isDeleted":false,"author":"Novaz","media":{"richtextContent":{"document":[{"c":[{"e":"text","t":"pretty basic environment. VMWare wise id say the team is intermediate with vSphere and vmware in general"}],"e":"par"}]},"type":"rtjson","rteMode":"richtext"},"isAdmin":false,"isOp":true,"isLocked":false,"score":1,"parentId":"t1_dinuhlb","subredditId":"t5_2qnan","collapsedReason":null,"collapsed":false,"sendReplies":true,"goldCount":0,"gildings":null,"authorId":"t2_94ly0","postId":"t3_6g61oc","permalink":"/r/vmware/comments/6g61oc/how_difficult_is_it_to_deploy_vm_horizon/dio8s4k/","created":1497015019,"postTitle":null,"distinguishType":null,"isSaved":false,"voteState":0,"deletedBy":null},"t1_diuxv4f":{"editedAt":null,"isStickied":false,"isMod":false,"postAuthor":null,"isScoreHidden":false,"id":"t1_diuxv4f","isDeleted":false,"author":"ragepaw","media":{"richtextContent":{"document":[{"c":[{"e":"text","t":"Agree 100% with everything except using writables for profiles unless it's targeted, like just for OST files and so on. Use UEM for profiles."}],"e":"par"}]},"type":"rtjson","rteMode":"richtext"},"isAdmin":false,"isOp":false,"isLocked":false,"score":1,"parentId":"t1_dio8prx","subredditId":"t5_2qnan","collapsedReason":null,"collapsed":false,"sendReplies":true,"goldCount":0,"gildings":null,"authorId":"t2_ezw0h","postId":"t3_6g61oc","permalink":"/r/vmware/comments/6g61oc/how_difficult_is_it_to_deploy_vm_horizon/diuxv4f/","created":1497383574,"postTitle":null,"distinguishType":null,"isSaved":false,"voteState":0,"deletedBy":null},"t1_dio8prx":{"editedAt":null,"isStickied":false,"isMod":false,"postAuthor":null,"isScoreHidden":false,"id":"t1_dio8prx","isDeleted":false,"author":"koecerion","media":{"richtextContent":{"document":[{"c":[{"e":"text","t":"From my experience the Horizon infrastructure is very straight forward if you understand your org's needs and follow the documentation."}],"e":"par"},{"c":[{"e":"text","t":"But like "},{"e":"u/","t":"intensityjunkie","l":true},{"e":"text","t":" stated, it's the user experience design that is going to be the most difficult component. You need to build + design your desktop environment to the needs of your users. You may find you need to use UEM or Writable Volumes (AppVolumes) for user settings/configurations."}],"e":"par"},{"c":[{"e":"text","t":"My advice for desktop resources + design: Start small and take your time. You can't take your standard desktop PC and replicate it in View.  I can guarantee that 99.9999% of the time it won't work."}],"e":"par"},{"c":[{"e":"text","t":"Also - Build it to please the \"normal\" 95% of your users. You will not be able to please everyone, and that 5% you will never please. Just let them have their own laptop/desktop and let them be on their own."}],"e":"par"},{"c":[{"e":"text","t":"Build your OS image - optimize it, make it as lean and quick as you possibly can. Then (my preference) use AppVolumes where possible or gradually introduce applications into your View template. Install -\u003E Recompose -\u003E Test -\u003E Optimize -\u003E Repeat."}],"e":"par"}]},"type":"rtjson","rteMode":"richtext"},"isAdmin":false,"isOp":false,"isLocked":false,"score":1,"parentId":null,"subredditId":"t5_2qnan","collapsedReason":null,"collapsed":false,"sendReplies":true,"goldCount":0,"gildings":null,"authorId":"t2_8gz6b","postId":"t3_6g61oc","permalink":"/r/vmware/comments/6g61oc/how_difficult_is_it_to_deploy_vm_horizon/dio8prx/","created":1497014926,"postTitle":null,"distinguishType":null,"isSaved":false,"voteState":0,"deletedBy":null},"t1_dio367i":{"editedAt":null,"isStickied":false,"isMod":false,"postAuthor":null,"isScoreHidden":false,"id":"t1_dio367i","isDeleted":false,"author":"intensityjunkie","media":{"richtextContent":{"document":[{"c":[{"e":"text","t":"It comes down to how you want the end user experience to be. If you are just doing a basic desktop horizon is quite easy.... But... If you are looking to serve up multiple different desktops and have people who log into each one and you want their setting to travel. It becomes much more involved"}],"e":"par"}]},"type":"rtjson","rteMode":"richtext"},"isAdmin":false,"isOp":false,"isLocked":false,"score":1,"parentId":null,"subredditId":"t5_2qnan","collapsedReason":null,"collapsed":false,"sendReplies":true,"goldCount":0,"gildings":null,"authorId":"t2_11gl42","postId":"t3_6g61oc","permalink":"/r/vmware/comments/6g61oc/how_difficult_is_it_to_deploy_vm_horizon/dio367i/","created":1497004384,"postTitle":null,"distinguishType":null,"isSaved":false,"voteState":0,"deletedBy":null},"t1_dip33kt":{"editedAt":null,"isStickied":false,"isMod":false,"postAuthor":null,"isScoreHidden":false,"id":"t1_dip33kt","isDeleted":false,"author":"Novaz","media":{"richtextContent":{"document":[{"c":[{"e":"text","t":"Good advice. This was my teams thinking for calling off our professional services.  If where going to start small and learn, we felt that paying someone to come in and do the easy stuff didn't make sense. Thanks for the advice"}],"e":"par"}]},"type":"rtjson","rteMode":"richtext"},"isAdmin":false,"isOp":true,"isLocked":false,"score":1,"parentId":"t1_dio8prx","subredditId":"t5_2qnan","collapsedReason":null,"collapsed":false,"sendReplies":true,"goldCount":0,"gildings":null,"authorId":"t2_94ly0","postId":"t3_6g61oc","permalink":"/r/vmware/comments/6g61oc/how_difficult_is_it_to_deploy_vm_horizon/dip33kt/","created":1497050543,"postTitle":null,"distinguishType":null,"isSaved":false,"voteState":0,"deletedBy":null},"t1_dipf8gb":{"editedAt":null,"isStickied":false,"isMod":false,"postAuthor":null,"isScoreHidden":false,"id":"t1_dipf8gb","isDeleted":false,"author":"chuckpatel","media":{"richtextContent":{"document":[{"c":[{"e":"text","t":"Pluralsight has some courses that might serve as a reasonable crash course."}],"e":"par"}]},"type":"rtjson","rteMode":"richtext"},"isAdmin":false,"isOp":false,"isLocked":false,"score":1,"parentId":null,"subredditId":"t5_2qnan","collapsedReason":null,"collapsed":false,"sendReplies":true,"goldCount":0,"gildings":null,"authorId":"t2_16bn43","postId":"t3_6g61oc","permalink":"/r/vmware/comments/6g61oc/how_difficult_is_it_to_deploy_vm_horizon/dipf8gb/","created":1497067614,"postTitle":null,"distinguishType":null,"isSaved":false,"voteState":0,"deletedBy":null},"t1_dio9tgw":{"editedAt":null,"isStickied":false,"isMod":false,"postAuthor":null,"isScoreHidden":false,"id":"t1_dio9tgw","isDeleted":false,"author":"Khue","media":{"richtextContent":{"document":[{"c":[{"e":"text","t":"Setting up the basic infrastructure was super easy. Connection servers, composer server, even the non essentials like AppVolume servers and setting up UEM services were fairly straight forward to establish. I did have some trouble with the KMS server and Windows 10 LTSB but I believe I have that largely resolved. I even setup the VMware Access Points in our DMZ (Now VMware Unified Access Gateway/UAG) and they were fairly straight forward. Dealing with some of the certificate stuff was a little burdensome because initially I had set the connection servers to use our internal domain. This caused issues because when I went to setup Horizon for access from the internet, I wanted to bind a valid SSL cert to it and because of the difference from my external DNS name and internal DNS name we got a lot of errors. I ended up having to make everything setup to the external domain for simplicity sake."}],"e":"par"},{"c":[{"e":"text","t":"Setting up all that infrastructure was pretty easy. The hard part for me, is getting back into the desktop frame of mind. You have to do a lot of research on various applications and how to set them up for VDI. You'll have challenges like, how you want users to store and save data. Where you want users to save data. How much of an impact will this user saved data have on your current storage footprint. Do you have the IO necessary for a good experience on that storage? Should power users be able to install their own apps? If so how do you tackle this? What icons should be on a user's desktop? How do you deal with endpoint protection? Do you want users to have audio and video on their desktop? How do you deal with their experience for audio and video? Do you use Blast or PCoIP? Do I do task x in UEM or do I do it via GPO? Which one do I chose? Does it have any impact on login times?"}],"e":"par"},{"c":[{"e":"text","t":"I rolled out Horizon back in March and now I am finishing up AirWatch and Workspace1. I am still trying to wrap my head around the entirety of the solution because there's just so much to it. I can tell you that the infrastructure part is easy for Horizon, but getting the desktop piece just right, is going to be a long and arduous process for me. I am going to need to sit with users from different departments and understand their individual needs. I am going to have to sit with them after I deliver and work with them on their experience. I will then need to do the whole experiment over again with our remote users and make sure they are okay as well. VDI setup... pretty basic. VDI administration and deployment... crap, it's a lot of work."}],"e":"par"}]},"type":"rtjson","rteMode":"richtext"},"isAdmin":false,"isOp":false,"isLocked":false,"score":3,"parentId":"t1_dio367i","subredditId":"t5_2qnan","collapsedReason":null,"collapsed":false,"sendReplies":true,"goldCount":0,"gildings":null,"authorId":"t2_4mlcp","postId":"t3_6g61oc","permalink":"/r/vmware/comments/6g61oc/how_difficult_is_it_to_deploy_vm_horizon/dio9tgw/","created":1497016410,"postTitle":null,"distinguishType":null,"isSaved":false,"voteState":0,"deletedBy":null},"t1_diofsay":{"editedAt":null,"isStickied":false,"isMod":false,"postAuthor":null,"isScoreHidden":false,"id":"t1_diofsay","isDeleted":false,"author":"techjeep","media":{"richtextContent":{"document":[{"c":[{"e":"text","t":"I just went through a Horizon View setup. The base configuration (Connection Server, Composer, Golden Images, etc...) was super easy. Getting all of the onesy-twosy hardware devices working properly using thin clients was the PITA."}],"e":"par"},{"c":[{"e":"text","t":"Just found out that our EMV card readers won't work with thin clients because they present as COM ports and the Linux View Client doesn't redirect COM ports, only Windows supports COM redirection."}],"e":"par"}]},"type":"rtjson","rteMode":"richtext"},"isAdmin":false,"isOp":false,"isLocked":false,"score":1,"parentId":null,"subredditId":"t5_2qnan","collapsedReason":null,"collapsed":false,"sendReplies":true,"goldCount":0,"gildings":null,"authorId":"t2_ggu27","postId":"t3_6g61oc","permalink":"/r/vmware/comments/6g61oc/how_difficult_is_it_to_deploy_vm_horizon/diofsay/","created":1497023292,"postTitle":null,"distinguishType":null,"isSaved":false,"voteState":0,"deletedBy":null},"t1_dip35zi":{"editedAt":null,"isStickied":false,"isMod":false,"postAuthor":null,"isScoreHidden":false,"id":"t1_dip35zi","isDeleted":false,"author":"Novaz","media":{"richtextContent":{"document":[{"c":[{"e":"text","t":"Great feedback. How has Vmware support been with your linux COM issue?"}],"e":"par"}]},"type":"rtjson","rteMode":"richtext"},"isAdmin":false,"isOp":true,"isLocked":false,"score":1,"parentId":"t1_diofsay","subredditId":"t5_2qnan","collapsedReason":null,"collapsed":false,"sendReplies":true,"goldCount":0,"gildings":null,"authorId":"t2_94ly0","postId":"t3_6g61oc","permalink":"/r/vmware/comments/6g61oc/how_difficult_is_it_to_deploy_vm_horizon/dip35zi/","created":1497050639,"postTitle":null,"distinguishType":null,"isSaved":false,"voteState":0,"deletedBy":null}},"replyFormOpen":{},"submit":{"error":{},"pending":{}},"visitHighlightFilter":"Last"},"commentsListTruncated":true,"commentsPage":{"api":{"error":{"commentsPage--[post:'t3_6g61oc']":null},"fullyLoaded":{"commentsPage--[post:'t3_6g61oc']":true},"pending":{"commentsPage--[post:'t3_6g61oc']":false}},"keyToChatCommentLinks":{"commentsPage--[post:'t3_6g61oc']":[{"id":"t1_dinuhlb","created":1496983224,"stickied":false},{"id":"t1_dio367i","created":1497004384,"stickied":false},{"id":"t1_dio8prx","created":1497014926,"stickied":false},{"id":"t1_dio8s4k","created":1497015019,"stickied":false},{"id":"t1_dio9tgw","created":1497016410,"stickied":false},{"id":"t1_diofsay","created":1497023292,"stickied":false},{"id":"t1_dip33kt","created":1497050543,"stickied":false},{"id":"t1_dip35zi","created":1497050639,"stickied":false},{"id":"t1_dipf8gb","created":1497067614,"stickied":false},{"id":"t1_diuxv4f","created":1497383574,"stickied":false}]},"keyToCommentThreadLinkSets":{"commentsPage--[post:'t3_6g61oc']":{"t1_dinuhlb":{"depth":0,"next":{"type":"comment","id":"t1_dio8s4k"},"prev":null},"t1_dio8s4k":{"depth":1,"next":{"type":"comment","id":"t1_dio367i"},"prev":{"type":"comment","id":"t1_dinuhlb"}},"t1_diuxv4f":{"depth":1,"next":{"type":"continueThread","id":"continueThread-t1_diuxv4f"},"prev":{"type":"continueThread","id":"continueThread-t1_dip33kt"}},"t1_dio8prx":{"depth":0,"next":{"type":"comment","id":"t1_dip33kt"},"prev":{"type":"continueThread","id":"continueThread-t1_dio9tgw"}},"t1_dio367i":{"depth":0,"next":{"type":"comment","id":"t1_dio9tgw"},"prev":{"type":"comment","id":"t1_dio8s4k"}},"t1_dip33kt":{"depth":1,"next":{"type":"continueThread","id":"continueThread-t1_dip33kt"},"prev":{"type":"comment","id":"t1_dio8prx"}},"t1_dipf8gb":{"depth":0,"next":null,"prev":{"type":"continueThread","id":"continueThread-t1_dip35zi"}},"t1_dio9tgw":{"depth":1,"next":{"type":"continueThread","id":"continueThread-t1_dio9tgw"},"prev":{"type":"comment","id":"t1_dio367i"}},"t1_diofsay":{"depth":0,"next":{"type":"comment","id":"t1_dip35zi"},"prev":{"type":"continueThread","id":"continueThread-t1_diuxv4f"}},"t1_dip35zi":{"depth":1,"next":{"type":"continueThread","id":"continueThread-t1_dip35zi"},"prev":{"type":"comment","id":"t1_diofsay"}},"continueThread-t1_dio9tgw":{"depth":2,"next":{"type":"comment","id":"t1_dio8prx"},"prev":{"type":"comment","id":"t1_dio9tgw"}},"continueThread-t1_dip35zi":{"depth":2,"next":{"type":"comment","id":"t1_dipf8gb"},"prev":{"type":"comment","id":"t1_dip35zi"}},"continueThread-t1_dip33kt":{"depth":2,"next":{"type":"comment","id":"t1_diuxv4f"},"prev":{"type":"comment","id":"t1_dip33kt"}},"continueThread-t1_diuxv4f":{"depth":2,"next":{"type":"comment","id":"t1_diofsay"},"prev":{"type":"comment","id":"t1_diuxv4f"}}}},"keyToHeadCommentId":{"commentsPage--[post:'t3_6g61oc']":"t1_dinuhlb"},"keyToPostId":{"commentsPage--[post:'t3_6g61oc']":"t3_6g61oc"},"ads":[]},"contentGate":{},"continueThreads":{"models":{"continueThread-t1_dio9tgw":{"postId":"t3_6g61oc","next":{"type":"comment","id":"t1_dio8prx"},"depth":2,"parentId":"t1_dio9tgw","prev":{"type":"comment","id":"t1_dio9tgw"},"id":"continueThread-t1_dio9tgw"},"continueThread-t1_dip35zi":{"postId":"t3_6g61oc","next":{"type":"comment","id":"t1_dipf8gb"},"depth":2,"parentId":"t1_dip35zi","prev":{"type":"comment","id":"t1_dip35zi"},"id":"continueThread-t1_dip35zi"},"continueThread-t1_dip33kt":{"postId":"t3_6g61oc","next":{"type":"comment","id":"t1_diuxv4f"},"depth":2,"parentId":"t1_dip33kt","prev":{"type":"comment","id":"t1_dip33kt"},"id":"continueThread-t1_dip33kt"},"continueThread-t1_diuxv4f":{"postId":"t3_6g61oc","next":{"type":"comment","id":"t1_diofsay"},"depth":2,"parentId":"t1_diuxv4f","prev":{"type":"comment","id":"t1_diuxv4f"},"id":"continueThread-t1_diuxv4f"}}},"creations":{"api":{"collection":{"createOrUpdate":{"error":null,"pending":false}},"draft":{"deleteDraft":{"error":{},"pending":{}},"listing":{"error":null,"pending":false},"save":{"error":{"apiError":null,"needsCaptcha":false,"validationError":null,"submitValidationError":null},"pending":false}},"editor":{"converting":{"pending":{}},"mediaUpload":{"error":null,"pending":false}},"page":{"error":{},"fetched":{},"pending":{}},"post":{"submit":{"error":{"apiError":null,"needsCaptcha":false,"validationError":null,"submitValidationError":null},"pending":false},"update":{"error":null,"pending":false}},"subreddit":{"change":{"error":null,"pending":false}}},"drafts":{},"formData":{"body":{"link":"","markdown":"","media":null,"rte":{"isBound":false,"editorKey":"a53d32","initialRTJSON":{"document":[]}}},"eventSchedule":null,"flair":null,"govType":null,"isChatPost":false,"isNSFW":false,"isOC":false,"isPoll":false,"isPublicLink":false,"isSpoiler":false,"newSubreddit":"","newTopMod":"","nextSubreddit":null,"ocCategory":null,"postToTwitter":false,"polls":null,"recaptcha":"","sendReplies":true,"submissionType":"post","title":""},"formState":{"fieldValidation":{"title":null,"body":null,"link":null,"flair":null},"isChanged":false,"modalId":null,"ocCategory":null,"submitMode":0},"postEditing":{"draft":{"markdown":"","rte":{"isBound":false,"editorKey":"25bf57","initialRTJSON":{"document":[]}}},"editorMode":"richtext","postId":null}},"dashboard":{"selectedComponent":null,"subredditPending":false,"subredditLoaded":{}},"discoveryUnits":{"api":{"list":{"error":null,"loaded":true,"pending":false}},"models":{"xd_66":{"enabled":true,"id":"xd_66","layout":"large","parameters":{"sort":"hot"},"surface":"explore","unitName":"posts_in_category_rails_hero","unitType":"listing","url":"/api/posts_in_category.json"},"xd_67":{"enabled":true,"id":"xd_67","layout":"large","surface":"explore","unitName":"posts_in_subreddit_hero","unitType":"listing","url":"/r/%{subredditName}/hot.json"},"xd_68":{"enabled":true,"id":"xd_68","layout":"large","parameters":{"sort":"hot"},"surface":"explore","unitName":"posts_in_category_rails_small","unitType":"listing","url":"/api/posts_in_category.json"},"xd_69":{"enabled":true,"id":"xd_69","layout":"large","surface":"explore","unitName":"posts_in_subreddit_small","unitType":"listing","url":"/r/%{subredditName}/hot.json"},"xd_70":{"enabled":true,"id":"xd_70","layout":"large","surface":"search","unitName":"search_posts","unitType":"community_category","url":"/api/posts_in_category.json"},"xd_71":{"enabled":true,"id":"xd_71","layout":"large","surface":"search","unitName":"search_subreddits","unitType":"community_category","url":"/api/subreddits_in_category.json"},"xd_72":{"enabled":true,"id":"xd_72","layout":"large","surface":"subreddit_listing","unitName":"community_banner_posts","unitType":"subreddit_listing","url":"/r/%{subredditName}/top.json"},"xd_83":{"enabled":true,"id":"xd_83","layout":"large","surface":"subreddit_listing","unitName":"best_of_community","unitType":"subreddit_listing","url":"/r/%{subredditName}/top.json"},"xd_88":{"enabled":true,"id":"xd_88","layout":"large","surface":"front_page","title":"Similar communities to %{subredditName}","unitName":"chaining_similar_subreddits_posts","unitType":"listing"},"xd_89":{"enabled":true,"id":"xd_89","layout":"large","surface":"front_page","title":"Mildy similar posts","unitName":"chaining_similar_posts","unitType":"listing"},"xd_90":{"enabled":true,"id":"xd_90","layout":"large","surface":"comments","title":"Posts in subreddit %{subredditName}","unitName":"posts_in_subreddit_vertical","unitType":"listing"},"xd_91":{"enabled":true,"id":"xd_91","layout":"large","surface":"comments","title":"Posts in recommended home","unitName":"posts_in_rec_home","unitType":"listing"}},"nameToId":{"posts_in_category_rails_hero":"xd_66","posts_in_subreddit_hero":"xd_67","posts_in_category_rails_small":"xd_68","posts_in_subreddit_small":"xd_69","search_posts":"xd_70","search_subreddits":"xd_71","community_banner_posts":"xd_72","best_of_community":"xd_83","chaining_similar_subreddits_posts":"xd_88","chaining_similar_posts":"xd_89","posts_in_subreddit_vertical":"xd_90","posts_in_rec_home":"xd_91"}},"economics":{"currentBadgeManagementScreen":{"badgeType":"cosmetic","view":"gallery"},"currentModalArgs":null,"currentPaymentTarget":null,"emotes":{},"ftue":{"tippingHighlightViewed":null,"topTippersViewed":null},"paymentSystems":{"status":2},"specialMemberships":{"allSubscriptionsFetched":false,"data":{}},"subredditPremium":{},"tipDetails":{}},"emojis":{"api":{"list":{"pending":{}}},"models":{}},"externalAccount":{"api":{"connect":{"error":{},"pending":{}},"disconnect":{"error":{},"pending":{}},"user":{"error":{},"pending":{}},"subreddit":{"error":{},"fetched":{},"pending":{}}},"user":{},"subreddit":{}},"featureFlags":{"overrides":{"introModal":null,"markdownMode":null,"modQueue":null,"spBadges":null,"spCommunityTipJar":null,"spEmotes":null,"spFavoriteCreators":null,"spGovPolls":null,"spHarberger":null,"spLeaderboard":null,"spLoadtest":null,"spPoints":null,"spPolls":null,"spPremium":null,"spPremiumSubscriptions":null,"spPremiumUpsells":null,"spPublicPoints":null,"spSpinoffs":null,"spSupport":null,"spTopTippers":null,"communityTopics":null,"adminCommunityTopics":null,"events":null,"collections":null,"rteVideoPoster":null,"userSeenSubredditChatFtux":null,"userInChat":null,"userInSubredditChat":null,"userInChatUserSettings":null,"devAndStagingWatermark":null,"fpsMeter":null,"rabbitHole":null,"measureScrollFPS":null,"showVerboseErrors":null,"uappBanner":null,"canProxyGild":null,"experiments":null,"enableGraphQl":null,"importExportThemes":null,"flairRestrictions":null,"spezModal":null,"superbOwl":null,"enableShadowMode":null,"useGraphQLInFrontpage":null,"wikiEditing":null,"pushNotificationsBrowserSupported":null,"enableCrowdControlMode":null,"customFeeds":null,"snoovatar30":null,"isEmailPermissionRequired":null,"__requiredDoNotRemove":null}},"flairedUsers":{"api":{"error":null,"pending":false},"models":{},"pageInfo":{},"search":{"api":{"error":null,"pending":false},"result":null},"userOrder":{}},"fontFiles":[{"family":"IBMPlexSans","weight":700,"style":"normal","woffUrl":"fonts/IBMPlexSans/Bold-c34ba754b7235b49d33b294ff7a54179.woff","woff2Url":"fonts/IBMPlexSans/Bold-875de5047556e7c822519d95d7ee692d.woff2"},{"family":"IBMPlexSans","weight":500,"style":"normal","woffUrl":"fonts/IBMPlexSans/Medium-1051a531d3e1ee3483a6533158557139.woff","woff2Url":"fonts/IBMPlexSans/Medium-c4b185e25a4dde85a29f902cd5ce5360.woff2"},{"family":"IBMPlexSans","weight":400,"style":"normal","woffUrl":"fonts/IBMPlexSans/Regular-e6bbcdd30d3bd4d6b170bcb6d3552cab.woff","woff2Url":"fonts/IBMPlexSans/Regular-116bb6d508f5307861d3b1269bc597e7.woff2"},{"family":"Noto Mono","weight":400,"style":"normal","woffUrl":"fonts/NotoMono/Regular-e6bbcdd30d3bd4d6b170bcb6d3552cab.woff","woff2Url":"fonts/NotoMono/Regular-b16bb0524a7e7ee597970333c0c67180.woff2"},{"family":"Noto Mono","weight":400,"style":"normal","woffUrl":"fonts/NotoMono/el-Regular-06ee3f893717454d11a16c3e8d0aa9f9.woff","woff2Url":"fonts/NotoMono/el-Regular-29d72243d2cd6145b28bcb80dc33f0e4.woff2"},{"family":"Noto Sans","weight":700,"style":"italic","woffUrl":"fonts/NotoSans/Bold-Italic-255b4934a1f414dd312aa89382d65114.woff","woff2Url":"fonts/NotoSans/Bold-Italic-be39cd37f002d25d500c67b88871bed4.woff2"},{"family":"Noto Sans","weight":700,"style":"normal","woffUrl":"fonts/NotoSans/Bold-c34ba754b7235b49d33b294ff7a54179.woff","woff2Url":"fonts/NotoSans/Bold-d4ba4ecba17e90993f442f7bb082a3a2.woff2"},{"family":"Noto Sans","weight":400,"style":"normal","woffUrl":"fonts/NotoSans/Regular-e6bbcdd30d3bd4d6b170bcb6d3552cab.woff","woff2Url":"fonts/NotoSans/Regular-d6a6aa8dc0f93416a832ea04a18c6fb8.woff2"},{"family":"Noto Sans","weight":700,"style":"italic","woffUrl":"fonts/OldNotoSans/Bold-Italic-255b4934a1f414dd312aa89382d65114.woff","woff2Url":"fonts/OldNotoSans/Bold-Italic-5a241c76c24e463ef9bcc5855d20209b.woff2"},{"family":"Noto Sans","weight":700,"style":"normal","woffUrl":"fonts/OldNotoSans/Bold-c34ba754b7235b49d33b294ff7a54179.woff","woff2Url":"fonts/OldNotoSans/Bold-b85bf848c28799f5ad34ee29db68051c.woff2"},{"family":"Noto Sans","weight":400,"style":"normal","woffUrl":"fonts/OldNotoSans/Regular-e6bbcdd30d3bd4d6b170bcb6d3552cab.woff","woff2Url":"fonts/OldNotoSans/Regular-e50c34178d20d5fa4ab3c1f6c67901a9.woff2"}],"gild":{"api":{"error":null,"pending":false,"showLoader":false},"gildModalThingId":null,"includeMessage":false,"isAnonymous":false,"isIframed":false,"message":"","selectedAward":{"awardType":"GLOBAL","coinPrice":500,"coinReward":100,"description":"","daysOfDripExtension":0,"icon":{"url":"https://www.redditstatic.com/desktop2x/img/gold/badges/award-gold-medium.png?v=2"},"id":"gid_2","isEnabled":true,"name":"Gold","daysOfPremium":7}},"goldPurchase":{"coinPurchaseModal":{"activePage":"selectPayment","gildThingId":null,"purchasePackage":null,"showModal":false},"payment":{"cardName":"","cardValidation":{"cardCvc":"","cardExpiry":"","cardNumber":"","nameOnCard":"","postalCode":""},"paymentMethod":"paypal","paypal":{"errorMessage":null,"passthrough":""},"rememberCard":true,"savedCards":[],"savedCardsPending":false,"stripeToken":{"errorMessage":null,"pending":false},"useSavedCard":null},"premiumPurchaseModal":{"activePage":"selectPayment","showModal":false},"updateCardModal":{"pending":false}},"header":{"isSubscriptionsDropdownOpen":false},"imageUploads":{},"isEmailVerificationTooltipShowing":true,"isModeratorWithPostPerms":false,"jsApi":[],"leaderboard":{"api":{"error":{},"pending":{}},"dateRangeSelection":{},"models":{}},"listings":{"activeKey":"","listingOrder":{"api":{"error":{},"pending":{}},"identifiers":{},"ids":{},"fetchedTokens":{},"loadMore":{}},"postOrder":{"api":{"error":{},"pending":{}},"endMarkers":{},"fetchedTokens":{},"ids":{},"listingSort":{},"loadMore":{}}},"live":{"featured":null,"isFrontpageLoaded":false},"mediaPlayback":{"isMuted":true,"volume":1},"meta":{"isBot":false,"isSessionSeo":false,"userAgent":"Mozilla/5.0 (Windows NT 10.0; Win64; x64) AppleWebKit/537.36 (KHTML, like Gecko) Chrome/75.0.3770.142 Safari/537.36","country":"US","domain":"www.reddit.com","protocol":"https","sessionReferrerDomain":"","method":"GET","pageloadServerTime":1564652381026},"moderatingSubreddits":{},"moderationLog":{"actions":{"itemOrder":{},"models":{}},"endCursor":null,"hasNextPage":{},"hasPreviousPage":{},"moderators":[],"startCursor":null},"moderators":{"editableModerators":{},"editableUserOrder":{"data":{},"api":{"error":{},"pending":{}}},"invitedModerators":{"api":{"error":null,"pending":false},"models":{},"userOrder":{}},"invitePending":{},"loadMoreModerators":{},"loadMoreEditableModerators":{},"models":{},"search":{"api":{"error":null,"pending":false},"result":null},"userOrder":{"data":{},"api":{"error":{},"pending":{}}}},"modListingPage":{"filteredSubreddits":{"api":{"error":null,"pending":false},"names":[]}},"modModeEnabled":true,"modQueue":{"bulkAction":{"api":{"error":null,"pending":false},"selectedItems":{},"undoLastAction":{}},"edited":{"api":{"error":null,"pending":false},"itemOrder":{},"loadMore":{}},"moderatedCommunitiesOrder":{"after":null,"data":[],"loaded":false,"pending":false},"modqueue":{"api":{"error":null,"pending":false},"itemOrder":{},"loadMore":{}},"reports":{"api":{"error":null,"pending":false},"itemOrder":{},"loadMore":{}},"spam":{"api":{"error":null,"pending":false},"itemOrder":{},"loadMore":{}},"unmoderated":{"api":{"error":null,"pending":false},"itemOrder":{},"loadMore":{}}},"moreComments":{"api":{"error":{},"pending":{}},"models":{}},"multireddits":{"api":{"addSubreddit":{"error":null,"fetched":false,"pending":null},"create":{"error":null,"fetched":false,"pending":false},"deleteMulti":{"error":null,"fetched":false,"pending":false},"duplicate":{"error":null,"fetched":false,"pending":false},"edit":{"error":null,"fetched":false,"pending":false},"forUser":{"fetched":false,"pending":false},"recommendations":{"error":null,"fetched":false,"pending":true},"removeSubreddit":{"error":null,"fetched":false,"pending":null}},"byUserId":{},"models":{},"recommendations":{}},"muted":{"api":{"error":null,"pending":{}},"fetchedTokens":{},"inContext":null,"loadMore":{},"models":{},"search":{"api":{"error":null,"pending":false},"result":null},"userOrder":{}},"notificationBannerId":null,"nps":{"pending":false,"success":false},"oldSiteRules":[],"originalContent":{"bestPosts":{"api":{"error":{},"pending":{}}},"categories":{"api":{"error":null,"pending":false},"models":{}},"topCommunities":{"api":{"error":{},"pending":{}}},"topCreators":{"api":{"error":{},"pending":{}}}},"partnerSubredditConnection":{"api":{"page":{"error":{},"fetched":{},"pending":{}}}},"platform":{"allowNavigationCallback":null,"currentPage":{"key":"/r/vmware/comments/6g61oc/how_difficult_is_it_to_deploy_vm_horizon/","meta":{"name":"comments"},"queryParams":{},"routeMatch":{"match":{"path":"/:routePrefix(r)/:subredditName/comments/:partialPostId/:urlSafePostTitle?","url":"/r/vmware/comments/6g61oc/how_difficult_is_it_to_deploy_vm_horizon/","isExact":true,"params":{"routePrefix":"r","subredditName":"vmware","partialPostId":"6g61oc","urlSafePostTitle":"how_difficult_is_it_to_deploy_vm_horizon"},"queryParams":{}},"route":{"path":"/:routePrefix(r)/:subredditName/comments/:partialPostId/:urlSafePostTitle?","chunk":"CommentsPage","exact":true,"meta":{"name":"comments"},"prefetches":["Frontpage","Subreddit"]}},"status":200,"url":"/r/vmware/comments/6g61oc/how_difficult_is_it_to_deploy_vm_horizon/","urlParams":{"routePrefix":"r","subredditName":"vmware","partialPostId":"6g61oc","urlSafePostTitle":"how_difficult_is_it_to_deploy_vm_horizon"},"isRobotIndexable":true},"lastPage":null,"referrers":{},"sessionReferrer":null,"metas":{"/r/vmware/comments/6g61oc/how_difficult_is_it_to_deploy_vm_horizon/":{"title":"How difficult is it to deploy vm horizon? : vmware"}}},"postCollection":{"models":{},"subredditToIds":{},"api":{"error":{"reorderError":null,"updateDescriptionError":null,"updateLayoutError":null},"pending":{"reorderPending":false,"updateDescriptionPending":false,"updateLayoutPending":false}}},"polls":{"api":{"voting":{"error":{},"pending":{}}},"models":{},"results":{"byLockedVotingPower":{},"byVoters":{},"byVotingPower":{}},"rewards":{}},"postFlair":{"t5_2qnan":{"displaySettings":{"position":null,"isEnabled":false},"permissions":{"canAssignOwn":false},"templateIds":[],"templates":{}}},"posts":{"bestOCPosts":{},"chained":{"dismissed":false,"dismissedIdToListingKey":{},"idToListingKey":{}},"embedAndImage":{"loadable":{}},"expanded":{},"focus":null,"instances":{},"metaMap":{},"models":{"t3_6g61oc":{"domain":"self.vmware","isCrosspostable":false,"isMeta":false,"isStickied":false,"domainOverride":null,"callToAction":null,"eventsOnRender":[],"isScoreHidden":false,"saved":false,"numComments":17,"upvoteRatio":1,"author":"Novaz","postCategories":null,"media":{"obfuscated":null,"richtextContent":{"document":[{"c":[{"e":"text","t":"Just purchased VXRail setup and VM Horizon with credits that were suppose to be  used for professional services. However, looking at the SOW it looks pretty basic and my team thinks we can handle it and use the credits towards training and vmworld tickets. Anyone have any experince either deploying or working with VMWare professional services?"}],"e":"par"},{"c":[{"e":"text","t":"Thanks in advance"}],"e":"par"}]},"type":"rtjson","rteMode":"richtext","mediaMetadata":null},"numCrossposts":0,"isSponsored":false,"id":"t3_6g61oc","contentCategories":null,"source":null,"isLocked":false,"score":4,"isSpoiler":false,"isArchived":true,"contestMode":false,"liveCommentsWebsocket":"wss://ws-05b875714591d37f6.wss.redditmedia.com/link/6g61oc?m=AQAA3QREXdjhLiL4jiHCqANumgoKcah3zFOMMN9oezT3ueVRPzf6","thumbnail":{"url":"self","width":null,"height":null},"belongsTo":{"type":"subreddit","id":"t5_2qnan"},"crosspostRootId":null,"crosspostParentId":null,"sendReplies":true,"goldCount":0,"gildings":null,"authorId":"t2_94ly0","isNSFW":false,"isMediaOnly":false,"postId":"t3_6g61oc","suggestedSort":null,"hidden":false,"viewCount":0,"permalink":"https://www.reddit.com/r/vmware/comments/6g61oc/how_difficult_is_it_to_deploy_vm_horizon/","created":1496980357000,"title":"How difficult is it to deploy vm horizon?","events":[],"isOriginalContent":false,"distinguishType":null,"discussionType":null,"voteState":0,"flair":[],"isBlank":false,"numDuplicates":0}},"recent":[],"video":{"autoPlayed":{},"buffering":{},"consumed":{},"continuousViewStartedAt":{},"fullscreen":null,"loadable":{},"loadTimes":{},"metadata":{},"paused":{},"playing":{},"started":{},"time":{}}},"postStickiedComments":{"data":{}},"givePremium":{"api":{"error":null,"pending":false},"givePremiumModalAccountName":""},"products":{"api":{"fetch":{"error":{},"pending":{}},"purchase":{"error":{},"pending":{}}},"currentlyPurchasing":null,"models":{}},"profileCommentsPage":{"api":{"error":{},"pending":{}},"endMarkers":{},"fetchedTokens":{},"commentIds":{},"loadMore":{}},"profilePrivatePage":{"api":{"error":{},"pending":{}},"ids":{},"pageInfo":{}},"profileModSettingsPage":{"api":{"pending":true}},"profileOverviewPage":{"chrono":{"api":{"error":{},"pending":{}},"fetchedTokens":{},"ids":{},"loadMore":{}},"conversations":{"api":{"error":{},"pending":{}},"extraComments":{"api":{"error":{},"pending":{}},"models":{}},"keyToCommentThreadLinkSets":{},"keyToHeadCommentId":{},"keyToPostId":{}}},"profilePostsPage":{},"profiles":{"about":{},"models":{},"moderated":{"api":{"pending":{}},"models":{},"pageInfo":{}},"multireddits":{"api":{"pending":{}},"pageInfo":{}},"pinnedPosts":{"data":{},"initialData":{},"pending":{}},"trophyCases":{}},"providerFlair":{"models":{"t5_2qnan":{"intensityjunkie":null,"Novaz":null,"Khue":null,"ragepaw":null,"sjhwilkes":null,"techjeep":null,"chuckpatel":null,"koecerion":null}}},"promos":{"mobilePromoBanner":false,"upsellSignUpBannerLarge":false,"upsellSignUpBannerMedium":false,"upsellSignUpBannerSmall":null},"recommendations":{},"removalReasons":{"api":{"error":null,"pending":false},"models":{},"reasonOrder":{},"removedItemIds":null},"reportFlow":{"api":{"error":{},"pending":{},"success":{}},"openedFromModalPage":false,"postOrCommentId":null,"userIsMod":false},"reportPage":{"reportPageApi":{"error":null,"pending":false,"success":false},"reportPageRules":[]},"requestHost":"www.reddit.com","runTimeEnvVars":{"staging":false,"startTimeInMillis":1564651323927},"search":{"relatedQueries":{},"searchQuery":null,"typeahead":{"idsByQuery":{},"models":{}},"viewTreatment":{}},"searchDiscoveryUnits":{"headerContent":{},"models":{},"order":{}},"seo":{"crawler":null,"linksModule":{}},"shortcuts":{"activeCommentId":null,"activePostId":"t3_6g61oc","namespace":"CommentPage"},"sidebarPromotedPosts":{"firstFetch":false,"models":{}},"sitewideRules":[],"structuredStyles":{"draft":{},"exportStyles":{"error":null,"pending":false},"flairTemplate":{"models":{}},"imagePreviews":{},"isBladeEditorDirty":false,"isEditing":null,"models":{"t5_2qnan":{"menuBackgroundBlur":null,"menuLinkColorInactive":null,"menuLinkColorHover":null,"bannerCommunityNameFormat":null,"postUpvoteIconInactive":null,"highlightColor":null,"menuBackgroundOpacity":null,"postUpvoteCountColor":null,"bannerHeight":null,"postBackgroundColor":null,"mobileBannerImage":null,"bannerOverlayColor":null,"bannerCommunityName":null,"postDownvoteIconActive":null,"postUpvoteIconActive":null,"menuBackgroundColor":null,"postBackgroundImagePosition":null,"backgroundImage":null,"bannerBackgroundImagePosition":null,"backgroundColor":null,"submenuBackgroundStyle":null,"backgroundImagePosition":null,"bannerShowCommunityIcon":null,"bannerBackgroundColor":null,"submenuBackgroundColor":null,"sidebarWidgetHeaderColor":null,"bannerPositionedImagePosition":null,"bannerBackgroundImage":null,"postDownvoteCountColor":null,"postPlaceholderImagePosition":null,"postDownvoteIconInactive":null,"primaryColor":null,"sidebarWidgetBackgroundColor":null,"mobileKeyColor":null,"menuPosition":null,"postVoteIcons":null,"menuLinkColorActive":null,"bannerPositionedImage":null,"secondaryBannerPositionedImage":null,"menuBackgroundImage":null,"postBackgroundImage":null,"postPlaceholderImage":null,"communityIcon":null,"postTitleColor":null}}},"stylesheets":"https://www.redditstatic.com/desktop2x/chunkCSS/Reddit.44c4e6e827a82a16994e.css","subredditAutocomplete":{"api":{"error":{},"pending":{}},"models":{}},"subredditChannels":{"api":{"error":{},"pending":{},"whitelist":{}},"models":{},"selected":null},"subreddits":{"about":{"t5_2qnan":{"contentCategory":"","publicDescription":"The un-official VMware Reddit.","hasExternalAccount":false,"userIsSubscriber":null,"accountsActive":193,"advertiserCategory":"","allOriginalContent":false,"restrictCommenting":false,"showMedia":true,"restrictPosting":true,"subscribers":75049,"allowedPostTypes":{"images":true,"text":true,"videos":true,"links":true,"spoilers":true},"usingNewModmail":false,"emojisEnabled":false,"disableContributorRequests":false,"userIsContributor":null,"originalContentTagEnabled":false}},"api":{"about":{"error":{},"pending":false},"connectToPartner":{"error":null,"lastConnectedSubredditId":null,"pending":false},"create":{"error":{"apiError":null},"lastCreatedSubredditId":null,"pending":false},"rankings":{"error":null,"pending":false},"rules":false,"similar":{"pending":{}},"topContent":{"error":{},"pending":{}},"wiki":{"error":{},"pending":{}}},"appliedFilters":{"meta":{}},"byCategory":{},"communityInfo":{},"crosspostable":{"api":{"errors":null,"pending":false},"ids":{}},"duplicates":{"models":{}},"gov":{"assets":{},"communityJar":{},"distributions":{},"meta":{},"releaseNotes":{}},"models":{"t5_2qnan":{"whitelistStatus":"all_ads","isNSFW":false,"subscribers":75049,"primaryColor":"","id":"t5_2qnan","icon":{"url":"https://b.thumbs.redditmedia.com/TmmDGDmuqkyMuX0K6W07_d8xprk-a38Jozp1ad82k7w.png","width":256,"height":256},"isQuarantined":false,"name":"vmware","title":"VMware: virtually anything is possible","url":"/r/vmware/","wls":6,"freeFormReports":true,"displayText":"r/vmware","type":"public","communityIcon":""}},"moderated":{"api":{"errors":null,"fetched":false,"pending":false},"order":null},"original":[],"products":{},"rankings":{},"rankingsPageInfo":{},"rules":{},"settings":{},"similar":{},"subredditWiki":{"diff":{},"directory":{},"pages":{},"pageSettings":{},"revisions":{"api":{"error":{},"pending":{}},"listings":{},"models":{}}},"top":{},"topContent":{},"trending":[]},"subredditSettings":{"postRequirements":{"formState":{"isLoading":true,"isSaving":false,"hasFormError":false,"serverError":null,"titleStrings":{"isToggled":false,"strings":[]},"titleRegEx":{"isToggled":false,"regex":[]},"titleLength":{"isToggled":false,"min":null,"max":null},"postLength":{"isToggled":false,"min":null,"max":null},"postingGuidelines":{"requirement":"none","guidelines":null},"postBodyRequirement":"none","linkListPermission":"none","linkDomain":{"whitelist":[],"blacklist":[]},"reposts":{"isToggled":false,"days":null},"flair":{"isToggled":false}},"formErrors":{"titleRegEx":{"regex":null},"titleStrings":{"strings":null},"titleLength":{"min":null,"max":null},"postLength":{"min":null,"max":null},"postingGuidelines":{"guidelines":null},"postBodyRequirement":{"requirement":null},"linkListPermission":{"permission":null},"linkDomain":{"whitelist":null,"blacklist":null},"reposts":{"days":null}},"initialData":null},"requirementsBySubreddit":{}},"subredditStickyPosts":{"data":{}},"subscriptions":{"api":{"errors":null,"fetched":false,"pending":false},"favoriteMultiOrder":[],"favoriteProfileOrder":[],"favoriteSubredditOrder":[],"multiredditOrder":[],"profileOrder":[],"subredditOrder":[]},"tags":{"api":{"create":{"pending":false,"error":false},"deleteTag":{"pending":false,"error":false},"fetch":{"pending":false,"error":false},"update":{"pending":false,"error":false}},"availableGlobalTagOrder":{"global":[],"recommendedGlobal":[]},"models":{"globalSubredditTags":{},"subredditScopedTags":{},"itemTags":{},"suggestedItemTags":{},"sortedItemTags":{}},"selected":{"selectedOptions":{},"selectedSuggestedOptions":{},"deselectedOptions":{},"deselectedSuggestedOptions":{},"inputByItemId":{},"suggestedInputByItemId":{}}},"themes":{},"toaster":[],"tooltipId":null,"tracking":{"viewportDataLoaded":{}},"trafficStats":{"pending":false,"trafficStats":null},"transfers":{"communityPoints":{"api":{"error":null,"pending":false},"contentId":null,"initialRecipient":""}},"trending":{"models":[]},"trophies":{},"uploads":{},"user":{"account":null,"accountSettings":{"changeEmail":{"api":{"error":null,"pending":false}},"resetPassword":{"api":{"pending":false}},"sendResetEmail":{"api":{"pending":false,"emailSent":false}}},"blocked":{"api":{},"data":[]},"chatSettings":{"invitePolicy":"Everyone"},"drafts":null,"experiments":{"models":[{"id":207,"name":"android_email_digest_copy","variant":"treatment_1","version":"8"},{"id":328,"name":"android_graphql_all_feed_5","variant":"enabled","version":"1"},{"id":326,"name":"android_graphql_popular_feed_6","variant":"enabled","version":"1"},{"id":184,"name":"android_max_video_bitrate","variant":"2_0_mbps","version":"4"},{"id":62,"name":"best_sort_explore_batch","variant":"best_sort_explore_enabled","version":"5"},{"id":196,"name":"channels_subscriber_limit","variant":"control_2","version":"7"},{"id":206,"name":"chat_posts_android_2","variant":"chat_view","version":"4"},{"id":210,"name":"chat_posts_android_2_features","variant":"true","version":"7"},{"id":127,"name":"d2x_graphql_home_feed","variant":"gql_home_feed","version":"21"},{"id":69,"name":"desktop_seo_post_test_v1","variant":"listing_on_bottom","version":"10"},{"id":164,"name":"desktop_seo_post_v2_truncate","variant":"both","version":"3"},{"id":58,"name":"dn_perms_current_pre_prompt","variant":"dark_system_dialogue","version":"9"},{"id":263,"name":"email_collection_v1","variant":"footer_2","version":"6"},{"id":226,"name":"email_digest_frequency","variant":"five_per_week","version":"4"},{"id":177,"name":"email_permissions","variant":"treatment_1","version":"5"},{"id":106,"name":"email_verification_banner","variant":"tooltip","version":"3"},{"id":285,"name":"hide_best_of_community","variant":"control_1","version":"2"},{"id":265,"name":"ios_email_permissions","variant":"treatment_1","version":"4"},{"id":310,"name":"ios_graphql_home_feed_3","variant":"enabled","version":"1"},{"id":311,"name":"ios_graphql_popular_feed_2","variant":"enabled","version":"1"},{"id":325,"name":"ios_graphql_post_feeds_1","variant":"enabled","version":"1"},{"id":245,"name":"ios_post_collections_v2","variant":"enabled","version":"1"},{"id":315,"name":"ios_screenshot_share","variant":"toast","version":"2"},{"id":72,"name":"ios_wkwebview_youtube_rollout","variant":"enabled","version":"5"},{"id":86,"name":"jerome_test","variant":"0_3_50_unmetered","version":"12"},{"id":50,"name":"lnl_vs_best_vs_explore_exploit","variant":"best_sort","version":"33"},{"id":57,"name":"logged_in_transactional_dn_test","variant":"treatment","version":"5"},{"id":98,"name":"logged_in_trending_dns_2","variant":"trending_only","version":"5"},{"id":137,"name":"logged_out_pn_personalization","variant":"expanded_best_sort_tos","version":"15"},{"id":104,"name":"logged_out_trending_dns","variant":"enabled","version":"9"},{"id":155,"name":"logged_out_weighted_tos_notification","variant":"best_sort_tos_boosting_5","version":"7"},{"id":257,"name":"low_karma_rate_limit","variant":"control_2","version":"4"},{"id":120,"name":"manual_sr_recommendations","variant":"direct_tos","version":"5"},{"id":194,"name":"meta_features","variant":"true","version":"3"},{"id":314,"name":"minimum_score","variant":"minimum_100","version":"1"},{"id":212,"name":"new_media_transitions","variant":"enabled","version":"3"},{"id":90,"name":"non_personalized_notification_frequency","variant":"one_every_other_day","version":"8"},{"id":158,"name":"pn_sub_fallback","variant":"best_sort_fallback","version":"4"},{"id":140,"name":"post_view_consume_killswitch","variant":"false","version":"2"},{"id":79,"name":"rails_search_results_redesign","variant":"treatment_1","version":"9"},{"id":169,"name":"redesign_feed_chaining_logged_in","variant":"factorization_similar","version":"14"},{"id":170,"name":"redesign_feed_chaining_logged_out","variant":"factorization_similar","version":"15"},{"id":43,"name":"redesign_go_to_home","variant":"home_after_0","version":"7"},{"id":83,"name":"related_queries_rollout","variant":"active","version":"9"},{"id":329,"name":"subreddit_recommendation_tod","variant":"control_2","version":"1"},{"id":331,"name":"subs_tos_intersection","variant":"control_1","version":"1"},{"id":78,"name":"time_on_subreddit_push_notifications","variant":"expanded_best_sort","version":"12"},{"id":282,"name":"top_subreddits_test_mods_only","variant":"control_1","version":"4"},{"id":63,"name":"trending_dropdown_redesign","variant":"treatment_1","version":"9"},{"id":81,"name":"trending_entrypoint_redesign","variant":"treatment_1","version":"7"},{"id":153,"name":"weighted_random_tos_notification","variant":"best_sort_tos_boosting_5","version":"8"},{"id":119,"name":"work_manager_android","variant":"true","version":"6"}],"localPersisted":{},"overrides":{}},"features":{},"isCustomizeFlyoutShowing":false,"topContentDismissalPrefsSet":null,"language":"en","loggedOutData":{"accountCompleteness":{"collapsed":false,"step":"initial"},"dataLoaded":false,"feedMultiName":[],"homeFeed":{"similar":[],"topBanner":{"isClosed":false,"viewsCount":0},"views":["vmware"],"votes":{}},"isFrontpageHome":false,"postsCount":0,"tooltips":{"home_active":{},"subscribe_feed":{},"subscribe_id":{},"subscribe_reminder":{},"vote":{},"vote_reminder":{},"vote_success":{}},"views":{"count":{"beforeBanner":0,"total":1},"posts":["t3_6g61oc"]},"votes":{"comments":{},"posts":{}}},"loid":{"blob":"Z0FBQUFBQmRRck5kanh3TmJTOUdVa3BMREtCU3huZFpMNDM3V1l1SWkzVUdrWDVMS0l6N3N5dFJzbzNSeFBvbFg2RDBkVWt0ZUcwSTVYV2VXTk5sc3p2Si00Vk51VjZSVWhKSEpWQ214QkllSXdadFVfUXFJXzVPRTZ5MGZZUlpORGVodU54VWZOTW0","loid":"00000000004a2b3an9","loidCreated":"1564652381055","version":2},"notificationPrefs":{"api":{"getPreferences":{"error":null,"loaded":false,"pending":false},"setPreferences":{"error":null,"loaded":false,"pending":false}},"isPrePromptVisible":false,"preferences":{"chatMessages":false,"trendingPosts":false,"unreadMessages":false}},"ownedBadges":{},"prefs":{"allowClickTracking":false,"autoplayVideo":true,"collapsedTraySections":{"favorites":false,"multis":false,"moderating":false,"subscriptions":false,"profiles":false},"commentMode":"richtext","layout":"card","rememberCommunityLayout":false,"defaultCommentSort":"confidence","editorMode":"richtext","featuresViewedHistory":{"commentForm":{"markdownModeNotification":false}},"globalTheme":"REDDIT","hasSeenCustomizeFlyout":true,"hideNSFW":true,"ignoreSuggestedSort":false,"labelNSFW":true,"markMessagesRead":true,"nightmode":false,"openPostInNewTab":false,"over18":false,"showActiveCommunities":true,"showTwitter":false,"sort":"hot","stylesEnabled":true,"subreddit":{},"topContentDismissalTime":0,"topContentTimesDismissed":0,"rememberCommunitySort":false,"useMarkdown":false},"reddaid":"","session":{"accessToken":"-CDq8_-8tPUm6FL72wmy826-LWLw","expires":"2019-08-01T10:39:41.074Z","expiresIn":3600,"unsafeLoggedOut":true,"safe":true},"sessionRefreshFailed":false,"sessionTracker":"we8LEBpxpyeucE7zmx.0.1564652381272.Z0FBQUFBQmRRck5ka3V4dHJhWnpPUjBSR1hFUS1NdHMxbDJvMXFvYnR3MXBHWWdVc0trZ1RhTWQtRWxaM3VnaWJ3WkdxN1JlaDJLbG05SHBIdkloZXhVd01yblo1ZldSU2Y0ZmFXM2VRRkZ2Y3NYVEZMLTgxYVNLdV9aVHhBb3Z0bFVtU1ZIQVp4RGc","shuffledCategories":["vroom","advice","picsAndGifs","videos","outdoors","electronics","entertainment","science","writing","health","animals","tech","news","tv","music","funny","videoGames","sports","travel","memes","photography","food","dIY","gaming","fashion","relationships","art"],"temporaryGQL":{"isEmployee":null,"isLoggedIn":false},"wallets":{},"whitelist":{"api":{},"data":[]}},"userFlair":{"t5_2qnan":{"applied":null,"templates":{},"templateIds":[],"displaySettings":{"position":"right","isEnabled":true,"isUserEnabled":false},"permissions":{"canUserChange":false,"canAssignOwn":false}}},"users":{"api":{"error":{},"pending":false},"appliedBadges":{},"models":{},"nameAvailable":{},"publicWallets":{},"topOCCreators":{}},"widgets":{"idCardIds":{"t5_2qnan":"widget_id-card-2qnan"},"menuIds":{},"models":{"widget_id-card-2qnan":{"styles":{"headerColor":null,"backgroundColor":null},"kind":"id-card","description":"The un-official VMware Reddit.","id":"widget_id-card-2qnan","currentlyViewingCount":193,"currentlyViewingText":"","subscribersCount":75049,"subscribersText":"","shortName":"Community Details"},"widget_moderators-2qnan":{"styles":{"headerColor":null,"backgroundColor":null},"kind":"moderators","mods":[{"name":"jakobjs","authorFlairType":"text","authorFlairTextColor":"dark","authorFlairBackgroundColor":"","authorFlairRichText":[],"authorFlairText":null},{"name":"VMwareTech","authorFlairType":"text","authorFlairTextColor":"dark","authorFlairBackgroundColor":"","authorFlairRichText":[],"authorFlairText":"[VCIX]"},{"name":"wazoo9000","authorFlairType":"text","authorFlairTextColor":"dark","authorFlairBackgroundColor":"","authorFlairRichText":[],"authorFlairText":"[VCAP]"},{"name":"cloud_dizzle","authorFlairType":"text","authorFlairTextColor":"dark","authorFlairBackgroundColor":"","authorFlairRichText":[],"authorFlairText":"[VCAP]"},{"name":"vDingus","authorFlairType":"text","authorFlairTextColor":"dark","authorFlairBackgroundColor":"","authorFlairRichText":[],"authorFlairText":"[VCDX-DCV]"},{"name":"vTimD","authorFlairType":"text","authorFlairTextColor":"dark","authorFlairBackgroundColor":"","authorFlairRichText":[],"authorFlairText":null},{"name":"shaunwhiteinc","authorFlairType":"text","authorFlairTextColor":"dark","authorFlairBackgroundColor":"","authorFlairRichText":[],"authorFlairText":"[VCIX6-NV]"},{"name":"virtualviking","authorFlairType":"text","authorFlairTextColor":"dark","authorFlairBackgroundColor":"","authorFlairRichText":[],"authorFlairText":"[VCIX]"},{"name":"lost_signal","authorFlairType":"text","authorFlairTextColor":"dark","authorFlairBackgroundColor":"","authorFlairRichText":[],"authorFlairText":"Too ESXY for his datacenter..."}],"totalMods":9,"id":"widget_moderators-2qnan"}},"moderatorIds":{"t5_2qnan":"widget_moderators-2qnan"},"sidebar":{"t5_2qnan":[]}}}