{"accountManagerModalData":{},"activeModalId":null,"ads":{},"apiRequestState":{},"approvedSubmitters":{"api":{"error":null,"pending":{}},"fetchedTokens":{},"loadMore":{},"models":{},"search":{"api":{"error":null,"pending":false},"result":null},"userOrder":{}},"authorFlair":{"inContext":null,"models":{"t5_2qnan":{"chicaneuk":null,"the-dipolarspazoid":null,"hulagalula":null,"pctechyoda":null,"palironsat":null,"Bing_It_Bitches":null,"haaarlem":null,"UncleHoboBill":null,"OperationMobocracy":null}}},"awards":{"blacklist":{},"create":{"api":{"error":null,"pending":false}},"manageable":{"api":{"error":null,"pending":{}},"order":{}},"models":{},"usable":{"api":{"error":null,"pending":{}},"order":{}}},"badges":{"api":{"subreddit":{"error":{},"pending":{}},"user":{"error":{},"pending":{}}},"models":{}},"banned":{"api":{"error":null,"pending":{}},"fetchedTokens":{},"inContext":null,"loadMore":{},"models":{},"search":{"api":{"error":null,"pending":false},"result":null},"userOrder":{}},"blockUser":{"api":{"error":{},"pending":{}}},"brandSafety":{"isViewSafe":true,"hasBrandSafetyBeenAssessed":false},"categories":{"api":{"list":{"error":null,"loaded":false,"pending":false},"subreddits":{"error":{},"loaded":{},"pending":{}}},"ids":[],"models":{},"nameToId":{}},"chat":{"isInited":false,"isUserSubredditChatEnabled":false,"subredditSettings":{"subredditId":null,"bannedWords":"","domains":"","rateLimit":-1,"regexes":[]},"promos":{"displaySubredditChatFtux":false},"unread":{"api":{"error":{"apiError":null},"pending":false},"count":{"basicChannelCount":0,"subredditChannelCount":0}}},"claimGold":{"api":{"error":null,"pending":false,"showLoader":false},"code":"","showModal":false},"comments":{"collapsed":{"commentsPage--[post:'t3_8uk2au']":{}},"drafts":{"replyToPost_t3_8uk2au":{"commentMode":"richtext","draftType":0,"hasFocus":false,"rteState":null,"text":""}},"focused":{},"hidden":{},"isEditing":{},"models":{"t1_e1gsxqw":{"editedAt":null,"isStickied":false,"isMod":false,"postAuthor":null,"isScoreHidden":false,"id":"t1_e1gsxqw","isDeleted":false,"author":"haaarlem","media":{"richtextContent":{"document":[{"c":[{"e":"text","t":"This was my primary concern with 3 nodes and adding a 4th is out of the question for financial reasons."}],"e":"par"},{"c":[{"e":"text","t":"Typically Dell keep insisting that 3 will be fine and is extremely common but I just don’t share their level of comfort."}],"e":"par"}]},"type":"rtjson","rteMode":"richtext"},"isAdmin":false,"isOp":true,"isLocked":false,"score":1,"parentId":"t1_e1gltjm","subredditId":"t5_2qnan","collapsedReason":null,"collapsed":false,"sendReplies":true,"goldCount":0,"gildings":null,"authorId":"t2_gtdh4","postId":"t3_8uk2au","permalink":"/r/vmware/comments/8uk2au/vxrail_feedback/e1gsxqw/","created":1530225172,"postTitle":null,"distinguishType":null,"isSaved":false,"voteState":0,"deletedBy":null},"t1_e1g2tfd":{"editedAt":null,"isStickied":false,"isMod":false,"postAuthor":null,"isScoreHidden":false,"id":"t1_e1g2tfd","isDeleted":false,"author":"the-dipolarspazoid","media":{"richtextContent":{"document":[{"c":[{"e":"text","t":"I can't wait to rant/further this debate in just a bit...HOLD PLEASE."}],"e":"par"}]},"type":"rtjson","rteMode":"richtext"},"isAdmin":false,"isOp":false,"isLocked":false,"score":2,"parentId":null,"subredditId":"t5_2qnan","collapsedReason":null,"collapsed":false,"sendReplies":true,"goldCount":0,"gildings":null,"authorId":"t2_1ns0466i","postId":"t3_8uk2au","permalink":"/r/vmware/comments/8uk2au/vxrail_feedback/e1g2tfd/","created":1530202937,"postTitle":null,"distinguishType":null,"isSaved":false,"voteState":0,"deletedBy":null},"t1_e1gstoc":{"editedAt":null,"isStickied":false,"isMod":false,"postAuthor":null,"isScoreHidden":false,"id":"t1_e1gstoc","isDeleted":false,"author":"haaarlem","media":{"richtextContent":{"document":[{"c":[{"e":"text","t":"This is very good feedback, thank you."}],"e":"par"},{"c":[{"e":"text","t":"Our use case is general I’d say so the usual file and print servers, RDS, SQL, Exchange (Hybrid), our ERP (not ms), Cognos TM1 and BI etc."}],"e":"par"},{"c":[{"e":"text","t":"I posted this thread as i had serious reservations as I’ve heard horror stories, not specifically vxrail but vsan related and I was worried about maintenance especially with only 3 nodes."}],"e":"par"},{"c":[{"e":"text","t":"Our current setup has seriously been rock solid other than a few spinning disk failures in our now five year old SAN but all software upgrades etc have been trouble free."}],"e":"par"},{"c":[{"e":"text","t":"I’m not convinced on HCI, I was just pitched and encouraged on the option by Dell and I was considering based on:"}],"e":"par"},{"c":[{"c":[{"c":[{"e":"text","t":"One throat to choke"}],"e":"par"}],"e":"li"},{"c":[{"c":[{"e":"text","t":"Included install (we are a very small team)"}],"e":"par"}],"e":"li"},{"c":[{"c":[{"e":"text","t":"Fit in current rack along side current kit for simple cutover"}],"e":"par"}],"e":"li"},{"c":[{"c":[{"e":"text","t":"Smaller footprint and power consumption"}],"e":"par"}],"e":"li"}],"e":"list","o":false},{"c":[{"e":"text","t":"Im committed to VMware based on existing investment in licensing as well as spend on Veeam and Zerto for DR so we are not considering Nutanix. Additionally Dell Pro Support has been fantastic on a hardware level."}],"e":"par"},{"c":[{"e":"text","t":"From the general consensus in this thread my concern was well placed so I appreciate all the feedback and welcome any further discussion."}],"e":"par"}]},"type":"rtjson","rteMode":"richtext"},"isAdmin":false,"isOp":true,"isLocked":false,"score":1,"parentId":"t1_e1g152d","subredditId":"t5_2qnan","collapsedReason":null,"collapsed":false,"sendReplies":true,"goldCount":0,"gildings":null,"authorId":"t2_gtdh4","postId":"t3_8uk2au","permalink":"/r/vmware/comments/8uk2au/vxrail_feedback/e1gstoc/","created":1530225059,"postTitle":null,"distinguishType":null,"isSaved":false,"voteState":0,"deletedBy":null},"t1_e1g6knf":{"editedAt":null,"isStickied":false,"isMod":false,"postAuthor":null,"isScoreHidden":false,"id":"t1_e1g6knf","isDeleted":false,"author":"UncleHoboBill","media":{"richtextContent":{"document":[{"c":[{"e":"text","t":"You’re welcome."}],"e":"par"}]},"type":"rtjson","rteMode":"richtext"},"isAdmin":false,"isOp":false,"isLocked":false,"score":3,"parentId":"t1_e1g6jnr","subredditId":"t5_2qnan","collapsedReason":null,"collapsed":false,"sendReplies":true,"goldCount":0,"gildings":null,"authorId":"t2_16dz9l","postId":"t3_8uk2au","permalink":"/r/vmware/comments/8uk2au/vxrail_feedback/e1g6knf/","created":1530206005,"postTitle":null,"distinguishType":null,"isSaved":false,"voteState":0,"deletedBy":null},"t1_e1gszvy":{"editedAt":null,"isStickied":false,"isMod":false,"postAuthor":null,"isScoreHidden":false,"id":"t1_e1gszvy","isDeleted":false,"author":"haaarlem","media":{"richtextContent":{"document":[{"c":[{"e":"text","t":"Surprisingly given end of financial year specials the vxrail option worked out cheaper than ready nodes by about 7k over my total solution."}],"e":"par"}]},"type":"rtjson","rteMode":"richtext"},"isAdmin":false,"isOp":true,"isLocked":false,"score":1,"parentId":"t1_e1g73wo","subredditId":"t5_2qnan","collapsedReason":null,"collapsed":false,"sendReplies":true,"goldCount":0,"gildings":null,"authorId":"t2_gtdh4","postId":"t3_8uk2au","permalink":"/r/vmware/comments/8uk2au/vxrail_feedback/e1gszvy/","created":1530225230,"postTitle":null,"distinguishType":null,"isSaved":false,"voteState":0,"deletedBy":null},"t1_e1hkt12":{"editedAt":null,"isStickied":false,"isMod":false,"postAuthor":null,"isScoreHidden":false,"id":"t1_e1hkt12","isDeleted":false,"author":"chicaneuk","media":{"richtextContent":{"document":[{"c":[{"e":"text","t":"So we're a predominantly HP shop and we 'roll our own' clusters and have done for.. well.. a long time."}],"e":"par"},{"c":[{"e":"text","t":"A colleague elected for us to procure a basic Dell vx:rail for a project and despite our concerns, we went ahead with it."}],"e":"par"},{"c":[{"e":"text","t":"I'm sure our (Dell) vx:rail deployment was drawn out as much down to our tedious procurement processes and the fact that it was very much on/off in terms of whether it was going to go ahead... but the experience of actually getting setup was a bit of a nightmare."}],"e":"par"},{"c":[{"e":"text","t":"Even the technical presales was a complete cliche ridden load of fluff. They just don't send people who know the products intimately.. just top level fluff designed to sell to suits. If you bring technical people with you to ask questions, they didn't have any answers about how things worked under the hood."}],"e":"par"},{"c":[{"e":"text","t":"I think the worst of it all is that it's sold as this self contained solution and you only have one point of contact to fix everything.. the reality is that everyone you deal with, acts like it's the first vx:rail they've ever seen and even simple questions seem absolutely baffling to them.. and things always need to get escalated. The lower level engineers who are your first point of contact are basically.. useless. But that is a theme that has carried on right through the process.. the engineer who set it up, literally know how to run through the install wizard. As soon as they encountered something that went off-script, it was hands up in the air and they had no idea how to troubleshoot or do anything."}],"e":"par"},{"c":[{"e":"text","t":"I personally wouldn't want to touch another one.. at least not from Dell."}],"e":"par"},{"c":[{"e":"text","t":"If you're a greenfields site and you want to run stuff on premise then.. yeah, maybe consider it. However I fail to see what the value add is if you already have on-site expertise for the various layers of the infrastructure.. having a vx:rail just complicates it as you have a non-standard deployment and maintenance model. Involving Dell's support for the product is just AWFUL."}],"e":"par"}]},"type":"rtjson","rteMode":"richtext"},"isAdmin":false,"isOp":false,"isLocked":false,"score":1,"parentId":null,"subredditId":"t5_2qnan","collapsedReason":null,"collapsed":false,"sendReplies":true,"goldCount":0,"gildings":null,"authorId":"t2_abgcj","postId":"t3_8uk2au","permalink":"/r/vmware/comments/8uk2au/vxrail_feedback/e1hkt12/","created":1530260091,"postTitle":null,"distinguishType":null,"isSaved":false,"voteState":0,"deletedBy":null},"t1_e1glnxq":{"editedAt":null,"isStickied":false,"isMod":false,"postAuthor":null,"isScoreHidden":false,"id":"t1_e1glnxq","isDeleted":false,"author":"the-dipolarspazoid","media":{"richtextContent":{"document":[{"c":[{"e":"text","t":"VXRail! A single pane of glass! Everybody shares everything! How about no."}],"e":"par"},{"c":[{"e":"text","t":"We have E470 nodes (I believe) and it hasn't been fun. The install team (from Dell) set it up as it's own vCenter (it's on SSO domain despite our current one that is 6 times larger), took maybe 4 extra days and never got it connected to the brocade switch. Our infrastructure dude is the one that made that happen. *this is second hand knowledge, I started my job with this thing in place and running on hopes and dreams). So aside from a god awful install and flying by the seat of our pants initially I decided to get all the little features working because why not?"}],"e":"par"},{"c":[{"e":"text","t":"It couldn't update from the vxrail manager, at all. It took 2 1/2 weeks for support to rebuild the vxrail manager appliance so it would finally update properly. The support guy has been awesome and blunt about everything though. I asked if that appliance was ever completely corrupted how do they do a fresh install...Are you ready?"}],"e":"par"},{"c":[{"e":"text","t":"They don't and can't. They don't have a way to do it yet and expressed disdain in the fact that engineering has not yet developed a way to restore some of those special vxrail features/appliances if they fail. Just a little concerning in my book."}],"e":"par"},{"c":[{"e":"text","t":"So he spent hours upon hours upon days fixing ours, removing tmp files and all kinds of crap just to get the manager working properly again. When it works, well yea it's pretty cool to hit the easy button and update EVERYTHING. But if you like to actually manage your cluster that thing will spit out so many errors and warnings it's ridiculous because you changed some default settings to fit your environment. Heaven forbid."}],"e":"par"},{"c":[{"e":"text","t":"To be frank (unless someone else already is) I am frustrated with it. It was setup in it's on SSO domain (not the manufacturer's fault) but since it's proprietary crap to manage it if you repoint the VCSA to a different PSC you'll pretty much break those fun features/void warranty/who knows. Not sure if I can repoint it, deploy a different PSC to the VXRail, and allow it to keep working but eh, I need a break from fighting this and the servers are running :)"}],"e":"par"},{"c":[{"e":"text","t":"I completely understand the vSAN purpose and all, but personally I'd rather have separate storage that isn't local on a bunch of hosts that share it with the others. I can't throw another host into this cluster to help balance anything or migrate off of a screwed up one. . Expanding the cluster involves buying more nodes from Dell/EMC...you can't do it on your own so get out the checkbook. You'll never need to add storage or anything again!...as long as you only use VXRail nodes the entire time. That limitation is not something I'm a fan of at all."}],"e":"par"},{"c":[{"e":"text","t":"If I'm managing an enterprise network I think the flexibility to add hosts/storage/etc that isn't brand specific is crucial. That and we can't go to 6.7 until that update comes out for the VXRail. (SSO issues is the only reason I know that. Stick with 6.0 for awhile!)"}],"e":"par"}]},"type":"rtjson","rteMode":"richtext"},"isAdmin":false,"isOp":false,"isLocked":false,"score":2,"parentId":"t1_e1g2tfd","subredditId":"t5_2qnan","collapsedReason":null,"collapsed":false,"sendReplies":true,"goldCount":0,"gildings":null,"authorId":"t2_1ns0466i","postId":"t3_8uk2au","permalink":"/r/vmware/comments/8uk2au/vxrail_feedback/e1glnxq/","created":1530218528,"postTitle":null,"distinguishType":null,"isSaved":false,"voteState":0,"deletedBy":null},"t1_e1i46ha":{"editedAt":null,"isStickied":false,"isMod":false,"postAuthor":null,"isScoreHidden":false,"id":"t1_e1i46ha","isDeleted":false,"author":"OperationMobocracy","media":{"richtextContent":{"document":[{"c":[{"e":"text","t":"My take as someone who knows someone who works for a reseller is that with the Dell/EMC merger there are a lot of Dell shops now trying to push EMC stuff and don't have much experience with it.  But the sales people must have incentives for it that rival a religious conversion because it's all they talk about."}],"e":"par"},{"c":[{"e":"text","t":"I also question how big and established a product it was considering how relatively new vSAN is -- maybe something existing EMC customers would have considered pre-merger, although I never quite understood the logic of a company whose principal products were storage devices selling against their historical product line.  It seemed like a me-too product."}],"e":"par"},{"c":[{"e":"text","t":"I'm always deeply suspicious of the all-in-one composite product with the secret sauce wizard-driven setup.  What are they hiding?  Why is the wizard functionality hidden/not documented and why can't I know how to do it manually?  And what is the long-term agenda here, why do I feel like you just want to lock me into some kind of long-term hardware-as-a-service?"}],"e":"par"}]},"type":"rtjson","rteMode":"richtext"},"isAdmin":false,"isOp":false,"isLocked":false,"score":2,"parentId":"t1_e1hkt12","subredditId":"t5_2qnan","collapsedReason":null,"collapsed":false,"sendReplies":true,"goldCount":0,"gildings":null,"authorId":"t2_124wre","postId":"t3_8uk2au","permalink":"/r/vmware/comments/8uk2au/vxrail_feedback/e1i46ha/","created":1530286711,"postTitle":null,"distinguishType":null,"isSaved":false,"voteState":0,"deletedBy":null},"t1_e1gltjm":{"editedAt":null,"isStickied":false,"isMod":false,"postAuthor":null,"isScoreHidden":false,"id":"t1_e1gltjm","isDeleted":false,"author":"the-dipolarspazoid","media":{"richtextContent":{"document":[{"c":[{"e":"text","t":"3 nodes? You won't have HA or anything with that. Yes it's a starter cluster but you lose one and you're down...Usually they suggest it to get you started with the appliance because later when you want to expand....you can only reliably add VXRail nodes....bought from them."}],"e":"par"}]},"type":"rtjson","rteMode":"richtext"},"isAdmin":false,"isOp":false,"isLocked":false,"score":3,"parentId":null,"subredditId":"t5_2qnan","collapsedReason":null,"collapsed":false,"sendReplies":true,"goldCount":0,"gildings":null,"authorId":"t2_1ns0466i","postId":"t3_8uk2au","permalink":"/r/vmware/comments/8uk2au/vxrail_feedback/e1gltjm/","created":1530218664,"postTitle":null,"distinguishType":null,"isSaved":false,"voteState":0,"deletedBy":null},"t1_e1gabka":{"editedAt":null,"isStickied":false,"isMod":false,"postAuthor":null,"isScoreHidden":false,"id":"t1_e1gabka","isDeleted":false,"author":"Bing_It_Bitches","media":{"richtextContent":{"document":[{"c":[{"c":[{"e":"text","t":"Dell/EMC support for VxRail has been abysmal."}],"e":"par"}],"e":"blockquote"},{"c":[{"e":"text","t":"This is really the heart of it for me. I can't stress enough how terrible our support experience has been. They like to talk a big game about the advantages of having a single POC for support which is great if they respond. Even when they do respond I have found they often have little to no idea what is going on."}],"e":"par"},{"c":[{"c":[{"e":"text","t":"VxRail software upgrades are supposed to be one-click affairs, but I've never experienced that. My last upgrade attempt was a disaster. I believe it was a 16-hour process per cluster."}],"e":"par"}],"e":"blockquote"},{"c":[{"e":"text","t":"I literally had the exact same experience with my last upgrade, and have had similar experiences with the other two upgrades we performed."}],"e":"par"}]},"type":"rtjson","rteMode":"richtext"},"isAdmin":false,"isOp":false,"isLocked":false,"score":3,"parentId":"t1_e1g152d","subredditId":"t5_2qnan","collapsedReason":null,"collapsed":false,"sendReplies":true,"goldCount":0,"gildings":null,"authorId":"t2_177zdb","postId":"t3_8uk2au","permalink":"/r/vmware/comments/8uk2au/vxrail_feedback/e1gabka/","created":1530209074,"postTitle":null,"distinguishType":null,"isSaved":false,"voteState":0,"deletedBy":null},"t1_e1g152d":{"editedAt":null,"isStickied":false,"isMod":false,"postAuthor":null,"isScoreHidden":false,"id":"t1_e1g152d","isDeleted":false,"author":"palironsat","media":{"richtextContent":{"document":[{"c":[{"e":"text","t":"I'm grumpy about my VxRail install, so take everything I say with a HUGE grain of salt."}],"e":"par"},{"c":[{"e":"text","t":"I'm running a pair of larger clusters (10 nodes each, all-flash).  Setup was a breeze - out of all of the HCI solutions that we looked at, they were the only one that we could actually get from the box to fully configured and running in a single day."}],"e":"par"},{"c":[{"e":"text","t":"Day-to-day operations are fine.  VSAN took some getting used to, but it's not a big deal once it's running.  And since the VxRail setup handles that automatically, there's not a lot of work to it once it's up."}],"e":"par"},{"c":[{"e":"text","t":"The VxRail Manager is mostly fine, but we see A LOT of false positive hardware failures.  There are bugs in the Dell agent software the talks between ESXi and the VxRail Manager.  Because we have ESRS call-home set up, there are at least weekly SRs automatically generated for non-events."}],"e":"par"},{"c":[{"e":"text","t":"VxRail software upgrades are supposed to be one-click affairs, but I've never experienced that.  My last upgrade attempt was a disaster.  I believe it was a 16-hour process per cluster.  I'm sure that's not typical, but I've talked to several internal Dell support people, and I'm not the only one who has had serious problems."}],"e":"par"},{"c":[{"e":"text","t":"Dell/EMC support for VxRail has been abysmal.  Legacy EMC support was always bad, and I don't know exactly how it's gotten worse since the merger, but it has.  I've gone weeks without responses on multiple issues.  Getting my account team involved helps some, but we just spent 8 figures on new storage recently so that may play into it.","f":[[1,0,45]]}],"e":"par"},{"c":[{"e":"text","t":"What's your use case?  General server virtualization?  ROBO?  VDI?"}],"e":"par"},{"c":[{"e":"text","t":"A 3-node cluster should be fine, although I like 4 better, just for redundancy.  I'm nervous like that."}],"e":"par"},{"c":[{"e":"text","t":"If you're set on HCI, take a hard look at Nutanix before you commit to VxRail.  There are tradeoffs, but I'm feeling happier with that right now, as opposed to VxRail.  It does get you away from the VMware tax, if you're willing to use AHV.  I like that, even though it doesn't make any sense in my environment right now."}],"e":"par"},{"c":[{"e":"text","t":"If you can save money with a more traditional setup, and that's what you're used to running, then I'd do that.  There's no reason to change just for change's sake, and HCI is not enough better (or at all?) than existing hardware to necessitate a change on its own."}],"e":"par"},{"c":[{"e":"text","t":"Like I said, I'm grumpy about both HCI in general and VxRail specifically.  A small environment is a good place to go with an HCI solution.  But if it won't save you money and won't make your life easier, it doesn't do you any good.  That's my $0.02."}],"e":"par"}]},"type":"rtjson","rteMode":"richtext"},"isAdmin":false,"isOp":false,"isLocked":false,"score":2,"parentId":null,"subredditId":"t5_2qnan","collapsedReason":null,"collapsed":false,"sendReplies":true,"goldCount":0,"gildings":null,"authorId":"t2_b644b","postId":"t3_8uk2au","permalink":"/r/vmware/comments/8uk2au/vxrail_feedback/e1g152d/","created":1530201578,"postTitle":null,"distinguishType":null,"isSaved":false,"voteState":0,"deletedBy":null},"t1_e1g73wo":{"editedAt":null,"isStickied":false,"isMod":false,"postAuthor":null,"isScoreHidden":false,"id":"t1_e1g73wo","isDeleted":false,"author":"pctechyoda","media":{"richtextContent":{"document":[{"c":[{"e":"text","t":"I am more of a fan of building your own VSAN versus vxRAIL due to flexibility, personally.  I just like the flexibility of hardware and licensing configurations."}],"e":"par"},{"c":[{"e":"text","t":"Have you engaged your preferred VMware reseller at all and inquired about doing a VSAN assessment?"}],"e":"par"},{"c":[{"e":"text","t":"In my experience, it's much less pricey and more flexible to build VSAN using ReadyNode configurations.  There are a ton of things you can do to manipulate ReadyNodes as well (for instance, I'm a fan of building VSANs with single processor servers because you can lower the licensing costs while increasing the utilization because it alters the percentages of resources you need to keep \"free\" for high availability)."}],"e":"par"},{"c":[{"e":"text","t":"Also, because all-flash enables features like erasure coding, deduplication, and compression, and because all-flash only uses the cache tier for writes, you need less raw storage to achieve the same effective usable storage, and all-flash VSAN configs tend to be less expensive actually than hybrid hard drive backed VSANs and you get the bonus of much higher performance."}],"e":"par"},{"c":[{"e":"text","t":"The VSAN assessment will actually analyze your storage usage statistics in your current VSAN environment and help visualize the ROI of looking at all-flash ReadyNodes."}],"e":"par"},{"c":[{"e":"text","t":"If you're in the US, I'm happy to help facilitate and connect you to a reseller that can assist if you'd like.  (Full disclosure: I work as a VMware consultant within a VMware distributor that supports VMware resellers in the US.)"}],"e":"par"}]},"type":"rtjson","rteMode":"richtext"},"isAdmin":false,"isOp":false,"isLocked":false,"score":2,"parentId":null,"subredditId":"t5_2qnan","collapsedReason":null,"collapsed":false,"sendReplies":true,"goldCount":0,"gildings":null,"authorId":"t2_ofdnc","postId":"t3_8uk2au","permalink":"/r/vmware/comments/8uk2au/vxrail_feedback/e1g73wo/","created":1530206443,"postTitle":null,"distinguishType":null,"isSaved":false,"voteState":0,"deletedBy":null},"t1_e1g6jnr":{"editedAt":null,"isStickied":false,"isMod":false,"postAuthor":null,"isScoreHidden":false,"id":"t1_e1g6jnr","isDeleted":false,"author":"UncleHoboBill","media":{"richtextContent":{"document":[{"c":[{"e":"text","t":"Currently deploying now; got a few sites done... My advice is to stay FAR away from VxRail!"}],"e":"par"}]},"type":"rtjson","rteMode":"richtext"},"isAdmin":false,"isOp":false,"isLocked":false,"score":6,"parentId":null,"subredditId":"t5_2qnan","collapsedReason":null,"collapsed":false,"sendReplies":true,"goldCount":0,"gildings":null,"authorId":"t2_16dz9l","postId":"t3_8uk2au","permalink":"/r/vmware/comments/8uk2au/vxrail_feedback/e1g6jnr/","created":1530205984,"postTitle":null,"distinguishType":null,"isSaved":false,"voteState":0,"deletedBy":null},"t1_e1gnmo9":{"editedAt":null,"isStickied":false,"isMod":false,"postAuthor":null,"isScoreHidden":false,"id":"t1_e1gnmo9","isDeleted":false,"author":"OperationMobocracy","media":{"richtextContent":{"document":[{"c":[{"e":"text","t":"Good God, why would you ever consider trading stone-axe simple setup like yours for a proprietary complex mess like VxRail, especially if what you have already meets your existing needs (other than aging out of the hardware)?"}],"e":"par"},{"c":[{"e":"text","t":"I really struggle to see where HCI fits into any shop that doesn't buy infrastructure by the rack or maybe even by the row."}],"e":"par"}]},"type":"rtjson","rteMode":"richtext"},"isAdmin":false,"isOp":false,"isLocked":false,"score":3,"parentId":null,"subredditId":"t5_2qnan","collapsedReason":null,"collapsed":false,"sendReplies":true,"goldCount":0,"gildings":null,"authorId":"t2_124wre","postId":"t3_8uk2au","permalink":"/r/vmware/comments/8uk2au/vxrail_feedback/e1gnmo9/","created":1530220245,"postTitle":null,"distinguishType":null,"isSaved":false,"voteState":0,"deletedBy":null},"t1_e1hfl8i":{"editedAt":null,"isStickied":false,"isMod":false,"postAuthor":null,"isScoreHidden":false,"id":"t1_e1hfl8i","isDeleted":false,"author":"hulagalula","media":{"richtextContent":{"document":[{"c":[{"c":[{"e":"text","t":"3 nodes? You won't have HA or anything with that. Yes it's a starter cluster but you lose one and you're down"}],"e":"par"}],"e":"blockquote"},{"c":[{"e":"text","t":"That’s not quite accurate, you lose one and now you lose resiliency to “another” host failure. This is a concern if you have a host in maintenance and hit another issue, but in steady state operations you of course have HA and would mitigate reduced resilience of a 3 node config by being more cautious in when I would perform maintenance operations ( which is actually why I’d want 4 nodes)."}],"e":"par"}]},"type":"rtjson","rteMode":"richtext"},"isAdmin":false,"isOp":false,"isLocked":false,"score":3,"parentId":"t1_e1gltjm","subredditId":"t5_2qnan","collapsedReason":null,"collapsed":false,"sendReplies":true,"goldCount":0,"gildings":null,"authorId":"t2_3q2js","postId":"t3_8uk2au","permalink":"/r/vmware/comments/8uk2au/vxrail_feedback/e1hfl8i/","created":1530250782,"postTitle":null,"distinguishType":null,"isSaved":false,"voteState":0,"deletedBy":null}},"replyFormOpen":{},"submit":{"error":{},"pending":{}},"visitHighlightFilter":"Last"},"commentsListTruncated":true,"commentsPage":{"api":{"error":{"commentsPage--[post:'t3_8uk2au']":null},"fullyLoaded":{"commentsPage--[post:'t3_8uk2au']":true},"pending":{"commentsPage--[post:'t3_8uk2au']":false}},"keyToChatCommentLinks":{"commentsPage--[post:'t3_8uk2au']":[{"id":"t1_e1g152d","created":1530201578,"stickied":false},{"id":"t1_e1g2tfd","created":1530202937,"stickied":false},{"id":"t1_e1g6jnr","created":1530205984,"stickied":false},{"id":"t1_e1g6knf","created":1530206005,"stickied":false},{"id":"t1_e1g73wo","created":1530206443,"stickied":false},{"id":"t1_e1gabka","created":1530209074,"stickied":false},{"id":"t1_e1glnxq","created":1530218528,"stickied":false},{"id":"t1_e1gltjm","created":1530218664,"stickied":false},{"id":"t1_e1gnmo9","created":1530220245,"stickied":false},{"id":"t1_e1gstoc","created":1530225059,"stickied":false},{"id":"t1_e1gsxqw","created":1530225172,"stickied":false},{"id":"t1_e1gszvy","created":1530225230,"stickied":false},{"id":"t1_e1hfl8i","created":1530250782,"stickied":false},{"id":"t1_e1hkt12","created":1530260091,"stickied":false},{"id":"t1_e1i46ha","created":1530286711,"stickied":false}]},"keyToCommentThreadLinkSets":{"commentsPage--[post:'t3_8uk2au']":{"t1_e1gsxqw":{"depth":1,"next":{"type":"continueThread","id":"continueThread-t1_e1gsxqw"},"prev":{"type":"comment","id":"t1_e1hfl8i"}},"t1_e1g2tfd":{"depth":0,"next":{"type":"comment","id":"t1_e1glnxq"},"prev":{"type":"comment","id":"t1_e1gnmo9"}},"t1_e1gstoc":{"depth":1,"next":{"type":"comment","id":"t1_e1g73wo"},"prev":{"type":"continueThread","id":"continueThread-t1_e1gabka"}},"t1_e1g6knf":{"depth":1,"next":{"type":"comment","id":"t1_e1gltjm"},"prev":{"type":"comment","id":"t1_e1g6jnr"}},"t1_e1gszvy":{"depth":1,"next":{"type":"continueThread","id":"continueThread-t1_e1gszvy"},"prev":{"type":"comment","id":"t1_e1g73wo"}},"t1_e1hkt12":{"depth":0,"next":{"type":"comment","id":"t1_e1i46ha"},"prev":{"type":"continueThread","id":"continueThread-t1_e1gszvy"}},"t1_e1glnxq":{"depth":1,"next":{"type":"comment","id":"t1_e1g152d"},"prev":{"type":"comment","id":"t1_e1g2tfd"}},"t1_e1i46ha":{"depth":1,"next":null,"prev":{"type":"comment","id":"t1_e1hkt12"}},"t1_e1gltjm":{"depth":0,"next":{"type":"comment","id":"t1_e1hfl8i"},"prev":{"type":"comment","id":"t1_e1g6knf"}},"t1_e1gabka":{"depth":1,"next":{"type":"continueThread","id":"continueThread-t1_e1gabka"},"prev":{"type":"comment","id":"t1_e1g152d"}},"t1_e1g152d":{"depth":0,"next":{"type":"comment","id":"t1_e1gabka"},"prev":{"type":"comment","id":"t1_e1glnxq"}},"t1_e1g73wo":{"depth":0,"next":{"type":"comment","id":"t1_e1gszvy"},"prev":{"type":"comment","id":"t1_e1gstoc"}},"t1_e1g6jnr":{"depth":0,"next":{"type":"comment","id":"t1_e1g6knf"},"prev":null},"t1_e1gnmo9":{"depth":0,"next":{"type":"comment","id":"t1_e1g2tfd"},"prev":{"type":"continueThread","id":"continueThread-t1_e1gsxqw"}},"t1_e1hfl8i":{"depth":1,"next":{"type":"comment","id":"t1_e1gsxqw"},"prev":{"type":"comment","id":"t1_e1gltjm"}},"continueThread-t1_e1gsxqw":{"depth":2,"next":{"type":"comment","id":"t1_e1gnmo9"},"prev":{"type":"comment","id":"t1_e1gsxqw"}},"continueThread-t1_e1gszvy":{"depth":2,"next":{"type":"comment","id":"t1_e1hkt12"},"prev":{"type":"comment","id":"t1_e1gszvy"}},"continueThread-t1_e1gabka":{"depth":2,"next":{"type":"comment","id":"t1_e1gstoc"},"prev":{"type":"comment","id":"t1_e1gabka"}}}},"keyToHeadCommentId":{"commentsPage--[post:'t3_8uk2au']":"t1_e1g6jnr"},"keyToPostId":{"commentsPage--[post:'t3_8uk2au']":"t3_8uk2au"},"ads":[]},"contentGate":{},"continueThreads":{"models":{"continueThread-t1_e1gsxqw":{"postId":"t3_8uk2au","next":{"type":"comment","id":"t1_e1gnmo9"},"depth":2,"parentId":"t1_e1gsxqw","prev":{"type":"comment","id":"t1_e1gsxqw"},"id":"continueThread-t1_e1gsxqw"},"continueThread-t1_e1gszvy":{"postId":"t3_8uk2au","next":{"type":"comment","id":"t1_e1hkt12"},"depth":2,"parentId":"t1_e1gszvy","prev":{"type":"comment","id":"t1_e1gszvy"},"id":"continueThread-t1_e1gszvy"},"continueThread-t1_e1gabka":{"postId":"t3_8uk2au","next":{"type":"comment","id":"t1_e1gstoc"},"depth":2,"parentId":"t1_e1gabka","prev":{"type":"comment","id":"t1_e1gabka"},"id":"continueThread-t1_e1gabka"}}},"creations":{"api":{"collection":{"createOrUpdate":{"error":null,"pending":false}},"draft":{"deleteDraft":{"error":{},"pending":{}},"listing":{"error":null,"pending":false},"save":{"error":{"apiError":null,"needsCaptcha":false,"validationError":null,"submitValidationError":null},"pending":false}},"editor":{"converting":{"pending":{}},"mediaUpload":{"error":null,"pending":false}},"page":{"error":{},"fetched":{},"pending":{}},"post":{"submit":{"error":{"apiError":null,"needsCaptcha":false,"validationError":null,"submitValidationError":null},"pending":false},"update":{"error":null,"pending":false}},"subreddit":{"change":{"error":null,"pending":false}}},"drafts":{},"formData":{"body":{"link":"","markdown":"","media":null,"rte":{"isBound":false,"editorKey":"31c92e","initialRTJSON":{"document":[]}}},"eventSchedule":null,"flair":null,"govType":null,"isChatPost":false,"isNSFW":false,"isOC":false,"isPoll":false,"isPublicLink":false,"isSpoiler":false,"newSubreddit":"","newTopMod":"","nextSubreddit":null,"ocCategory":null,"postToTwitter":false,"polls":null,"recaptcha":"","sendReplies":true,"submissionType":"post","title":""},"formState":{"fieldValidation":{"title":null,"body":null,"link":null,"flair":null},"isChanged":false,"modalId":null,"ocCategory":null,"submitMode":0},"postEditing":{"draft":{"markdown":"","rte":{"isBound":false,"editorKey":"4b3196","initialRTJSON":{"document":[]}}},"editorMode":"richtext","postId":null}},"dashboard":{"selectedComponent":null,"subredditPending":false,"subredditLoaded":{}},"discoveryUnits":{"api":{"list":{"error":null,"loaded":true,"pending":false}},"models":{"xd_66":{"enabled":true,"id":"xd_66","layout":"large","parameters":{"sort":"hot"},"surface":"explore","unitName":"posts_in_category_rails_hero","unitType":"listing","url":"/api/posts_in_category.json"},"xd_67":{"enabled":true,"id":"xd_67","layout":"large","surface":"explore","unitName":"posts_in_subreddit_hero","unitType":"listing","url":"/r/%{subredditName}/hot.json"},"xd_68":{"enabled":true,"id":"xd_68","layout":"large","parameters":{"sort":"hot"},"surface":"explore","unitName":"posts_in_category_rails_small","unitType":"listing","url":"/api/posts_in_category.json"},"xd_69":{"enabled":true,"id":"xd_69","layout":"large","surface":"explore","unitName":"posts_in_subreddit_small","unitType":"listing","url":"/r/%{subredditName}/hot.json"},"xd_70":{"enabled":true,"id":"xd_70","layout":"large","surface":"search","unitName":"search_posts","unitType":"community_category","url":"/api/posts_in_category.json"},"xd_71":{"enabled":true,"id":"xd_71","layout":"large","surface":"search","unitName":"search_subreddits","unitType":"community_category","url":"/api/subreddits_in_category.json"},"xd_72":{"enabled":true,"id":"xd_72","layout":"large","surface":"subreddit_listing","unitName":"community_banner_posts","unitType":"subreddit_listing","url":"/r/%{subredditName}/top.json"},"xd_83":{"enabled":true,"id":"xd_83","layout":"large","surface":"subreddit_listing","unitName":"best_of_community","unitType":"subreddit_listing","url":"/r/%{subredditName}/top.json"},"xd_88":{"enabled":true,"id":"xd_88","layout":"large","surface":"front_page","title":"Similar communities to %{subredditName}","unitName":"chaining_similar_subreddits_posts","unitType":"listing"},"xd_89":{"enabled":true,"id":"xd_89","layout":"large","surface":"front_page","title":"Mildy similar posts","unitName":"chaining_similar_posts","unitType":"listing"},"xd_90":{"enabled":true,"id":"xd_90","layout":"large","surface":"comments","title":"Posts in subreddit %{subredditName}","unitName":"posts_in_subreddit_vertical","unitType":"listing"},"xd_91":{"enabled":true,"id":"xd_91","layout":"large","surface":"comments","title":"Posts in recommended home","unitName":"posts_in_rec_home","unitType":"listing"}},"nameToId":{"posts_in_category_rails_hero":"xd_66","posts_in_subreddit_hero":"xd_67","posts_in_category_rails_small":"xd_68","posts_in_subreddit_small":"xd_69","search_posts":"xd_70","search_subreddits":"xd_71","community_banner_posts":"xd_72","best_of_community":"xd_83","chaining_similar_subreddits_posts":"xd_88","chaining_similar_posts":"xd_89","posts_in_subreddit_vertical":"xd_90","posts_in_rec_home":"xd_91"}},"economics":{"currentBadgeManagementScreen":{"badgeType":"cosmetic","view":"gallery"},"currentModalArgs":null,"currentPaymentTarget":null,"emotes":{},"ftue":{"tippingHighlightViewed":null,"topTippersViewed":null},"paymentSystems":{"status":2},"specialMemberships":{"allSubscriptionsFetched":false,"data":{}},"subredditPremium":{},"tipDetails":{}},"emojis":{"api":{"list":{"pending":{}}},"models":{}},"externalAccount":{"api":{"connect":{"error":{},"pending":{}},"disconnect":{"error":{},"pending":{}},"user":{"error":{},"pending":{}},"subreddit":{"error":{},"fetched":{},"pending":{}}},"user":{},"subreddit":{}},"featureFlags":{"overrides":{"introModal":null,"markdownMode":null,"modQueue":null,"spBadges":null,"spCommunityTipJar":null,"spEmotes":null,"spFavoriteCreators":null,"spGovPolls":null,"spHarberger":null,"spLeaderboard":null,"spLoadtest":null,"spPoints":null,"spPolls":null,"spPremium":null,"spPremiumSubscriptions":null,"spPremiumUpsells":null,"spPublicPoints":null,"spSpinoffs":null,"spSupport":null,"spTopTippers":null,"communityTopics":null,"adminCommunityTopics":null,"events":null,"collections":null,"rteVideoPoster":null,"userSeenSubredditChatFtux":null,"userInChat":null,"userInSubredditChat":null,"userInChatUserSettings":null,"devAndStagingWatermark":null,"fpsMeter":null,"rabbitHole":null,"measureScrollFPS":null,"showVerboseErrors":null,"uappBanner":null,"canProxyGild":null,"experiments":null,"enableGraphQl":null,"importExportThemes":null,"flairRestrictions":null,"spezModal":null,"superbOwl":null,"enableShadowMode":null,"useGraphQLInFrontpage":null,"wikiEditing":null,"pushNotificationsBrowserSupported":null,"enableCrowdControlMode":null,"customFeeds":null,"snoovatar30":null,"isEmailPermissionRequired":null,"__requiredDoNotRemove":null}},"flairedUsers":{"api":{"error":null,"pending":false},"models":{},"pageInfo":{},"search":{"api":{"error":null,"pending":false},"result":null},"userOrder":{}},"fontFiles":[{"family":"IBMPlexSans","weight":700,"style":"normal","woffUrl":"fonts/IBMPlexSans/Bold-c34ba754b7235b49d33b294ff7a54179.woff","woff2Url":"fonts/IBMPlexSans/Bold-875de5047556e7c822519d95d7ee692d.woff2"},{"family":"IBMPlexSans","weight":500,"style":"normal","woffUrl":"fonts/IBMPlexSans/Medium-1051a531d3e1ee3483a6533158557139.woff","woff2Url":"fonts/IBMPlexSans/Medium-c4b185e25a4dde85a29f902cd5ce5360.woff2"},{"family":"IBMPlexSans","weight":400,"style":"normal","woffUrl":"fonts/IBMPlexSans/Regular-e6bbcdd30d3bd4d6b170bcb6d3552cab.woff","woff2Url":"fonts/IBMPlexSans/Regular-116bb6d508f5307861d3b1269bc597e7.woff2"},{"family":"Noto Mono","weight":400,"style":"normal","woffUrl":"fonts/NotoMono/Regular-e6bbcdd30d3bd4d6b170bcb6d3552cab.woff","woff2Url":"fonts/NotoMono/Regular-b16bb0524a7e7ee597970333c0c67180.woff2"},{"family":"Noto Mono","weight":400,"style":"normal","woffUrl":"fonts/NotoMono/el-Regular-06ee3f893717454d11a16c3e8d0aa9f9.woff","woff2Url":"fonts/NotoMono/el-Regular-29d72243d2cd6145b28bcb80dc33f0e4.woff2"},{"family":"Noto Sans","weight":700,"style":"italic","woffUrl":"fonts/NotoSans/Bold-Italic-255b4934a1f414dd312aa89382d65114.woff","woff2Url":"fonts/NotoSans/Bold-Italic-be39cd37f002d25d500c67b88871bed4.woff2"},{"family":"Noto Sans","weight":700,"style":"normal","woffUrl":"fonts/NotoSans/Bold-c34ba754b7235b49d33b294ff7a54179.woff","woff2Url":"fonts/NotoSans/Bold-d4ba4ecba17e90993f442f7bb082a3a2.woff2"},{"family":"Noto Sans","weight":400,"style":"normal","woffUrl":"fonts/NotoSans/Regular-e6bbcdd30d3bd4d6b170bcb6d3552cab.woff","woff2Url":"fonts/NotoSans/Regular-d6a6aa8dc0f93416a832ea04a18c6fb8.woff2"},{"family":"Noto Sans","weight":700,"style":"italic","woffUrl":"fonts/OldNotoSans/Bold-Italic-255b4934a1f414dd312aa89382d65114.woff","woff2Url":"fonts/OldNotoSans/Bold-Italic-5a241c76c24e463ef9bcc5855d20209b.woff2"},{"family":"Noto Sans","weight":700,"style":"normal","woffUrl":"fonts/OldNotoSans/Bold-c34ba754b7235b49d33b294ff7a54179.woff","woff2Url":"fonts/OldNotoSans/Bold-b85bf848c28799f5ad34ee29db68051c.woff2"},{"family":"Noto Sans","weight":400,"style":"normal","woffUrl":"fonts/OldNotoSans/Regular-e6bbcdd30d3bd4d6b170bcb6d3552cab.woff","woff2Url":"fonts/OldNotoSans/Regular-e50c34178d20d5fa4ab3c1f6c67901a9.woff2"}],"gild":{"api":{"error":null,"pending":false,"showLoader":false},"gildModalThingId":null,"includeMessage":false,"isAnonymous":false,"isIframed":false,"message":"","selectedAward":{"awardType":"GLOBAL","coinPrice":500,"coinReward":100,"description":"","daysOfDripExtension":0,"icon":{"url":"https://www.redditstatic.com/desktop2x/img/gold/badges/award-gold-medium.png?v=2"},"id":"gid_2","isEnabled":true,"name":"Gold","daysOfPremium":7}},"goldPurchase":{"coinPurchaseModal":{"activePage":"selectPayment","gildThingId":null,"purchasePackage":null,"showModal":false},"payment":{"cardName":"","cardValidation":{"cardCvc":"","cardExpiry":"","cardNumber":"","nameOnCard":"","postalCode":""},"paymentMethod":"paypal","paypal":{"errorMessage":null,"passthrough":""},"rememberCard":true,"savedCards":[],"savedCardsPending":false,"stripeToken":{"errorMessage":null,"pending":false},"useSavedCard":null},"premiumPurchaseModal":{"activePage":"selectPayment","showModal":false},"updateCardModal":{"pending":false}},"header":{"isSubscriptionsDropdownOpen":false},"imageUploads":{},"isEmailVerificationTooltipShowing":true,"isModeratorWithPostPerms":false,"jsApi":[],"leaderboard":{"api":{"error":{},"pending":{}},"dateRangeSelection":{},"models":{}},"listings":{"activeKey":"","listingOrder":{"api":{"error":{},"pending":{}},"identifiers":{},"ids":{},"fetchedTokens":{},"loadMore":{}},"postOrder":{"api":{"error":{},"pending":{}},"endMarkers":{},"fetchedTokens":{},"ids":{},"listingSort":{},"loadMore":{}}},"live":{"featured":null,"isFrontpageLoaded":false},"mediaPlayback":{"isMuted":true,"volume":1},"meta":{"isBot":false,"isSessionSeo":false,"userAgent":"Mozilla/5.0 (Windows NT 10.0; Win64; x64) AppleWebKit/537.36 (KHTML, like Gecko) Chrome/75.0.3770.142 Safari/537.36","country":"US","domain":"www.reddit.com","protocol":"https","sessionReferrerDomain":"","method":"GET","pageloadServerTime":1564652520388},"moderatingSubreddits":{},"moderationLog":{"actions":{"itemOrder":{},"models":{}},"endCursor":null,"hasNextPage":{},"hasPreviousPage":{},"moderators":[],"startCursor":null},"moderators":{"editableModerators":{},"editableUserOrder":{"data":{},"api":{"error":{},"pending":{}}},"invitedModerators":{"api":{"error":null,"pending":false},"models":{},"userOrder":{}},"invitePending":{},"loadMoreModerators":{},"loadMoreEditableModerators":{},"models":{},"search":{"api":{"error":null,"pending":false},"result":null},"userOrder":{"data":{},"api":{"error":{},"pending":{}}}},"modListingPage":{"filteredSubreddits":{"api":{"error":null,"pending":false},"names":[]}},"modModeEnabled":true,"modQueue":{"bulkAction":{"api":{"error":null,"pending":false},"selectedItems":{},"undoLastAction":{}},"edited":{"api":{"error":null,"pending":false},"itemOrder":{},"loadMore":{}},"moderatedCommunitiesOrder":{"after":null,"data":[],"loaded":false,"pending":false},"modqueue":{"api":{"error":null,"pending":false},"itemOrder":{},"loadMore":{}},"reports":{"api":{"error":null,"pending":false},"itemOrder":{},"loadMore":{}},"spam":{"api":{"error":null,"pending":false},"itemOrder":{},"loadMore":{}},"unmoderated":{"api":{"error":null,"pending":false},"itemOrder":{},"loadMore":{}}},"moreComments":{"api":{"error":{},"pending":{}},"models":{}},"multireddits":{"api":{"addSubreddit":{"error":null,"fetched":false,"pending":null},"create":{"error":null,"fetched":false,"pending":false},"deleteMulti":{"error":null,"fetched":false,"pending":false},"duplicate":{"error":null,"fetched":false,"pending":false},"edit":{"error":null,"fetched":false,"pending":false},"forUser":{"fetched":false,"pending":false},"recommendations":{"error":null,"fetched":false,"pending":true},"removeSubreddit":{"error":null,"fetched":false,"pending":null}},"byUserId":{},"models":{},"recommendations":{}},"muted":{"api":{"error":null,"pending":{}},"fetchedTokens":{},"inContext":null,"loadMore":{},"models":{},"search":{"api":{"error":null,"pending":false},"result":null},"userOrder":{}},"notificationBannerId":null,"nps":{"pending":false,"success":false},"oldSiteRules":[],"originalContent":{"bestPosts":{"api":{"error":{},"pending":{}}},"categories":{"api":{"error":null,"pending":false},"models":{}},"topCommunities":{"api":{"error":{},"pending":{}}},"topCreators":{"api":{"error":{},"pending":{}}}},"partnerSubredditConnection":{"api":{"page":{"error":{},"fetched":{},"pending":{}}}},"platform":{"allowNavigationCallback":null,"currentPage":{"key":"/r/vmware/comments/8uk2au/vxrail_feedback/","meta":{"name":"comments"},"queryParams":{},"routeMatch":{"match":{"path":"/:routePrefix(r)/:subredditName/comments/:partialPostId/:urlSafePostTitle?","url":"/r/vmware/comments/8uk2au/vxrail_feedback/","isExact":true,"params":{"routePrefix":"r","subredditName":"vmware","partialPostId":"8uk2au","urlSafePostTitle":"vxrail_feedback"},"queryParams":{}},"route":{"path":"/:routePrefix(r)/:subredditName/comments/:partialPostId/:urlSafePostTitle?","chunk":"CommentsPage","exact":true,"meta":{"name":"comments"},"prefetches":["Frontpage","Subreddit"]}},"status":200,"url":"/r/vmware/comments/8uk2au/vxrail_feedback/","urlParams":{"routePrefix":"r","subredditName":"vmware","partialPostId":"8uk2au","urlSafePostTitle":"vxrail_feedback"},"isRobotIndexable":true},"lastPage":null,"referrers":{},"sessionReferrer":null,"metas":{"/r/vmware/comments/8uk2au/vxrail_feedback/":{"title":"VXRail Feedback : vmware"}}},"postCollection":{"models":{},"subredditToIds":{},"api":{"error":{"reorderError":null,"updateDescriptionError":null,"updateLayoutError":null},"pending":{"reorderPending":false,"updateDescriptionPending":false,"updateLayoutPending":false}}},"polls":{"api":{"voting":{"error":{},"pending":{}}},"models":{},"results":{"byLockedVotingPower":{},"byVoters":{},"byVotingPower":{}},"rewards":{}},"postFlair":{"t5_2qnan":{"displaySettings":{"position":null,"isEnabled":false},"permissions":{"canAssignOwn":false},"templateIds":[],"templates":{}}},"posts":{"bestOCPosts":{},"chained":{"dismissed":false,"dismissedIdToListingKey":{},"idToListingKey":{}},"embedAndImage":{"loadable":{}},"expanded":{},"focus":null,"instances":{},"metaMap":{},"models":{"t3_8uk2au":{"domain":"self.vmware","isCrosspostable":false,"isMeta":false,"isStickied":false,"domainOverride":null,"callToAction":null,"eventsOnRender":[],"isScoreHidden":false,"saved":false,"numComments":21,"upvoteRatio":0.75,"author":"haaarlem","postCategories":null,"media":{"obfuscated":null,"richtextContent":{"document":[{"c":[{"e":"text","t":"Hi All,"}],"e":"par"},{"c":[{"e":"text","t":"I've got a cluster with 3 x Dell R720's running dual E5-2670's and 256GB RAM each along with a 10Gbe EQL 5110 with a tier of 24 x SSD and a tier of 24 x SAS. The kit's now 5 years old and coming to end of Pro Support so we're looking to upgrade / move on. Capacity / speed has been great and we haven't outgrown the equipment, nor do we perceive we will for the forseeable future."}],"e":"par"},{"c":[{"e":"text","t":"Speaking to my Dell account manager they're heavily pushing HCI and in particular, VXRail. They've quoted me some E560's with Xeon 4110's, 384GB RAM, 2 x 800GB NVME cache along with 8 x 2.4TB 10k SAS capacity drives."}],"e":"par"},{"c":[{"e":"text","t":"I'm seekingany real world feedback with using HCI with 3 hosts and in particular, VXRail. I'm pretty nervous about the whole HCI piece given we're only looking at 3 hosts as I can't justify the expense of another server as the HCI solution is already more expensive than a 'traditional' setup."}],"e":"par"}]},"type":"rtjson","rteMode":"richtext","mediaMetadata":null},"numCrossposts":0,"isSponsored":false,"id":"t3_8uk2au","contentCategories":null,"source":null,"isLocked":false,"score":4,"isSpoiler":false,"isArchived":true,"contestMode":false,"liveCommentsWebsocket":"wss://ws-0c98e94b522a22fb2.wss.redditmedia.com/link/8uk2au?m=AQAAaAVEXRBNvk0QyvpUe2GZI8cWL7j4epoDLJ7Skv2MBTnE02WX","thumbnail":{"url":"self","width":null,"height":null},"belongsTo":{"type":"subreddit","id":"t5_2qnan"},"crosspostRootId":null,"crosspostParentId":null,"sendReplies":true,"goldCount":0,"gildings":null,"authorId":"t2_gtdh4","isNSFW":false,"isMediaOnly":false,"postId":"t3_8uk2au","suggestedSort":null,"hidden":false,"viewCount":0,"permalink":"https://www.reddit.com/r/vmware/comments/8uk2au/vxrail_feedback/","created":1530197125000,"title":"VXRail Feedback","events":[],"isOriginalContent":false,"distinguishType":null,"discussionType":null,"voteState":0,"flair":[],"isBlank":false,"numDuplicates":0}},"recent":[],"video":{"autoPlayed":{},"buffering":{},"consumed":{},"continuousViewStartedAt":{},"fullscreen":null,"loadable":{},"loadTimes":{},"metadata":{},"paused":{},"playing":{},"started":{},"time":{}}},"postStickiedComments":{"data":{}},"givePremium":{"api":{"error":null,"pending":false},"givePremiumModalAccountName":""},"products":{"api":{"fetch":{"error":{},"pending":{}},"purchase":{"error":{},"pending":{}}},"currentlyPurchasing":null,"models":{}},"profileCommentsPage":{"api":{"error":{},"pending":{}},"endMarkers":{},"fetchedTokens":{},"commentIds":{},"loadMore":{}},"profilePrivatePage":{"api":{"error":{},"pending":{}},"ids":{},"pageInfo":{}},"profileModSettingsPage":{"api":{"pending":true}},"profileOverviewPage":{"chrono":{"api":{"error":{},"pending":{}},"fetchedTokens":{},"ids":{},"loadMore":{}},"conversations":{"api":{"error":{},"pending":{}},"extraComments":{"api":{"error":{},"pending":{}},"models":{}},"keyToCommentThreadLinkSets":{},"keyToHeadCommentId":{},"keyToPostId":{}}},"profilePostsPage":{},"profiles":{"about":{},"models":{},"moderated":{"api":{"pending":{}},"models":{},"pageInfo":{}},"multireddits":{"api":{"pending":{}},"pageInfo":{}},"pinnedPosts":{"data":{},"initialData":{},"pending":{}},"trophyCases":{}},"providerFlair":{"models":{"t5_2qnan":{"chicaneuk":null,"the-dipolarspazoid":null,"hulagalula":null,"pctechyoda":null,"palironsat":null,"Bing_It_Bitches":null,"haaarlem":null,"UncleHoboBill":null,"OperationMobocracy":null}}},"promos":{"mobilePromoBanner":false,"upsellSignUpBannerLarge":false,"upsellSignUpBannerMedium":false,"upsellSignUpBannerSmall":null},"recommendations":{},"removalReasons":{"api":{"error":null,"pending":false},"models":{},"reasonOrder":{},"removedItemIds":null},"reportFlow":{"api":{"error":{},"pending":{},"success":{}},"openedFromModalPage":false,"postOrCommentId":null,"userIsMod":false},"reportPage":{"reportPageApi":{"error":null,"pending":false,"success":false},"reportPageRules":[]},"requestHost":"www.reddit.com","runTimeEnvVars":{"staging":false,"startTimeInMillis":1564651984484},"search":{"relatedQueries":{},"searchQuery":null,"typeahead":{"idsByQuery":{},"models":{}},"viewTreatment":{}},"searchDiscoveryUnits":{"headerContent":{},"models":{},"order":{}},"seo":{"crawler":null,"linksModule":{}},"shortcuts":{"activeCommentId":null,"activePostId":"t3_8uk2au","namespace":"CommentPage"},"sidebarPromotedPosts":{"firstFetch":false,"models":{}},"sitewideRules":[],"structuredStyles":{"draft":{},"exportStyles":{"error":null,"pending":false},"flairTemplate":{"models":{}},"imagePreviews":{},"isBladeEditorDirty":false,"isEditing":null,"models":{"t5_2qnan":{"menuBackgroundBlur":null,"menuLinkColorInactive":null,"menuLinkColorHover":null,"bannerCommunityNameFormat":null,"postUpvoteIconInactive":null,"highlightColor":null,"menuBackgroundOpacity":null,"postUpvoteCountColor":null,"bannerHeight":null,"postBackgroundColor":null,"mobileBannerImage":null,"bannerOverlayColor":null,"bannerCommunityName":null,"postDownvoteIconActive":null,"postUpvoteIconActive":null,"menuBackgroundColor":null,"postBackgroundImagePosition":null,"backgroundImage":null,"bannerBackgroundImagePosition":null,"backgroundColor":null,"submenuBackgroundStyle":null,"backgroundImagePosition":null,"bannerShowCommunityIcon":null,"bannerBackgroundColor":null,"submenuBackgroundColor":null,"sidebarWidgetHeaderColor":null,"bannerPositionedImagePosition":null,"bannerBackgroundImage":null,"postDownvoteCountColor":null,"postPlaceholderImagePosition":null,"postDownvoteIconInactive":null,"primaryColor":null,"sidebarWidgetBackgroundColor":null,"mobileKeyColor":null,"menuPosition":null,"postVoteIcons":null,"menuLinkColorActive":null,"bannerPositionedImage":null,"secondaryBannerPositionedImage":null,"menuBackgroundImage":null,"postBackgroundImage":null,"postPlaceholderImage":null,"communityIcon":null,"postTitleColor":null}}},"stylesheets":"https://www.redditstatic.com/desktop2x/chunkCSS/Reddit.44c4e6e827a82a16994e.css","subredditAutocomplete":{"api":{"error":{},"pending":{}},"models":{}},"subredditChannels":{"api":{"error":{},"pending":{},"whitelist":{}},"models":{},"selected":null},"subreddits":{"about":{"t5_2qnan":{"contentCategory":"","publicDescription":"The un-official VMware Reddit.","hasExternalAccount":false,"userIsSubscriber":null,"accountsActive":172,"advertiserCategory":"","allOriginalContent":false,"restrictCommenting":false,"showMedia":true,"restrictPosting":true,"subscribers":75049,"allowedPostTypes":{"images":true,"text":true,"videos":true,"links":true,"spoilers":true},"usingNewModmail":false,"emojisEnabled":false,"disableContributorRequests":false,"userIsContributor":null,"originalContentTagEnabled":false}},"api":{"about":{"error":{},"pending":false},"connectToPartner":{"error":null,"lastConnectedSubredditId":null,"pending":false},"create":{"error":{"apiError":null},"lastCreatedSubredditId":null,"pending":false},"rankings":{"error":null,"pending":false},"rules":false,"similar":{"pending":{}},"topContent":{"error":{},"pending":{}},"wiki":{"error":{},"pending":{}}},"appliedFilters":{"meta":{}},"byCategory":{},"communityInfo":{},"crosspostable":{"api":{"errors":null,"pending":false},"ids":{}},"duplicates":{"models":{}},"gov":{"assets":{},"communityJar":{},"distributions":{},"meta":{},"releaseNotes":{}},"models":{"t5_2qnan":{"whitelistStatus":"all_ads","isNSFW":false,"subscribers":75049,"primaryColor":"","id":"t5_2qnan","icon":{"url":"https://b.thumbs.redditmedia.com/TmmDGDmuqkyMuX0K6W07_d8xprk-a38Jozp1ad82k7w.png","width":256,"height":256},"isQuarantined":false,"name":"vmware","title":"VMware: virtually anything is possible","url":"/r/vmware/","wls":6,"freeFormReports":true,"displayText":"r/vmware","type":"public","communityIcon":""}},"moderated":{"api":{"errors":null,"fetched":false,"pending":false},"order":null},"original":[],"products":{},"rankings":{},"rankingsPageInfo":{},"rules":{},"settings":{},"similar":{},"subredditWiki":{"diff":{},"directory":{},"pages":{},"pageSettings":{},"revisions":{"api":{"error":{},"pending":{}},"listings":{},"models":{}}},"top":{},"topContent":{},"trending":[]},"subredditSettings":{"postRequirements":{"formState":{"isLoading":true,"isSaving":false,"hasFormError":false,"serverError":null,"titleStrings":{"isToggled":false,"strings":[]},"titleRegEx":{"isToggled":false,"regex":[]},"titleLength":{"isToggled":false,"min":null,"max":null},"postLength":{"isToggled":false,"min":null,"max":null},"postingGuidelines":{"requirement":"none","guidelines":null},"postBodyRequirement":"none","linkListPermission":"none","linkDomain":{"whitelist":[],"blacklist":[]},"reposts":{"isToggled":false,"days":null},"flair":{"isToggled":false}},"formErrors":{"titleRegEx":{"regex":null},"titleStrings":{"strings":null},"titleLength":{"min":null,"max":null},"postLength":{"min":null,"max":null},"postingGuidelines":{"guidelines":null},"postBodyRequirement":{"requirement":null},"linkListPermission":{"permission":null},"linkDomain":{"whitelist":null,"blacklist":null},"reposts":{"days":null}},"initialData":null},"requirementsBySubreddit":{}},"subredditStickyPosts":{"data":{}},"subscriptions":{"api":{"errors":null,"fetched":false,"pending":false},"favoriteMultiOrder":[],"favoriteProfileOrder":[],"favoriteSubredditOrder":[],"multiredditOrder":[],"profileOrder":[],"subredditOrder":[]},"tags":{"api":{"create":{"pending":false,"error":false},"deleteTag":{"pending":false,"error":false},"fetch":{"pending":false,"error":false},"update":{"pending":false,"error":false}},"availableGlobalTagOrder":{"global":[],"recommendedGlobal":[]},"models":{"globalSubredditTags":{},"subredditScopedTags":{},"itemTags":{},"suggestedItemTags":{},"sortedItemTags":{}},"selected":{"selectedOptions":{},"selectedSuggestedOptions":{},"deselectedOptions":{},"deselectedSuggestedOptions":{},"inputByItemId":{},"suggestedInputByItemId":{}}},"themes":{},"toaster":[],"tooltipId":null,"tracking":{"viewportDataLoaded":{}},"trafficStats":{"pending":false,"trafficStats":null},"transfers":{"communityPoints":{"api":{"error":null,"pending":false},"contentId":null,"initialRecipient":""}},"trending":{"models":[]},"trophies":{},"uploads":{},"user":{"account":null,"accountSettings":{"changeEmail":{"api":{"error":null,"pending":false}},"resetPassword":{"api":{"pending":false}},"sendResetEmail":{"api":{"pending":false,"emailSent":false}}},"blocked":{"api":{},"data":[]},"chatSettings":{"invitePolicy":"Everyone"},"drafts":null,"experiments":{"models":[{"id":207,"name":"android_email_digest_copy","variant":"treatment_1","version":"8"},{"id":328,"name":"android_graphql_all_feed_5","variant":"enabled","version":"1"},{"id":326,"name":"android_graphql_popular_feed_6","variant":"enabled","version":"1"},{"id":184,"name":"android_max_video_bitrate","variant":"2_0_mbps","version":"4"},{"id":62,"name":"best_sort_explore_batch","variant":"best_sort_explore_enabled","version":"5"},{"id":196,"name":"channels_subscriber_limit","variant":"no_limit","version":"7"},{"id":206,"name":"chat_posts_android_2","variant":"live_commenting","version":"4"},{"id":210,"name":"chat_posts_android_2_features","variant":"true","version":"7"},{"id":127,"name":"d2x_graphql_home_feed","variant":"gql_home_feed","version":"21"},{"id":272,"name":"desktop_post_cleanup_frontpage","variant":"new_outline","version":"4"},{"id":69,"name":"desktop_seo_post_test_v1","variant":"listing_on_bottom","version":"10"},{"id":164,"name":"desktop_seo_post_v2_truncate","variant":"both","version":"3"},{"id":58,"name":"dn_perms_current_pre_prompt","variant":"dark_system_dialogue","version":"9"},{"id":263,"name":"email_collection_v1","variant":"tooltip","version":"6"},{"id":226,"name":"email_digest_frequency","variant":"control_1","version":"4"},{"id":177,"name":"email_permissions","variant":"treatment_1","version":"5"},{"id":106,"name":"email_verification_banner","variant":"tooltip","version":"3"},{"id":285,"name":"hide_best_of_community","variant":"control_1","version":"2"},{"id":265,"name":"ios_email_permissions","variant":"treatment_1","version":"4"},{"id":310,"name":"ios_graphql_home_feed_3","variant":"enabled","version":"1"},{"id":311,"name":"ios_graphql_popular_feed_2","variant":"enabled","version":"1"},{"id":325,"name":"ios_graphql_post_feeds_1","variant":"enabled","version":"1"},{"id":245,"name":"ios_post_collections_v2","variant":"enabled","version":"1"},{"id":315,"name":"ios_screenshot_share","variant":"toast","version":"2"},{"id":72,"name":"ios_wkwebview_youtube_rollout","variant":"enabled","version":"5"},{"id":86,"name":"jerome_test","variant":"0_3_50_unmetered","version":"12"},{"id":50,"name":"lnl_vs_best_vs_explore_exploit","variant":"best_sort","version":"33"},{"id":57,"name":"logged_in_transactional_dn_test","variant":"treatment","version":"5"},{"id":98,"name":"logged_in_trending_dns_2","variant":"trending_only","version":"5"},{"id":137,"name":"logged_out_pn_personalization","variant":"expanded_best_sort_tos","version":"15"},{"id":104,"name":"logged_out_trending_dns","variant":"enabled","version":"9"},{"id":155,"name":"logged_out_weighted_tos_notification","variant":"best_sort_tos_boosting_5","version":"7"},{"id":257,"name":"low_karma_rate_limit","variant":"control_1","version":"4"},{"id":120,"name":"manual_sr_recommendations","variant":"direct_tos","version":"5"},{"id":194,"name":"meta_features","variant":"true","version":"3"},{"id":212,"name":"new_media_transitions","variant":"enabled","version":"3"},{"id":90,"name":"non_personalized_notification_frequency","variant":"two_per_day","version":"8"},{"id":158,"name":"pn_sub_fallback","variant":"best_sort_fallback","version":"4"},{"id":47,"name":"popular_re_sort","variant":"linear_regression_v2_60","version":"23"},{"id":140,"name":"post_view_consume_killswitch","variant":"false","version":"2"},{"id":79,"name":"rails_search_results_redesign","variant":"treatment_1","version":"9"},{"id":169,"name":"redesign_feed_chaining_logged_in","variant":"factorization_similar","version":"14"},{"id":170,"name":"redesign_feed_chaining_logged_out","variant":"factorization_similar","version":"15"},{"id":43,"name":"redesign_go_to_home","variant":"home_after_0","version":"7"},{"id":83,"name":"related_queries_rollout","variant":"active","version":"9"},{"id":329,"name":"subreddit_recommendation_tod","variant":"control_1","version":"1"},{"id":331,"name":"subs_tos_intersection","variant":"subs_tos_intersection","version":"1"},{"id":78,"name":"time_on_subreddit_push_notifications","variant":"expanded_best_sort","version":"12"},{"id":63,"name":"trending_dropdown_redesign","variant":"treatment_1","version":"9"},{"id":81,"name":"trending_entrypoint_redesign","variant":"treatment_1","version":"7"},{"id":48,"name":"typeahead_redesign","variant":"treatment_1","version":"4"},{"id":153,"name":"weighted_random_tos_notification","variant":"best_sort_tos_boosting_5","version":"8"},{"id":119,"name":"work_manager_android","variant":"true","version":"6"}],"localPersisted":{},"overrides":{}},"features":{},"isCustomizeFlyoutShowing":false,"topContentDismissalPrefsSet":null,"language":"en","loggedOutData":{"accountCompleteness":{"collapsed":false,"step":"initial"},"dataLoaded":false,"feedMultiName":[],"homeFeed":{"similar":[],"topBanner":{"isClosed":false,"viewsCount":0},"views":["vmware"],"votes":{}},"isFrontpageHome":false,"postsCount":0,"tooltips":{"home_active":{},"subscribe_feed":{},"subscribe_id":{},"subscribe_reminder":{},"vote":{},"vote_reminder":{},"vote_success":{}},"views":{"count":{"beforeBanner":0,"total":1},"posts":["t3_8uk2au"]},"votes":{"comments":{},"posts":{}}},"loid":{"blob":"Z0FBQUFBQmRRclBvcGczZW5rZEJ1d0cweTNPZlhDSHVjSC1rS3pLZkYweGtpQWdRQ2hyQk1teGNyVmk2SGR4NGVhdUUyZ3JqLVZaSGU0aUNoaXM4UFBFd3V1bWdncVg5c0tEcGZDeUZxbE5VZHdzc29jdGNxRmQwNTZmejFkNkNtdXpLekJxQ1ZSM1k","loid":"00000000004a2bh5ul","loidCreated":"1564652520409","version":2},"notificationPrefs":{"api":{"getPreferences":{"error":null,"loaded":false,"pending":false},"setPreferences":{"error":null,"loaded":false,"pending":false}},"isPrePromptVisible":false,"preferences":{"chatMessages":false,"trendingPosts":false,"unreadMessages":false}},"ownedBadges":{},"prefs":{"allowClickTracking":false,"autoplayVideo":true,"collapsedTraySections":{"favorites":false,"multis":false,"moderating":false,"subscriptions":false,"profiles":false},"commentMode":"richtext","layout":"card","rememberCommunityLayout":false,"defaultCommentSort":"confidence","editorMode":"richtext","featuresViewedHistory":{"commentForm":{"markdownModeNotification":false}},"globalTheme":"REDDIT","hasSeenCustomizeFlyout":true,"hideNSFW":true,"ignoreSuggestedSort":false,"labelNSFW":true,"markMessagesRead":true,"nightmode":false,"openPostInNewTab":false,"over18":false,"showActiveCommunities":true,"showTwitter":false,"sort":"hot","stylesEnabled":true,"subreddit":{},"topContentDismissalTime":0,"topContentTimesDismissed":0,"rememberCommunitySort":false,"useMarkdown":false},"reddaid":"","session":{"accessToken":"-cqtabu0vze6qZWtY3pLS_l-WQto","expires":"2019-08-01T10:42:00.429Z","expiresIn":3600,"unsafeLoggedOut":true,"safe":true},"sessionRefreshFailed":false,"sessionTracker":"aXalSaOCBHtBATpzLM.0.1564652520935.Z0FBQUFBQmRRclBvU1pKUklrUWZZTE51Ukg5dG5PbDd6VGl5cTNwOW1FamtBUGwweHI4VnpCNmo2bXFRb1U2T291dklqV3loMzliS0Q1SWxSaEMyX1pVeXJvVldPenZTaGdFc251Nld0ZS0yUUNHYjJkTXdsblJTU3lOa1RZOUpBRUJMQXhscGNKeXY","shuffledCategories":["videoGames","picsAndGifs","videos","electronics","entertainment","memes","art","outdoors","sports","news","advice","gaming","fashion","funny","photography","tech","relationships","science","health","writing","travel","dIY","tv","music","food","animals","vroom"],"temporaryGQL":{"isEmployee":null,"isLoggedIn":false},"wallets":{},"whitelist":{"api":{},"data":[]}},"userFlair":{"t5_2qnan":{"applied":null,"templates":{},"templateIds":[],"displaySettings":{"position":"right","isEnabled":true,"isUserEnabled":false},"permissions":{"canUserChange":false,"canAssignOwn":false}}},"users":{"api":{"error":{},"pending":false},"appliedBadges":{},"models":{},"nameAvailable":{},"publicWallets":{},"topOCCreators":{}},"widgets":{"idCardIds":{"t5_2qnan":"widget_id-card-2qnan"},"menuIds":{},"models":{"widget_id-card-2qnan":{"styles":{"headerColor":null,"backgroundColor":null},"kind":"id-card","description":"The un-official VMware Reddit.","id":"widget_id-card-2qnan","currentlyViewingCount":172,"currentlyViewingText":"","subscribersCount":75049,"subscribersText":"","shortName":"Community Details"},"widget_moderators-2qnan":{"styles":{"headerColor":null,"backgroundColor":null},"kind":"moderators","mods":[{"name":"jakobjs","authorFlairType":"text","authorFlairTextColor":"dark","authorFlairBackgroundColor":"","authorFlairRichText":[],"authorFlairText":null},{"name":"VMwareTech","authorFlairType":"text","authorFlairTextColor":"dark","authorFlairBackgroundColor":"","authorFlairRichText":[],"authorFlairText":"[VCIX]"},{"name":"wazoo9000","authorFlairType":"text","authorFlairTextColor":"dark","authorFlairBackgroundColor":"","authorFlairRichText":[],"authorFlairText":"[VCAP]"},{"name":"cloud_dizzle","authorFlairType":"text","authorFlairTextColor":"dark","authorFlairBackgroundColor":"","authorFlairRichText":[],"authorFlairText":"[VCAP]"},{"name":"vDingus","authorFlairType":"text","authorFlairTextColor":"dark","authorFlairBackgroundColor":"","authorFlairRichText":[],"authorFlairText":"[VCDX-DCV]"},{"name":"vTimD","authorFlairType":"text","authorFlairTextColor":"dark","authorFlairBackgroundColor":"","authorFlairRichText":[],"authorFlairText":null},{"name":"shaunwhiteinc","authorFlairType":"text","authorFlairTextColor":"dark","authorFlairBackgroundColor":"","authorFlairRichText":[],"authorFlairText":"[VCIX6-NV]"},{"name":"virtualviking","authorFlairType":"text","authorFlairTextColor":"dark","authorFlairBackgroundColor":"","authorFlairRichText":[],"authorFlairText":"[VCIX]"},{"name":"lost_signal","authorFlairType":"text","authorFlairTextColor":"dark","authorFlairBackgroundColor":"","authorFlairRichText":[],"authorFlairText":"Too ESXY for his datacenter..."}],"totalMods":9,"id":"widget_moderators-2qnan"}},"moderatorIds":{"t5_2qnan":"widget_moderators-2qnan"},"sidebar":{"t5_2qnan":[]}}}