{"accountManagerModalData":{},"activeModalId":null,"ads":{},"apiRequestState":{},"approvedSubmitters":{"api":{"error":null,"pending":{}},"fetchedTokens":{},"loadMore":{},"models":{},"search":{"api":{"error":null,"pending":false},"result":null},"userOrder":{}},"authorFlair":{"inContext":null,"models":{"t5_2qnp7":{"[deleted]":null,"NISMO1968":{"text":"Storage Admin","richtext":[{"e":"text","t":"Storage Admin"}],"backgroundColor":"","templateId":null,"textColor":"dark","type":"richtext"},"sunsetparkslope":null,"MiReTech":{"text":"Sysadmin","richtext":[{"e":"text","t":"Sysadmin"}],"backgroundColor":"","templateId":null,"textColor":"dark","type":"richtext"},"baconisgooder":null,"blaat1234":null,"chuckpatel":null,"bad_sysadmin":null,"jello3d":null,"scottalanmiller":null,"PoSaP":null,"bjacksonokc":null,"MrYiff":{"text":"Master of the Blinking Lights","richtext":[{"e":"text","t":"Master of the Blinking Lights"}],"backgroundColor":null,"templateId":"894a3b08-6f78-11e1-8ca4-12313d096aae","textColor":"dark","type":"richtext"},"macboost84":null,"DerBootsMann":{"text":"Jack of All Trades","richtext":[{"e":"text","t":"Jack of All Trades"}],"backgroundColor":"","templateId":null,"textColor":"dark","type":"richtext"},"StrangeWill":{"text":"IT Consultant","richtext":[{"e":"text","t":"IT Consultant"}],"backgroundColor":"","templateId":null,"textColor":"dark","type":"richtext"},"bhos17":null,"Candy_Badger":null}}},"awards":{"blacklist":{},"create":{"api":{"error":null,"pending":false}},"manageable":{"api":{"error":null,"pending":{}},"order":{}},"models":{},"usable":{"api":{"error":null,"pending":{}},"order":{}}},"badges":{"api":{"subreddit":{"error":{},"pending":{}},"user":{"error":{},"pending":{}}},"models":{}},"banned":{"api":{"error":null,"pending":{}},"fetchedTokens":{},"inContext":null,"loadMore":{},"models":{},"search":{"api":{"error":null,"pending":false},"result":null},"userOrder":{}},"blockUser":{"api":{"error":{},"pending":{}}},"brandSafety":{"isViewSafe":true,"hasBrandSafetyBeenAssessed":false},"categories":{"api":{"list":{"error":null,"loaded":false,"pending":false},"subreddits":{"error":{},"loaded":{},"pending":{}}},"ids":[],"models":{},"nameToId":{}},"chat":{"isInited":false,"isUserSubredditChatEnabled":false,"subredditSettings":{"subredditId":null,"bannedWords":"","domains":"","rateLimit":-1,"regexes":[]},"promos":{"displaySubredditChatFtux":false},"unread":{"api":{"error":{"apiError":null},"pending":false},"count":{"basicChannelCount":0,"subredditChannelCount":0}}},"claimGold":{"api":{"error":null,"pending":false,"showLoader":false},"code":"","showModal":false},"comments":{"collapsed":{"commentsPage--[post:'t3_7h6p4k']":{"t1_dqolw83":true}},"drafts":{"replyToPost_t3_7h6p4k":{"commentMode":"richtext","draftType":0,"hasFocus":false,"rteState":null,"text":""}},"focused":{},"hidden":{},"isEditing":{},"models":{"t1_dqw5yg5":{"editedAt":null,"isStickied":false,"isMod":false,"postAuthor":null,"isScoreHidden":false,"id":"t1_dqw5yg5","isDeleted":false,"author":"PoSaP","media":{"richtextContent":{"document":[{"c":[{"e":"text","t":"Weird situation, we have more than a few customers with Starwind and never faced such critical situation to use DR site as the main production site. There were a few issues and what can I tell, their support was at the highest level and solved all the issues right on time. I've never tried their appliances, so I've got nothing to say about it, but their support works much better than a lot of enterprise companies."}],"e":"par"}]},"type":"rtjson","rteMode":"richtext"},"isAdmin":false,"isOp":false,"isLocked":false,"score":3,"parentId":"t1_dqomalo","subredditId":"t5_2qnp7","collapsedReason":null,"collapsed":false,"sendReplies":true,"goldCount":0,"gildings":null,"authorId":"t2_13c2bb","postId":"t3_7h6p4k","permalink":"/r/sysadmin/comments/7h6p4k/whose_using_starwind_hyperconverged_appliance_are/dqw5yg5/","created":1512635437,"postTitle":null,"distinguishType":null,"isSaved":false,"voteState":0,"deletedBy":null},"t1_dqp1nqe":{"editedAt":null,"isStickied":false,"isMod":false,"postAuthor":null,"isScoreHidden":false,"id":"t1_dqp1nqe","isDeleted":false,"author":"DerBootsMann","media":{"richtextContent":{"document":[{"c":[{"e":"text","t":"we kind of switched from starwinds -\u003E s2d after ws2016 ga ,but after a couple of catastrophic s2d/refs failures msft could do nothing to troubleshoot we replaced s2d with starwinds .."}],"e":"par"}]},"type":"rtjson","rteMode":"richtext"},"isAdmin":false,"isOp":false,"isLocked":false,"score":5,"parentId":"t1_dqox4js","subredditId":"t5_2qnp7","collapsedReason":null,"collapsed":false,"sendReplies":true,"goldCount":0,"gildings":null,"authorId":"t2_mnuhr","postId":"t3_7h6p4k","permalink":"/r/sysadmin/comments/7h6p4k/whose_using_starwind_hyperconverged_appliance_are/dqp1nqe/","created":1512290998,"postTitle":null,"distinguishType":null,"isSaved":false,"voteState":0,"deletedBy":null},"t1_dqox4js":{"editedAt":null,"isStickied":false,"isMod":false,"postAuthor":null,"isScoreHidden":false,"id":"t1_dqox4js","isDeleted":false,"author":"jello3d","media":{"richtextContent":{"document":[{"c":[{"e":"text","t":"Ran it for a few years.  It was great when it worked, but when it didn't it was a real disaster getting back in order.   We've switched to S2D, and I'm pretty happy with it so far."}],"e":"par"}]},"type":"rtjson","rteMode":"richtext"},"isAdmin":false,"isOp":false,"isLocked":false,"score":4,"parentId":null,"subredditId":"t5_2qnp7","collapsedReason":null,"collapsed":false,"sendReplies":true,"goldCount":0,"gildings":null,"authorId":"t2_i3ai","postId":"t3_7h6p4k","permalink":"/r/sysadmin/comments/7h6p4k/whose_using_starwind_hyperconverged_appliance_are/dqox4js/","created":1512281188,"postTitle":null,"distinguishType":null,"isSaved":false,"voteState":0,"deletedBy":null},"t1_dqqk9ks":{"editedAt":null,"isStickied":false,"isMod":false,"postAuthor":null,"isScoreHidden":false,"id":"t1_dqqk9ks","isDeleted":false,"author":"macboost84","media":{"richtextContent":{"document":[{"c":[{"e":"text","t":"We are in the process of implementing a 5 node compute and 2 node storage. Not exactly hyperconverged but we are using Starwinds VSAN."}],"e":"par"},{"c":[{"e":"text","t":"We have a lot of high compute/memory apps, and buying 5 R730d's were too costly and would over-replicate the storage. So we went the other route and saved a bit of money."}],"e":"par"},{"c":[{"e":"text","t":"Plus if we ever found Starwinds to not work out, we can simply use S2D on the 2 node R730d's and the R730's compute just need to point to a new storage source."}],"e":"par"}]},"type":"rtjson","rteMode":"richtext"},"isAdmin":false,"isOp":false,"isLocked":false,"score":3,"parentId":null,"subredditId":"t5_2qnp7","collapsedReason":null,"collapsed":false,"sendReplies":true,"goldCount":0,"gildings":null,"authorId":"t2_tz7zg","postId":"t3_7h6p4k","permalink":"/r/sysadmin/comments/7h6p4k/whose_using_starwind_hyperconverged_appliance_are/dqqk9ks/","created":1512365441,"postTitle":null,"distinguishType":null,"isSaved":false,"voteState":0,"deletedBy":null},"t1_dqolhkn":{"editedAt":null,"isStickied":false,"isMod":false,"postAuthor":null,"isScoreHidden":false,"id":"t1_dqolhkn","isDeleted":false,"author":"baconisgooder","media":{"richtextContent":{"document":[{"c":[{"e":"text","t":"I had a demo with them that wasnt very great. The product feels cheap and I would never want to use it in production for mission critical environments."}],"e":"par"}]},"type":"rtjson","rteMode":"richtext"},"isAdmin":false,"isOp":false,"isLocked":false,"score":1,"parentId":null,"subredditId":"t5_2qnp7","collapsedReason":null,"collapsed":false,"sendReplies":true,"goldCount":0,"gildings":null,"authorId":"t2_x659d","postId":"t3_7h6p4k","permalink":"/r/sysadmin/comments/7h6p4k/whose_using_starwind_hyperconverged_appliance_are/dqolhkn/","created":1512266411,"postTitle":null,"distinguishType":null,"isSaved":false,"voteState":0,"deletedBy":null},"t1_dqqzw94":{"editedAt":null,"isStickied":false,"isMod":false,"postAuthor":null,"isScoreHidden":false,"id":"t1_dqqzw94","isDeleted":false,"author":"StrangeWill","media":{"richtextContent":{"document":[{"c":[{"e":"text","t":"Really? Nimble reams me for SSD builds on their storage stack alone (so a shared shelf), let alone a hyperconvereged setup."}],"e":"par"}]},"type":"rtjson","rteMode":"richtext"},"isAdmin":false,"isOp":false,"isLocked":false,"score":3,"parentId":"t1_dqopobr","subredditId":"t5_2qnp7","collapsedReason":null,"collapsed":false,"sendReplies":true,"goldCount":0,"gildings":null,"authorId":"t2_41plg","postId":"t3_7h6p4k","permalink":"/r/sysadmin/comments/7h6p4k/whose_using_starwind_hyperconverged_appliance_are/dqqzw94/","created":1512398231,"postTitle":null,"distinguishType":null,"isSaved":false,"voteState":0,"deletedBy":null},"t1_dqpaaae":{"editedAt":null,"isStickied":false,"isMod":false,"postAuthor":null,"isScoreHidden":false,"id":"t1_dqpaaae","isDeleted":false,"author":"sunsetparkslope","media":{"richtextContent":{"document":[{"c":[{"e":"text","t":"Thanks for responding and for sharing your setup.  It probably is overkill. I gave the sales people my requirements for the app and they kept giving me what I felt was something overpowered, but it seemed to be the same thing regardless of the vendor so I accepted it.   I would really like to get the cost down but it does have to perform quickly so I am trying to stick with all flash, but the flash requirement is actually only 2TB for Oracle, the rest can be spindles, totaling 6TB for all.  Below is the pricing I have which is about $185k ($40k is for Windows licensing).  It's a really small business and currently will support 25 users.   Thanks"}],"e":"par"},{"c":[{"e":"text","t":"HPE Nimble Storage AF3000 All Flash Dual Controller 10GBASE-T 2-port Base Array     Hewlett Packard Enterprise - Part#: Q8B41A 1 $30,251.07 $30,251.07 2 HPE Nimble Storage AF1000/3000/5000 All Flash Array R2 11.5TB Flash Bundle     Hewlett Packard Enterprise - Part#: Q8B72A 1 $33,132.12 $33,132.12 3 HPE Nimble Storage 4x10GbE 2-port Adapter Kit     Hewlett Packard Enterprise - Part#: Q8B88A 1 $3,121.14 $3,121.14 4 HPE Nimble Storage C13/C14 PDU Base Array Power Cord     Hewlett Packard Enterprise - Part#: Q8F97A 2 $0.01 $0.02 5 HPE Nimble Storage NOS Default Software     Hewlett Packard Enterprise - Part#: Q8G27A 1 $0.01 $0.01 6 HPE Nimble Storage HPE Foundation Care Exchange Service - extended service agreement - 3 years     Hewlett Packard Enterprise - Part#: HT6Z0A3 1 $0.00 $0.00 7 HPE Nimble Storage All Flash 11.52TB Flash Support     Hewlett Packard Enterprise - Part#: HT6Z0A3#X45 1 $5,186.55 $5,186.55 8 HPE Nimble Storage Foundation Care Exchange Service - Extended service agreement - replacement (for 2x10GbE 2 ports adapter) - 3 years - shipment - 24x7 - response time: 4 h     Hewlett Packard Enterprise - Part#: HT6Z0A3#W6S 1 $995.12 $995.12 9 HPE Nimble Storage AF3000 Base Array Support     Hewlett Packard Enterprise - Part#: HT6Z0A3#X4Y 1 $7,812.43 $7,812.43 10 HP Installation and Startup Service     Hewlett Packard Enterprise - Part#: HA114A1 1 $0.01 $0.01 11 HPE Nimble Storage Array Startup Service     Hewlett Packard Enterprise - Part#: HA114A1#5MR 1 $1,886.41 $1,886.41 12 HEWLETT PACKARD ENTERPRISE : HPE DL360 Gen10 5118 1P 32G 8SFF Svr/SB     Hewlett Packard Enterprise - Part#: 874461-S01 4 $3,658.98 $14,635.92 13 HEWLETT PACKARD ENTERPRISE : HPE DL360 Gen10 Xeon-G 5118 Kit     Hewlett Packard Enterprise - Part#: 860663-B21 4 $1,398.88 $5,595.52 14 HEWLETT PACKARD ENTERPRISE : HPE 16GB 2Rx8 PC4-2666V-R Smart Kit     Hewlett Packard Enterprise - Part#: 835955-B21 18 $301.27 $5,422.86 15 HEWLETT PACKARD ENTERPRISE : HP Dual 8GB microSD EM USB Kit (comes with two 8GB MicroSD cards configured for redundancy)     Hewlett Packard Enterprise - Part#: 741279-B21 3 $110.26 $330.78 16 HEWLETT PACKARD ENTERPRISE : HPE 5Y PC 24x7 DL360 Gen10 SVC     Hewlett Packard Enterprise - Part#: H8QM1E 4 $3,596.74 $14,386.96 17 HPE Enterprise - Hard drive - 1.2 TB - hot-swap - 2.5\" SFF - SAS 12Gb/s - 10000 rpm - with HPE SmartDrive carrier     Hewlett Packard Enterprise - Part#: 872479-B21 5 $556.09 $2,780.45 18 HPE FlexFabric 5700-40XG-2QSFP+ - Switch - L3 - managed - 40 x 1 Gigabit / 10 Gigabit SFP+ + 2 x 40 Gigabit QSFP+ (uplink) - rack-mountable     Hewlett Packard Enterprise - Part#: JG896A 2 $3,928.66 $7,857.32 19 HPE Foundation Care 24x7 Service - Extended service agreement - parts and labor - 3 years - on-site - 24x7 - response time: 4 h - for FlexFabric 5700-32XGT-8XG- 2QSFP+, 5700-40XG-2QSFP+, 5700-48G-4XG-2QSFP+     Hewlett Packard Enterprise - Part#: U4VF3E 2 $716.00 $1,432.00 20 HPE 58x0AF Frt(prt) Bck(pwr) Fan Tray     Hewlett Packard Enterprise - Part#: JC683A 4 $69.28 $277.12 21 HPE A58x0AF 300W AC Power Supply     Hewlett Packard Enterprise - Part#: JG900A 4 $287.97 $1,151.88 22 HPE X130 10G SFP+ LC SR DC Transceiver     Hewlett Packard Enterprise - Part#: JL437A 4 $597.46 $2,389.84 23 HPE X240 10G SFP+ SFP+ 0.65m DAC Cable     Hewlett Packard Enterprise - Part#: JD095C 2 $78.33 $156.66 24 HPE 562SFP+ - Network adapter - PCIe 3.0 x8 - 10 Gigabit SFP+ x 2 - for ProLiant DL360 Gen10, DL380 Gen10, DL560 Gen10, XL230k Gen10; StoreEasy 3850     Hewlett Packard Enterprise - Part#: 727055-B21 3 $370.41 $1,111.23 25 Microsoft Windows Server 2016 Datacenter - License - 16 cores - Microsoft Qualified - Open License - Single Language     Microsoft - Part#: 9EA-00122 6 $5,264.00 $31,584.00 26 Microsoft SQL Server Standard Edition - License \u0026 software assurance - 1 server - Open License - Win - Single Language     Microsoft - Part#: 228-04628 2 $1,151.00 $2,302.00 Subtotal $173,799.42 Shipping $228.31 *Tax $11,964.41 Total $185,992.14"}],"e":"par"}]},"type":"rtjson","rteMode":"richtext"},"isAdmin":false,"isOp":true,"isLocked":false,"score":3,"parentId":"t1_dqp56kj","subredditId":"t5_2qnp7","collapsedReason":null,"collapsed":false,"sendReplies":true,"goldCount":0,"gildings":null,"authorId":"t2_8xw2f","postId":"t3_7h6p4k","permalink":"/r/sysadmin/comments/7h6p4k/whose_using_starwind_hyperconverged_appliance_are/dqpaaae/","created":1512312481,"postTitle":null,"distinguishType":null,"isSaved":false,"voteState":0,"deletedBy":null},"t1_dqolw83":{"editedAt":1512345947,"isStickied":false,"isMod":false,"postAuthor":null,"isScoreHidden":false,"id":"t1_dqolw83","isDeleted":true,"author":"[deleted]","media":{"richtextContent":{"document":[{"c":[{"e":"text","t":"[deleted]"}],"e":"par"}]},"type":"rtjson","rteMode":"richtext"},"isAdmin":false,"isOp":false,"isLocked":false,"score":5,"parentId":null,"subredditId":"t5_2qnp7","collapsedReason":null,"collapsed":true,"sendReplies":true,"goldCount":0,"gildings":null,"authorId":null,"postId":"t3_7h6p4k","permalink":"/r/sysadmin/comments/7h6p4k/whose_using_starwind_hyperconverged_appliance_are/dqolw83/","created":1512266924,"postTitle":null,"distinguishType":null,"isSaved":false,"voteState":0,"deletedBy":"user"},"t1_dqomalo":{"editedAt":null,"isStickied":false,"isMod":false,"postAuthor":null,"isScoreHidden":false,"id":"t1_dqomalo","isDeleted":false,"author":"MiReTech","media":{"richtextContent":{"document":[{"c":[{"e":"text","t":"We used Starwind in our Datacenter to cluster two of our vhosts for about a year before tearing it out. When it works it's beautiful but it caused too many late night phone calls and disk latency issues (even with high performance SSDs) that it wasn't worth the headache. There was a 50-75% degradation of performance on our hosts that we weren't expecting. Not only that but the connection between the two servers would just drop randomly. Sometimes it was at 2 am. Other times it was at 11 am with two downed hosts."}],"e":"par"},{"c":[{"e":"text","t":"We ended up switching over to just replicating our VMs (Veeam Replication) across the hosts and to a dedicated backup server. It works beautifully with no issues since implementation."}],"e":"par"}]},"type":"rtjson","rteMode":"richtext"},"isAdmin":false,"isOp":false,"isLocked":false,"score":12,"parentId":null,"subredditId":"t5_2qnp7","collapsedReason":null,"collapsed":false,"sendReplies":true,"goldCount":0,"gildings":null,"authorId":"t2_12nw3w","postId":"t3_7h6p4k","permalink":"/r/sysadmin/comments/7h6p4k/whose_using_starwind_hyperconverged_appliance_are/dqomalo/","created":1512267420,"postTitle":null,"distinguishType":null,"isSaved":false,"voteState":0,"deletedBy":null},"t1_dqr1nv4":{"editedAt":null,"isStickied":false,"isMod":false,"postAuthor":null,"isScoreHidden":false,"id":"t1_dqr1nv4","isDeleted":false,"author":"DerBootsMann","media":{"richtextContent":{"document":[{"c":[{"e":"text","t":"what did you buy instead ?"}],"e":"par"}]},"type":"rtjson","rteMode":"richtext"},"isAdmin":false,"isOp":false,"isLocked":false,"score":3,"parentId":"t1_dqolhkn","subredditId":"t5_2qnp7","collapsedReason":null,"collapsed":false,"sendReplies":true,"goldCount":0,"gildings":null,"authorId":"t2_mnuhr","postId":"t3_7h6p4k","permalink":"/r/sysadmin/comments/7h6p4k/whose_using_starwind_hyperconverged_appliance_are/dqr1nv4/","created":1512400391,"postTitle":null,"distinguishType":null,"isSaved":false,"voteState":0,"deletedBy":null},"t1_dqp56kj":{"editedAt":null,"isStickied":false,"isMod":false,"postAuthor":null,"isScoreHidden":false,"id":"t1_dqp56kj","isDeleted":false,"author":"blaat1234","media":{"richtextContent":{"document":[{"c":[{"e":"text","t":"Can you describe the quote from Nimble? The AFA shouldn't be more than 60k for 11tb with 4h support. 3x Dell R640 or HP equivalent are maybe 10k per node. It shouldn't be much over 120k even if you include switches."}],"e":"par"},{"c":[{"e":"text","t":"For 50 users and 5 VMs, are you sure you aren't overspeccing this cluster by a lot? It sounds like it should run fine on two R740s sharing a simple disk shelve for $50k total. We run our infra on a site on the following for €35k total:"}],"e":"par"},{"c":[{"c":[{"c":[{"e":"text","t":"2x R720, 2x 10 core, 256GB ram each"}],"e":"par"}],"e":"li"},{"c":[{"c":[{"e":"text","t":"1x MD3620F with 600GB ssd, 10800 GB 10k SAS, FibreChannel directly connected, no switched."}],"e":"par"}],"e":"li"},{"c":[{"c":[{"e":"text","t":"ESX Essentials Plus included in the quote"}],"e":"par"}],"e":"li"},{"c":[{"c":[{"e":"text","t":"Serves a few millions of web users and runs 20ish VMs including databases, nfs file shares, load balancers and web servers."}],"e":"par"}],"e":"li"}],"e":"list","o":false},{"c":[{"e":"text","t":"If I would be buying now, I would look at something similar, 2 hosts and some disks from Nimble / Dell in between. Nimble hybrids are fine for most users and databases, and AFA can handle everything as long as there's enough capacity."}],"e":"par"},{"c":[{"e":"text","t":"I've also looked at Hyperconverged but the seem way overpriced. Good if you need to drop in more nodes to automatically grow the cluster constantly, but useless for SMB where the load is static and 2x R740 are so overpowered that you'll never run out of cores and RAM."}],"e":"par"}]},"type":"rtjson","rteMode":"richtext"},"isAdmin":false,"isOp":false,"isLocked":false,"score":4,"parentId":null,"subredditId":"t5_2qnp7","collapsedReason":null,"collapsed":false,"sendReplies":true,"goldCount":0,"gildings":null,"authorId":"t2_eordf","postId":"t3_7h6p4k","permalink":"/r/sysadmin/comments/7h6p4k/whose_using_starwind_hyperconverged_appliance_are/dqp56kj/","created":1512301265,"postTitle":null,"distinguishType":null,"isSaved":false,"voteState":0,"deletedBy":null},"t1_dqp8t2h":{"editedAt":null,"isStickied":false,"isMod":false,"postAuthor":null,"isScoreHidden":false,"id":"t1_dqp8t2h","isDeleted":false,"author":"bjacksonokc","media":{"richtextContent":{"document":[{"c":[{"e":"text","t":"We bought a small one for a turn key client project. Haven’t installed yet, due to receive hardware soon. You are paying for a couple Dell servers, their vSAN software, their support, their pre-config of the hardware/software. It’s a pre-built hyper-v cluster. They would help design and implement upgrades + managed scaling (add nodes). We will help the client do the initial implementation but turn over the keys at end of project and he will interface with their support team longterm."}],"e":"par"},{"c":[{"e":"text","t":"We could spec and set everything up manually but the budget allowed for us to buy through them and will give StarWind more sense of responsibility longterm since they built the rig. I felt comfortable with the purchase based on industry reviews, their support, and knowing there is nothing proprietary (other than their proven vSAN software)."}],"e":"par"}]},"type":"rtjson","rteMode":"richtext"},"isAdmin":false,"isOp":false,"isLocked":false,"score":3,"parentId":null,"subredditId":"t5_2qnp7","collapsedReason":null,"collapsed":false,"sendReplies":true,"goldCount":0,"gildings":null,"authorId":"t2_iy85j5a","postId":"t3_7h6p4k","permalink":"/r/sysadmin/comments/7h6p4k/whose_using_starwind_hyperconverged_appliance_are/dqp8t2h/","created":1512309876,"postTitle":null,"distinguishType":null,"isSaved":false,"voteState":0,"deletedBy":null},"t1_dqqwfv9":{"editedAt":null,"isStickied":false,"isMod":false,"postAuthor":null,"isScoreHidden":false,"id":"t1_dqqwfv9","isDeleted":false,"author":"sunsetparkslope","media":{"richtextContent":{"document":[{"c":[{"e":"text","t":"So the other route meaning VSAN? So you saved on Storage? As for using the servers for something else, that was one of my thoughts too.  Dell R630's. Starwind quotes SATA 6Gbps drives, I know dell has 12Gbs SAS drives too.  Just not sure how big a difference the performance would be."}],"e":"par"}]},"type":"rtjson","rteMode":"richtext"},"isAdmin":false,"isOp":true,"isLocked":false,"score":3,"parentId":"t1_dqqk9ks","subredditId":"t5_2qnp7","collapsedReason":null,"collapsed":false,"sendReplies":true,"goldCount":0,"gildings":null,"authorId":"t2_8xw2f","postId":"t3_7h6p4k","permalink":"/r/sysadmin/comments/7h6p4k/whose_using_starwind_hyperconverged_appliance_are/dqqwfv9/","created":1512393114,"postTitle":null,"distinguishType":null,"isSaved":false,"voteState":0,"deletedBy":null},"t1_dqp1qua":{"editedAt":null,"isStickied":false,"isMod":false,"postAuthor":null,"isScoreHidden":false,"id":"t1_dqp1qua","isDeleted":false,"author":"DerBootsMann","media":{"richtextContent":{"document":[{"c":[{"e":"text","t":"proactive support rules ! we only get reports after everything is fixed :disk was offline or connection dropped or node didn’t came back after windows os update .."}],"e":"par"}]},"type":"rtjson","rteMode":"richtext"},"isAdmin":false,"isOp":false,"isLocked":false,"score":3,"parentId":"t1_dqomalo","subredditId":"t5_2qnp7","collapsedReason":null,"collapsed":false,"sendReplies":true,"goldCount":0,"gildings":null,"authorId":"t2_mnuhr","postId":"t3_7h6p4k","permalink":"/r/sysadmin/comments/7h6p4k/whose_using_starwind_hyperconverged_appliance_are/dqp1qua/","created":1512291220,"postTitle":null,"distinguishType":null,"isSaved":false,"voteState":0,"deletedBy":null},"t1_dqomlvw":{"editedAt":null,"isStickied":false,"isMod":false,"postAuthor":null,"isScoreHidden":false,"id":"t1_dqomlvw","isDeleted":false,"author":"scottalanmiller","media":{"richtextContent":{"document":[{"c":[{"e":"text","t":"The appliances are much newer than the VSAN only product."}],"e":"par"},{"c":[{"e":"text","t":"I've never tested this theory, but I'm pretty sure you could use a non-appliance with their software with one of their appliances should the appliance fail and a replacement have an issue getting to you.  I'm just guessing, but you could ask them."}],"e":"par"}]},"type":"rtjson","rteMode":"richtext"},"isAdmin":false,"isOp":false,"isLocked":false,"score":5,"parentId":"t1_dqolw83","subredditId":"t5_2qnp7","collapsedReason":null,"collapsed":false,"sendReplies":true,"goldCount":0,"gildings":null,"authorId":"t2_8jt26","postId":"t3_7h6p4k","permalink":"/r/sysadmin/comments/7h6p4k/whose_using_starwind_hyperconverged_appliance_are/dqomlvw/","created":1512267786,"postTitle":null,"distinguishType":null,"isSaved":false,"voteState":0,"deletedBy":null},"t1_dqpajol":{"editedAt":null,"isStickied":false,"isMod":false,"postAuthor":null,"isScoreHidden":false,"id":"t1_dqpajol","isDeleted":false,"author":"sunsetparkslope","media":{"richtextContent":{"document":[{"c":[{"e":"text","t":"I like your solution with Veeam which is what my DR plan is based on, replicating over gigabit to another building.  For my requirement the owners of the business want no data loss as much as possible.  Even a minute is too much.  So I need some sort of cluster."}],"e":"par"}]},"type":"rtjson","rteMode":"richtext"},"isAdmin":false,"isOp":true,"isLocked":false,"score":1,"parentId":"t1_dqomalo","subredditId":"t5_2qnp7","collapsedReason":null,"collapsed":false,"sendReplies":true,"goldCount":0,"gildings":null,"authorId":"t2_8xw2f","postId":"t3_7h6p4k","permalink":"/r/sysadmin/comments/7h6p4k/whose_using_starwind_hyperconverged_appliance_are/dqpajol/","created":1512312912,"postTitle":null,"distinguishType":null,"isSaved":false,"voteState":0,"deletedBy":null},"t1_dqp2gye":{"editedAt":null,"isStickied":false,"isMod":false,"postAuthor":null,"isScoreHidden":false,"id":"t1_dqp2gye","isDeleted":false,"author":"bad_sysadmin","media":{"richtextContent":{"document":[{"c":[{"e":"text","t":"I often read threads such as this and think that the whole idea of virtualizing is that it lets you consolidate which lets you save money.","f":[[1,127,4]]}],"e":"par"},{"c":[{"e":"text","t":"Not knowing the license costs $85k sounds quite a lot for \"just\" 5 virtual machines."}],"e":"par"},{"c":[{"e":"text","t":"Do you need the availability a HCI cluster gives you?  Asking as a single box will eat your workload so it may be that there's a much lower cost option if you don't need the availability and RTO a HCI cluster can give.","f":[[2,107,3]]}],"e":"par"}]},"type":"rtjson","rteMode":"richtext"},"isAdmin":false,"isOp":false,"isLocked":false,"score":3,"parentId":null,"subredditId":"t5_2qnp7","collapsedReason":null,"collapsed":false,"sendReplies":true,"goldCount":0,"gildings":null,"authorId":"t2_qxg9w","postId":"t3_7h6p4k","permalink":"/r/sysadmin/comments/7h6p4k/whose_using_starwind_hyperconverged_appliance_are/dqp2gye/","created":1512293208,"postTitle":null,"distinguishType":null,"isSaved":false,"voteState":0,"deletedBy":null},"t1_dqr1kus":{"editedAt":null,"isStickied":false,"isMod":false,"postAuthor":null,"isScoreHidden":false,"id":"t1_dqr1kus","isDeleted":false,"author":"DerBootsMann","media":{"richtextContent":{"document":[{"c":[{"e":"text","t":"dfs-r has no write locks making it barely usable for any write-intensive setups ,hyper-v replica is dr by design - data loss and downtime on failover isn’t what your ha file server typically does .."}],"e":"par"}]},"type":"rtjson","rteMode":"richtext"},"isAdmin":false,"isOp":false,"isLocked":false,"score":3,"parentId":"t1_dqqt1yx","subredditId":"t5_2qnp7","collapsedReason":null,"collapsed":false,"sendReplies":true,"goldCount":0,"gildings":null,"authorId":"t2_mnuhr","postId":"t3_7h6p4k","permalink":"/r/sysadmin/comments/7h6p4k/whose_using_starwind_hyperconverged_appliance_are/dqr1kus/","created":1512400291,"postTitle":null,"distinguishType":null,"isSaved":false,"voteState":0,"deletedBy":null},"t1_dqp4pq9":{"editedAt":null,"isStickied":false,"isMod":false,"postAuthor":null,"isScoreHidden":false,"id":"t1_dqp4pq9","isDeleted":false,"author":"blaat1234","media":{"richtextContent":{"document":[{"c":[{"e":"text","t":"Every time I read such thread on Spiceworks I feel like it's mostly astroturfing, almost bot like replies about how cheap it is but never about support and reliability. Harder questions get completely ignored."}],"e":"par"},{"c":[{"e":"text","t":"Would not recommend."}],"e":"par"}]},"type":"rtjson","rteMode":"richtext"},"isAdmin":false,"isOp":false,"isLocked":false,"score":6,"parentId":"t1_dqon5st","subredditId":"t5_2qnp7","collapsedReason":null,"collapsed":false,"sendReplies":true,"goldCount":0,"gildings":null,"authorId":"t2_eordf","postId":"t3_7h6p4k","permalink":"/r/sysadmin/comments/7h6p4k/whose_using_starwind_hyperconverged_appliance_are/dqp4pq9/","created":1512299882,"postTitle":null,"distinguishType":null,"isSaved":false,"voteState":0,"deletedBy":null},"t1_dqpadn4":{"editedAt":null,"isStickied":false,"isMod":false,"postAuthor":null,"isScoreHidden":false,"id":"t1_dqpadn4","isDeleted":false,"author":"sunsetparkslope","media":{"richtextContent":{"document":[{"c":[{"e":"text","t":"I estimated Windows licensing at about 25K including SQL.  This is for 3 nodes based on an estimate from their 2 node coming in at $36k.  thanks!"}],"e":"par"}]},"type":"rtjson","rteMode":"richtext"},"isAdmin":false,"isOp":true,"isLocked":false,"score":4,"parentId":"t1_dqp2gye","subredditId":"t5_2qnp7","collapsedReason":null,"collapsed":false,"sendReplies":true,"goldCount":0,"gildings":null,"authorId":"t2_8xw2f","postId":"t3_7h6p4k","permalink":"/r/sysadmin/comments/7h6p4k/whose_using_starwind_hyperconverged_appliance_are/dqpadn4/","created":1512312650,"postTitle":null,"distinguishType":null,"isSaved":false,"voteState":0,"deletedBy":null},"t1_dqopobr":{"editedAt":null,"isStickied":false,"isMod":false,"postAuthor":null,"isScoreHidden":false,"id":"t1_dqopobr","isDeleted":false,"author":"bhos17","media":{"richtextContent":{"document":[{"c":[{"e":"text","t":"ummm.... 225K for 3 nodes of vmware and nimble is about 3x or more what you should pay."}],"e":"par"}]},"type":"rtjson","rteMode":"richtext"},"isAdmin":false,"isOp":false,"isLocked":false,"score":5,"parentId":null,"subredditId":"t5_2qnp7","collapsedReason":null,"collapsed":false,"sendReplies":true,"goldCount":0,"gildings":null,"authorId":"t2_x1rm5","postId":"t3_7h6p4k","permalink":"/r/sysadmin/comments/7h6p4k/whose_using_starwind_hyperconverged_appliance_are/dqopobr/","created":1512271484,"postTitle":null,"distinguishType":null,"isSaved":false,"voteState":0,"deletedBy":null},"t1_dqrey4j":{"editedAt":null,"isStickied":false,"isMod":false,"postAuthor":null,"isScoreHidden":false,"id":"t1_dqrey4j","isDeleted":false,"author":"Candy_Badger","media":{"richtextContent":{"document":[{"c":[{"e":"text","t":"We have already installed a bunch of their apliances for our customers. What could I say? It is a great experience actually to work with. Of course, we had some minor issues. However, skilled guys at Starwinds support know their job. So far everyting works great. I think you made a good choice."}],"e":"par"}]},"type":"rtjson","rteMode":"richtext"},"isAdmin":false,"isOp":false,"isLocked":false,"score":3,"parentId":"t1_dqp8t2h","subredditId":"t5_2qnp7","collapsedReason":null,"collapsed":false,"sendReplies":true,"goldCount":0,"gildings":null,"authorId":"t2_soajc","postId":"t3_7h6p4k","permalink":"/r/sysadmin/comments/7h6p4k/whose_using_starwind_hyperconverged_appliance_are/dqrey4j/","created":1512413747,"postTitle":null,"distinguishType":null,"isSaved":false,"voteState":0,"deletedBy":null},"t1_dqqt1yx":{"editedAt":null,"isStickied":false,"isMod":false,"postAuthor":null,"isScoreHidden":false,"id":"t1_dqqt1yx","isDeleted":false,"author":"MrYiff","media":{"richtextContent":{"document":[{"c":[{"e":"text","t":"Have you considered options that don't involve shared storage?"}],"e":"par"},{"c":[{"e":"text","t":"For example using native SQL HA via Always on Availability clusters (no shared storage needed) - this might need SQL Enterprise but with Software Assurance you don't need to license the passive SQL instance."}],"e":"par"},{"c":[{"e":"text","t":"DFS or HyperV Replica should be able to offer near-time replication for file servers which is typically \"good enough\" for most setups."}],"e":"par"},{"c":[{"e":"text","t":"It might be worth running the numbers just to see what they look like as it may work out cheaper and/or slightly less complex setup."}],"e":"par"}]},"type":"rtjson","rteMode":"richtext"},"isAdmin":false,"isOp":false,"isLocked":false,"score":2,"parentId":null,"subredditId":"t5_2qnp7","collapsedReason":null,"collapsed":false,"sendReplies":true,"goldCount":0,"gildings":null,"authorId":"t2_3zlvr","postId":"t3_7h6p4k","permalink":"/r/sysadmin/comments/7h6p4k/whose_using_starwind_hyperconverged_appliance_are/dqqt1yx/","created":1512385734,"postTitle":null,"distinguishType":null,"isSaved":false,"voteState":0,"deletedBy":null},"t1_dqr9njh":{"editedAt":null,"isStickied":false,"isMod":false,"postAuthor":null,"isScoreHidden":false,"id":"t1_dqr9njh","isDeleted":false,"author":"NISMO1968","media":{"richtextContent":{"document":[{"c":[{"c":[{"e":"text","t":"We used Starwind in our Datacenter to cluster two of our vhosts for about a year before tearing it out. When it works it's beautiful but it caused too many late night phone calls and disk latency issues (even with high performance SSDs) that it wasn't worth the headache. There was a 50-75% degradation of performance on our hosts that we weren't expecting. Not only that but the connection between the two servers would just drop randomly. Sometimes it was at 2 am. Other times it was at 11 am with two downed hosts.","f":[[1,380,59],[1,500,16]]}],"e":"par"}],"e":"blockquote"},{"c":[{"e":"text","t":"Did you get major dc-to-dc connectivity issues, or how did you manage having all hosts going down at the same time?"}],"e":"par"},{"c":[{"c":[{"e":"text","t":"We ended up switching over to just replicating our VMs (Veeam Replication) across the hosts and to a dedicated backup server. It works beautifully with no issues since implementation.","f":[[1,0,74]]}],"e":"par"}],"e":"blockquote"},{"c":[{"e":"text","t":"Veeam saved our bacon numerous times. Great solution!"}],"e":"par"}]},"type":"rtjson","rteMode":"richtext"},"isAdmin":false,"isOp":false,"isLocked":false,"score":3,"parentId":"t1_dqomalo","subredditId":"t5_2qnp7","collapsedReason":null,"collapsed":false,"sendReplies":true,"goldCount":0,"gildings":null,"authorId":"t2_jk456","postId":"t3_7h6p4k","permalink":"/r/sysadmin/comments/7h6p4k/whose_using_starwind_hyperconverged_appliance_are/dqr9njh/","created":1512408593,"postTitle":null,"distinguishType":null,"isSaved":false,"voteState":0,"deletedBy":null},"t1_dqon5st":{"editedAt":null,"isStickied":false,"isMod":false,"postAuthor":null,"isScoreHidden":false,"id":"t1_dqon5st","isDeleted":false,"author":"scottalanmiller","media":{"richtextContent":{"document":[{"c":[{"e":"text","t":"StarWind has a great team and technology behind their product.  If you are looking for a number of customer \"reviews\", hit up the SpiceWorks community.  Starwind has loads of users active there so you can get a lot of feedback from real world users.  Might be worth popping in as you'll get a range of long term and new users.  As for the appliance, I'm not sure I've met anyone yet who is using one as they really are new, so that you might be a vanguard.  But the VSAN product and their support, you'll get loads of feedback."}],"e":"par"}]},"type":"rtjson","rteMode":"richtext"},"isAdmin":false,"isOp":false,"isLocked":false,"score":5,"parentId":null,"subredditId":"t5_2qnp7","collapsedReason":null,"collapsed":false,"sendReplies":true,"goldCount":0,"gildings":null,"authorId":"t2_8jt26","postId":"t3_7h6p4k","permalink":"/r/sysadmin/comments/7h6p4k/whose_using_starwind_hyperconverged_appliance_are/dqon5st/","created":1512268424,"postTitle":null,"distinguishType":null,"isSaved":false,"voteState":0,"deletedBy":null},"t1_dqxh7iw":{"editedAt":null,"isStickied":false,"isMod":false,"postAuthor":null,"isScoreHidden":false,"id":"t1_dqxh7iw","isDeleted":false,"author":"chuckpatel","media":{"richtextContent":{"document":[{"c":[{"e":"text","t":"Fully agree. 5 VMs and 25-50 users can very likely run on a single host. You can cram a lot in a host these days. Then if HA and/or failover is a requirement you can add a second host and StarWind or replicate frequently with Veeam."}],"e":"par"}]},"type":"rtjson","rteMode":"richtext"},"isAdmin":false,"isOp":false,"isLocked":false,"score":3,"parentId":"t1_dqpagvd","subredditId":"t5_2qnp7","collapsedReason":null,"collapsed":false,"sendReplies":true,"goldCount":0,"gildings":null,"authorId":"t2_16bn43","postId":"t3_7h6p4k","permalink":"/r/sysadmin/comments/7h6p4k/whose_using_starwind_hyperconverged_appliance_are/dqxh7iw/","created":1512696069,"postTitle":null,"distinguishType":null,"isSaved":false,"voteState":0,"deletedBy":null},"t1_dqpagvd":{"editedAt":null,"isStickied":false,"isMod":false,"postAuthor":null,"isScoreHidden":false,"id":"t1_dqpagvd","isDeleted":false,"author":"scottalanmiller","media":{"richtextContent":{"document":[{"c":[{"e":"text","t":"You have hit most of the major vendors but you see to have left out Scale Computing who would be a natural fit for the size and configuration that you are mentioning.    Typically for running 5 VMs and 25-50 users, you'd only be looking at a $30K - $50K price range for the appliances.  I don't know your CPU and RAM needs, but $225K seems orders of magnitude almost out of scope with what appears to be what you need."}],"e":"par"}]},"type":"rtjson","rteMode":"richtext"},"isAdmin":false,"isOp":false,"isLocked":false,"score":5,"parentId":null,"subredditId":"t5_2qnp7","collapsedReason":null,"collapsed":false,"sendReplies":true,"goldCount":0,"gildings":null,"authorId":"t2_8jt26","postId":"t3_7h6p4k","permalink":"/r/sysadmin/comments/7h6p4k/whose_using_starwind_hyperconverged_appliance_are/dqpagvd/","created":1512312794,"postTitle":null,"distinguishType":null,"isSaved":false,"voteState":0,"deletedBy":null},"t1_dqqdvt0":{"editedAt":null,"isStickied":false,"isMod":false,"postAuthor":null,"isScoreHidden":false,"id":"t1_dqqdvt0","isDeleted":false,"author":"NISMO1968","media":{"richtextContent":{"document":[{"c":[{"c":[{"e":"text","t":"After several weeks of research and getting quotes from Nutanix, vxrail, nimble, and simplivity, all in the neighborhood of $225k.","f":[[1,56,39]]}],"e":"par"}],"e":"blockquote"},{"c":[{"e":"text","t":"You can drop Hyper-V based Nutanix from your list immediately, it just doesn't work well. Everything else listed are good options indeed. I'd start with Nimble however."}],"e":"par"},{"c":[{"c":[{"e":"text","t":"I also received a quote from Starwind for an all flash 7.2TB (6Gbps SATA) 3 node hyper converged (Hyper-V) appliance for $85k which includes windows and SQL licenses.","f":[[1,29,8]]}],"e":"par"}],"e":"blockquote"},{"c":[{"e":"text","t":"We run these guys in production for 2,000+ customers. Good news they deliver. Bad news you really have to know what you're doing if you run them in self-supported mode. Another caveat is make sure they quote you new rather than refurbished Dell equipment, so you won't compare apples to oranges."}],"e":"par"}]},"type":"rtjson","rteMode":"richtext"},"isAdmin":false,"isOp":false,"isLocked":false,"score":3,"parentId":null,"subredditId":"t5_2qnp7","collapsedReason":null,"collapsed":false,"sendReplies":true,"goldCount":0,"gildings":null,"authorId":"t2_jk456","postId":"t3_7h6p4k","permalink":"/r/sysadmin/comments/7h6p4k/whose_using_starwind_hyperconverged_appliance_are/dqqdvt0/","created":1512357332,"postTitle":null,"distinguishType":null,"isSaved":false,"voteState":0,"deletedBy":null},"t1_dqpagre":{"editedAt":null,"isStickied":false,"isMod":false,"postAuthor":null,"isScoreHidden":false,"id":"t1_dqpagre","isDeleted":false,"author":"sunsetparkslope","media":{"richtextContent":{"document":[{"c":[{"e":"text","t":"Can you tell me more about S2D?"},{"e":"br"},{"e":"text","t":"Do you call MS for support when things don't work? Have you done any tests such as unplugging a node or have you had a chance to see how it works when something fails? Did you need switches?  or is it like Starwind where nodes connect to eachother? What did it cost you? thanks"}],"e":"par"}]},"type":"rtjson","rteMode":"richtext"},"isAdmin":false,"isOp":true,"isLocked":false,"score":2,"parentId":"t1_dqox4js","subredditId":"t5_2qnp7","collapsedReason":null,"collapsed":false,"sendReplies":true,"goldCount":0,"gildings":null,"authorId":"t2_8xw2f","postId":"t3_7h6p4k","permalink":"/r/sysadmin/comments/7h6p4k/whose_using_starwind_hyperconverged_appliance_are/dqpagre/","created":1512312790,"postTitle":null,"distinguishType":null,"isSaved":false,"voteState":0,"deletedBy":null}},"replyFormOpen":{},"submit":{"error":{},"pending":{}},"visitHighlightFilter":"Last"},"commentsListTruncated":true,"commentsPage":{"api":{"error":{"commentsPage--[post:'t3_7h6p4k']":null},"fullyLoaded":{"commentsPage--[post:'t3_7h6p4k']":true},"pending":{"commentsPage--[post:'t3_7h6p4k']":false}},"keyToChatCommentLinks":{"commentsPage--[post:'t3_7h6p4k']":[{"id":"t1_dqolhkn","created":1512266411,"stickied":false},{"id":"t1_dqolw83","created":1512266924,"stickied":false},{"id":"t1_dqomalo","created":1512267420,"stickied":false},{"id":"t1_dqomlvw","created":1512267786,"stickied":false},{"id":"t1_dqon5st","created":1512268424,"stickied":false},{"id":"t1_dqopobr","created":1512271484,"stickied":false},{"id":"t1_dqox4js","created":1512281188,"stickied":false},{"id":"t1_dqp1nqe","created":1512290998,"stickied":false},{"id":"t1_dqp1qua","created":1512291220,"stickied":false},{"id":"t1_dqp2gye","created":1512293208,"stickied":false},{"id":"t1_dqp4pq9","created":1512299882,"stickied":false},{"id":"t1_dqp56kj","created":1512301265,"stickied":false},{"id":"t1_dqp8t2h","created":1512309876,"stickied":false},{"id":"t1_dqpaaae","created":1512312481,"stickied":false},{"id":"t1_dqpadn4","created":1512312650,"stickied":false},{"id":"t1_dqpagre","created":1512312790,"stickied":false},{"id":"t1_dqpagvd","created":1512312794,"stickied":false},{"id":"t1_dqpajol","created":1512312912,"stickied":false},{"id":"t1_dqqdvt0","created":1512357332,"stickied":false},{"id":"t1_dqqk9ks","created":1512365441,"stickied":false},{"id":"t1_dqqt1yx","created":1512385734,"stickied":false},{"id":"t1_dqqwfv9","created":1512393114,"stickied":false},{"id":"t1_dqqzw94","created":1512398231,"stickied":false},{"id":"t1_dqr1kus","created":1512400291,"stickied":false},{"id":"t1_dqr1nv4","created":1512400391,"stickied":false},{"id":"t1_dqr9njh","created":1512408593,"stickied":false},{"id":"t1_dqrey4j","created":1512413747,"stickied":false},{"id":"t1_dqw5yg5","created":1512635437,"stickied":false},{"id":"t1_dqxh7iw","created":1512696069,"stickied":false}]},"keyToCommentThreadLinkSets":{"commentsPage--[post:'t3_7h6p4k']":{"t1_dqw5yg5":{"depth":1,"next":{"type":"continueThread","id":"continueThread-t1_dqw5yg5"},"prev":{"type":"continueThread","id":"continueThread-t1_dqr9njh"}},"t1_dqp1nqe":{"depth":1,"next":{"type":"continueThread","id":"continueThread-t1_dqp1nqe"},"prev":{"type":"comment","id":"t1_dqox4js"}},"t1_dqox4js":{"depth":0,"next":{"type":"comment","id":"t1_dqp1nqe"},"prev":{"type":"comment","id":"t1_dqr1kus"}},"t1_dqqk9ks":{"depth":0,"next":{"type":"comment","id":"t1_dqqwfv9"},"prev":{"type":"comment","id":"t1_dqqdvt0"}},"t1_dqolhkn":{"depth":0,"next":{"type":"comment","id":"t1_dqr1nv4"},"prev":{"type":"continueThread","id":"continueThread-t1_dqpagre"}},"t1_dqqzw94":{"depth":1,"next":{"type":"continueThread","id":"continueThread-t1_dqqzw94"},"prev":{"type":"comment","id":"t1_dqopobr"}},"t1_dqpaaae":{"depth":1,"next":{"type":"continueThread","id":"continueThread-t1_dqpaaae"},"prev":{"type":"comment","id":"t1_dqp56kj"}},"t1_dqolw83":{"depth":0,"next":{"type":"comment","id":"t1_dqomlvw"},"prev":{"type":"continueThread","id":"continueThread-t1_dqpajol"}},"t1_dqomalo":{"depth":0,"next":{"type":"comment","id":"t1_dqp1qua"},"prev":null},"t1_dqr1nv4":{"depth":1,"next":{"type":"continueThread","id":"continueThread-t1_dqr1nv4"},"prev":{"type":"comment","id":"t1_dqolhkn"}},"t1_dqp56kj":{"depth":0,"next":{"type":"comment","id":"t1_dqpaaae"},"prev":{"type":"comment","id":"t1_dqomlvw"}},"t1_dqp8t2h":{"depth":0,"next":{"type":"comment","id":"t1_dqrey4j"},"prev":{"type":"comment","id":"t1_dqpadn4"}},"t1_dqqwfv9":{"depth":1,"next":{"type":"continueThread","id":"continueThread-t1_dqqwfv9"},"prev":{"type":"comment","id":"t1_dqqk9ks"}},"t1_dqp1qua":{"depth":1,"next":{"type":"comment","id":"t1_dqr9njh"},"prev":{"type":"comment","id":"t1_dqomalo"}},"t1_dqomlvw":{"depth":1,"next":{"type":"comment","id":"t1_dqp56kj"},"prev":{"type":"comment","id":"t1_dqolw83"}},"t1_dqpajol":{"depth":1,"next":{"type":"continueThread","id":"continueThread-t1_dqpajol"},"prev":{"type":"continueThread","id":"continueThread-t1_dqw5yg5"}},"t1_dqp2gye":{"depth":0,"next":{"type":"comment","id":"t1_dqpadn4"},"prev":{"type":"continueThread","id":"continueThread-t1_dqpaaae"}},"t1_dqr1kus":{"depth":1,"next":{"type":"comment","id":"t1_dqox4js"},"prev":{"type":"comment","id":"t1_dqqt1yx"}},"t1_dqp4pq9":{"depth":1,"next":{"type":"continueThread","id":"continueThread-t1_dqp4pq9"},"prev":{"type":"comment","id":"t1_dqon5st"}},"t1_dqpadn4":{"depth":1,"next":{"type":"comment","id":"t1_dqp8t2h"},"prev":{"type":"comment","id":"t1_dqp2gye"}},"t1_dqopobr":{"depth":0,"next":{"type":"comment","id":"t1_dqqzw94"},"prev":{"type":"continueThread","id":"continueThread-t1_dqp4pq9"}},"t1_dqrey4j":{"depth":1,"next":{"type":"comment","id":"t1_dqqdvt0"},"prev":{"type":"comment","id":"t1_dqp8t2h"}},"t1_dqqt1yx":{"depth":0,"next":{"type":"comment","id":"t1_dqr1kus"},"prev":{"type":"comment","id":"t1_dqxh7iw"}},"t1_dqr9njh":{"depth":1,"next":{"type":"continueThread","id":"continueThread-t1_dqr9njh"},"prev":{"type":"comment","id":"t1_dqp1qua"}},"t1_dqon5st":{"depth":0,"next":{"type":"comment","id":"t1_dqp4pq9"},"prev":{"type":"continueThread","id":"continueThread-t1_dqqwfv9"}},"t1_dqxh7iw":{"depth":1,"next":{"type":"comment","id":"t1_dqqt1yx"},"prev":{"type":"comment","id":"t1_dqpagvd"}},"t1_dqpagvd":{"depth":0,"next":{"type":"comment","id":"t1_dqxh7iw"},"prev":{"type":"continueThread","id":"continueThread-t1_dqqzw94"}},"t1_dqqdvt0":{"depth":0,"next":{"type":"comment","id":"t1_dqqk9ks"},"prev":{"type":"comment","id":"t1_dqrey4j"}},"t1_dqpagre":{"depth":1,"next":{"type":"continueThread","id":"continueThread-t1_dqpagre"},"prev":{"type":"continueThread","id":"continueThread-t1_dqp1nqe"}},"continueThread-t1_dqr1nv4":{"depth":2,"next":null,"prev":{"type":"comment","id":"t1_dqr1nv4"}},"continueThread-t1_dqqwfv9":{"depth":2,"next":{"type":"comment","id":"t1_dqon5st"},"prev":{"type":"comment","id":"t1_dqqwfv9"}},"continueThread-t1_dqqzw94":{"depth":2,"next":{"type":"comment","id":"t1_dqpagvd"},"prev":{"type":"comment","id":"t1_dqqzw94"}},"continueThread-t1_dqpajol":{"depth":2,"next":{"type":"comment","id":"t1_dqolw83"},"prev":{"type":"comment","id":"t1_dqpajol"}},"continueThread-t1_dqw5yg5":{"depth":2,"next":{"type":"comment","id":"t1_dqpajol"},"prev":{"type":"comment","id":"t1_dqw5yg5"}},"continueThread-t1_dqpagre":{"depth":2,"next":{"type":"comment","id":"t1_dqolhkn"},"prev":{"type":"comment","id":"t1_dqpagre"}},"continueThread-t1_dqp4pq9":{"depth":2,"next":{"type":"comment","id":"t1_dqopobr"},"prev":{"type":"comment","id":"t1_dqp4pq9"}},"continueThread-t1_dqp1nqe":{"depth":2,"next":{"type":"comment","id":"t1_dqpagre"},"prev":{"type":"comment","id":"t1_dqp1nqe"}},"continueThread-t1_dqr9njh":{"depth":2,"next":{"type":"comment","id":"t1_dqw5yg5"},"prev":{"type":"comment","id":"t1_dqr9njh"}},"continueThread-t1_dqpaaae":{"depth":2,"next":{"type":"comment","id":"t1_dqp2gye"},"prev":{"type":"comment","id":"t1_dqpaaae"}}}},"keyToHeadCommentId":{"commentsPage--[post:'t3_7h6p4k']":"t1_dqomalo"},"keyToPostId":{"commentsPage--[post:'t3_7h6p4k']":"t3_7h6p4k"},"ads":[]},"contentGate":{},"continueThreads":{"models":{"continueThread-t1_dqr1nv4":{"postId":"t3_7h6p4k","next":null,"depth":2,"parentId":"t1_dqr1nv4","prev":{"type":"comment","id":"t1_dqr1nv4"},"id":"continueThread-t1_dqr1nv4"},"continueThread-t1_dqqwfv9":{"postId":"t3_7h6p4k","next":{"type":"comment","id":"t1_dqon5st"},"depth":2,"parentId":"t1_dqqwfv9","prev":{"type":"comment","id":"t1_dqqwfv9"},"id":"continueThread-t1_dqqwfv9"},"continueThread-t1_dqqzw94":{"postId":"t3_7h6p4k","next":{"type":"comment","id":"t1_dqpagvd"},"depth":2,"parentId":"t1_dqqzw94","prev":{"type":"comment","id":"t1_dqqzw94"},"id":"continueThread-t1_dqqzw94"},"continueThread-t1_dqpajol":{"postId":"t3_7h6p4k","next":{"type":"comment","id":"t1_dqolw83"},"depth":2,"parentId":"t1_dqpajol","prev":{"type":"comment","id":"t1_dqpajol"},"id":"continueThread-t1_dqpajol"},"continueThread-t1_dqw5yg5":{"postId":"t3_7h6p4k","next":{"type":"comment","id":"t1_dqpajol"},"depth":2,"parentId":"t1_dqw5yg5","prev":{"type":"comment","id":"t1_dqw5yg5"},"id":"continueThread-t1_dqw5yg5"},"continueThread-t1_dqpagre":{"postId":"t3_7h6p4k","next":{"type":"comment","id":"t1_dqolhkn"},"depth":2,"parentId":"t1_dqpagre","prev":{"type":"comment","id":"t1_dqpagre"},"id":"continueThread-t1_dqpagre"},"continueThread-t1_dqp4pq9":{"postId":"t3_7h6p4k","next":{"type":"comment","id":"t1_dqopobr"},"depth":2,"parentId":"t1_dqp4pq9","prev":{"type":"comment","id":"t1_dqp4pq9"},"id":"continueThread-t1_dqp4pq9"},"continueThread-t1_dqp1nqe":{"postId":"t3_7h6p4k","next":{"type":"comment","id":"t1_dqpagre"},"depth":2,"parentId":"t1_dqp1nqe","prev":{"type":"comment","id":"t1_dqp1nqe"},"id":"continueThread-t1_dqp1nqe"},"continueThread-t1_dqr9njh":{"postId":"t3_7h6p4k","next":{"type":"comment","id":"t1_dqw5yg5"},"depth":2,"parentId":"t1_dqr9njh","prev":{"type":"comment","id":"t1_dqr9njh"},"id":"continueThread-t1_dqr9njh"},"continueThread-t1_dqpaaae":{"postId":"t3_7h6p4k","next":{"type":"comment","id":"t1_dqp2gye"},"depth":2,"parentId":"t1_dqpaaae","prev":{"type":"comment","id":"t1_dqpaaae"},"id":"continueThread-t1_dqpaaae"}}},"creations":{"api":{"collection":{"createOrUpdate":{"error":null,"pending":false}},"draft":{"deleteDraft":{"error":{},"pending":{}},"listing":{"error":null,"pending":false},"save":{"error":{"apiError":null,"needsCaptcha":false,"validationError":null,"submitValidationError":null},"pending":false}},"editor":{"converting":{"pending":{}},"mediaUpload":{"error":null,"pending":false}},"page":{"error":{},"fetched":{},"pending":{}},"post":{"submit":{"error":{"apiError":null,"needsCaptcha":false,"validationError":null,"submitValidationError":null},"pending":false},"update":{"error":null,"pending":false}},"subreddit":{"change":{"error":null,"pending":false}}},"drafts":{},"formData":{"body":{"link":"","markdown":"","media":null,"rte":{"isBound":false,"editorKey":"2b730e","initialRTJSON":{"document":[]}}},"eventSchedule":null,"flair":null,"govType":null,"isChatPost":false,"isNSFW":false,"isOC":false,"isPoll":false,"isPublicLink":false,"isSpoiler":false,"newSubreddit":"","newTopMod":"","nextSubreddit":null,"ocCategory":null,"postToTwitter":false,"polls":null,"recaptcha":"","sendReplies":true,"submissionType":"post","title":""},"formState":{"fieldValidation":{"title":null,"body":null,"link":null,"flair":null},"isChanged":false,"modalId":null,"ocCategory":null,"submitMode":0},"postEditing":{"draft":{"markdown":"","rte":{"isBound":false,"editorKey":"ffffc3","initialRTJSON":{"document":[]}}},"editorMode":"richtext","postId":null}},"dashboard":{"selectedComponent":null,"subredditPending":false,"subredditLoaded":{}},"discoveryUnits":{"api":{"list":{"error":null,"loaded":true,"pending":false}},"models":{"xd_66":{"enabled":true,"id":"xd_66","layout":"large","parameters":{"sort":"hot"},"surface":"explore","unitName":"posts_in_category_rails_hero","unitType":"listing","url":"/api/posts_in_category.json"},"xd_67":{"enabled":true,"id":"xd_67","layout":"large","surface":"explore","unitName":"posts_in_subreddit_hero","unitType":"listing","url":"/r/%{subredditName}/hot.json"},"xd_68":{"enabled":true,"id":"xd_68","layout":"large","parameters":{"sort":"hot"},"surface":"explore","unitName":"posts_in_category_rails_small","unitType":"listing","url":"/api/posts_in_category.json"},"xd_69":{"enabled":true,"id":"xd_69","layout":"large","surface":"explore","unitName":"posts_in_subreddit_small","unitType":"listing","url":"/r/%{subredditName}/hot.json"},"xd_70":{"enabled":true,"id":"xd_70","layout":"large","surface":"search","unitName":"search_posts","unitType":"community_category","url":"/api/posts_in_category.json"},"xd_71":{"enabled":true,"id":"xd_71","layout":"large","surface":"search","unitName":"search_subreddits","unitType":"community_category","url":"/api/subreddits_in_category.json"},"xd_72":{"enabled":true,"id":"xd_72","layout":"large","surface":"subreddit_listing","unitName":"community_banner_posts","unitType":"subreddit_listing","url":"/r/%{subredditName}/top.json"},"xd_83":{"enabled":true,"id":"xd_83","layout":"large","surface":"subreddit_listing","unitName":"best_of_community","unitType":"subreddit_listing","url":"/r/%{subredditName}/top.json"},"xd_88":{"enabled":true,"id":"xd_88","layout":"large","surface":"front_page","title":"Similar communities to %{subredditName}","unitName":"chaining_similar_subreddits_posts","unitType":"listing"},"xd_89":{"enabled":true,"id":"xd_89","layout":"large","surface":"front_page","title":"Mildy similar posts","unitName":"chaining_similar_posts","unitType":"listing"},"xd_90":{"enabled":true,"id":"xd_90","layout":"large","surface":"comments","title":"Posts in subreddit %{subredditName}","unitName":"posts_in_subreddit_vertical","unitType":"listing"},"xd_91":{"enabled":true,"id":"xd_91","layout":"large","surface":"comments","title":"Posts in recommended home","unitName":"posts_in_rec_home","unitType":"listing"}},"nameToId":{"posts_in_category_rails_hero":"xd_66","posts_in_subreddit_hero":"xd_67","posts_in_category_rails_small":"xd_68","posts_in_subreddit_small":"xd_69","search_posts":"xd_70","search_subreddits":"xd_71","community_banner_posts":"xd_72","best_of_community":"xd_83","chaining_similar_subreddits_posts":"xd_88","chaining_similar_posts":"xd_89","posts_in_subreddit_vertical":"xd_90","posts_in_rec_home":"xd_91"}},"economics":{"currentBadgeManagementScreen":{"badgeType":"cosmetic","view":"gallery"},"currentModalArgs":null,"currentPaymentTarget":null,"emotes":{},"ftue":{"tippingHighlightViewed":null,"topTippersViewed":null},"paymentSystems":{"status":2},"specialMemberships":{"allSubscriptionsFetched":false,"data":{}},"subredditPremium":{},"tipDetails":{}},"emojis":{"api":{"list":{"pending":{}}},"models":{}},"externalAccount":{"api":{"connect":{"error":{},"pending":{}},"disconnect":{"error":{},"pending":{}},"user":{"error":{},"pending":{}},"subreddit":{"error":{},"fetched":{},"pending":{}}},"user":{},"subreddit":{}},"featureFlags":{"overrides":{"introModal":null,"markdownMode":null,"modQueue":null,"spBadges":null,"spCommunityTipJar":null,"spEmotes":null,"spFavoriteCreators":null,"spGovPolls":null,"spHarberger":null,"spLeaderboard":null,"spLoadtest":null,"spPoints":null,"spPolls":null,"spPremium":null,"spPremiumSubscriptions":null,"spPremiumUpsells":null,"spPublicPoints":null,"spSpinoffs":null,"spSupport":null,"spTopTippers":null,"communityTopics":null,"adminCommunityTopics":null,"events":null,"collections":null,"rteVideoPoster":null,"userSeenSubredditChatFtux":null,"userInChat":null,"userInSubredditChat":null,"userInChatUserSettings":null,"devAndStagingWatermark":null,"fpsMeter":null,"rabbitHole":null,"measureScrollFPS":null,"showVerboseErrors":null,"uappBanner":null,"canProxyGild":null,"experiments":null,"enableGraphQl":null,"importExportThemes":null,"flairRestrictions":null,"spezModal":null,"superbOwl":null,"enableShadowMode":null,"useGraphQLInFrontpage":null,"wikiEditing":null,"pushNotificationsBrowserSupported":null,"enableCrowdControlMode":null,"customFeeds":null,"snoovatar30":null,"isEmailPermissionRequired":null,"__requiredDoNotRemove":null}},"flairedUsers":{"api":{"error":null,"pending":false},"models":{},"pageInfo":{},"search":{"api":{"error":null,"pending":false},"result":null},"userOrder":{}},"fontFiles":[{"family":"IBMPlexSans","weight":700,"style":"normal","woffUrl":"fonts/IBMPlexSans/Bold-c34ba754b7235b49d33b294ff7a54179.woff","woff2Url":"fonts/IBMPlexSans/Bold-875de5047556e7c822519d95d7ee692d.woff2"},{"family":"IBMPlexSans","weight":500,"style":"normal","woffUrl":"fonts/IBMPlexSans/Medium-1051a531d3e1ee3483a6533158557139.woff","woff2Url":"fonts/IBMPlexSans/Medium-c4b185e25a4dde85a29f902cd5ce5360.woff2"},{"family":"IBMPlexSans","weight":400,"style":"normal","woffUrl":"fonts/IBMPlexSans/Regular-e6bbcdd30d3bd4d6b170bcb6d3552cab.woff","woff2Url":"fonts/IBMPlexSans/Regular-116bb6d508f5307861d3b1269bc597e7.woff2"},{"family":"Noto Mono","weight":400,"style":"normal","woffUrl":"fonts/NotoMono/Regular-e6bbcdd30d3bd4d6b170bcb6d3552cab.woff","woff2Url":"fonts/NotoMono/Regular-b16bb0524a7e7ee597970333c0c67180.woff2"},{"family":"Noto Mono","weight":400,"style":"normal","woffUrl":"fonts/NotoMono/el-Regular-06ee3f893717454d11a16c3e8d0aa9f9.woff","woff2Url":"fonts/NotoMono/el-Regular-29d72243d2cd6145b28bcb80dc33f0e4.woff2"},{"family":"Noto Sans","weight":700,"style":"italic","woffUrl":"fonts/NotoSans/Bold-Italic-255b4934a1f414dd312aa89382d65114.woff","woff2Url":"fonts/NotoSans/Bold-Italic-be39cd37f002d25d500c67b88871bed4.woff2"},{"family":"Noto Sans","weight":700,"style":"normal","woffUrl":"fonts/NotoSans/Bold-c34ba754b7235b49d33b294ff7a54179.woff","woff2Url":"fonts/NotoSans/Bold-d4ba4ecba17e90993f442f7bb082a3a2.woff2"},{"family":"Noto Sans","weight":400,"style":"normal","woffUrl":"fonts/NotoSans/Regular-e6bbcdd30d3bd4d6b170bcb6d3552cab.woff","woff2Url":"fonts/NotoSans/Regular-d6a6aa8dc0f93416a832ea04a18c6fb8.woff2"},{"family":"Noto Sans","weight":700,"style":"italic","woffUrl":"fonts/OldNotoSans/Bold-Italic-255b4934a1f414dd312aa89382d65114.woff","woff2Url":"fonts/OldNotoSans/Bold-Italic-5a241c76c24e463ef9bcc5855d20209b.woff2"},{"family":"Noto Sans","weight":700,"style":"normal","woffUrl":"fonts/OldNotoSans/Bold-c34ba754b7235b49d33b294ff7a54179.woff","woff2Url":"fonts/OldNotoSans/Bold-b85bf848c28799f5ad34ee29db68051c.woff2"},{"family":"Noto Sans","weight":400,"style":"normal","woffUrl":"fonts/OldNotoSans/Regular-e6bbcdd30d3bd4d6b170bcb6d3552cab.woff","woff2Url":"fonts/OldNotoSans/Regular-e50c34178d20d5fa4ab3c1f6c67901a9.woff2"}],"gild":{"api":{"error":null,"pending":false,"showLoader":false},"gildModalThingId":null,"includeMessage":false,"isAnonymous":false,"isIframed":false,"message":"","selectedAward":{"awardType":"GLOBAL","coinPrice":500,"coinReward":100,"description":"","daysOfDripExtension":0,"icon":{"url":"https://www.redditstatic.com/desktop2x/img/gold/badges/award-gold-medium.png?v=2"},"id":"gid_2","isEnabled":true,"name":"Gold","daysOfPremium":7}},"goldPurchase":{"coinPurchaseModal":{"activePage":"selectPayment","gildThingId":null,"purchasePackage":null,"showModal":false},"payment":{"cardName":"","cardValidation":{"cardCvc":"","cardExpiry":"","cardNumber":"","nameOnCard":"","postalCode":""},"paymentMethod":"paypal","paypal":{"errorMessage":null,"passthrough":""},"rememberCard":true,"savedCards":[],"savedCardsPending":false,"stripeToken":{"errorMessage":null,"pending":false},"useSavedCard":null},"premiumPurchaseModal":{"activePage":"selectPayment","showModal":false},"updateCardModal":{"pending":false}},"header":{"isSubscriptionsDropdownOpen":false},"imageUploads":{},"isEmailVerificationTooltipShowing":true,"isModeratorWithPostPerms":false,"jsApi":[],"leaderboard":{"api":{"error":{},"pending":{}},"dateRangeSelection":{},"models":{}},"listings":{"activeKey":"","listingOrder":{"api":{"error":{},"pending":{}},"identifiers":{},"ids":{},"fetchedTokens":{},"loadMore":{}},"postOrder":{"api":{"error":{},"pending":{}},"endMarkers":{},"fetchedTokens":{},"ids":{},"listingSort":{},"loadMore":{}}},"live":{"featured":null,"isFrontpageLoaded":false},"mediaPlayback":{"isMuted":true,"volume":1},"meta":{"isBot":false,"isSessionSeo":false,"userAgent":"Mozilla/5.0 (Windows NT 10.0; Win64; x64) AppleWebKit/537.36 (KHTML, like Gecko) Chrome/75.0.3770.142 Safari/537.36","country":"US","domain":"www.reddit.com","protocol":"https","sessionReferrerDomain":"","method":"GET","pageloadServerTime":1564652567988},"moderatingSubreddits":{},"moderationLog":{"actions":{"itemOrder":{},"models":{}},"endCursor":null,"hasNextPage":{},"hasPreviousPage":{},"moderators":[],"startCursor":null},"moderators":{"editableModerators":{},"editableUserOrder":{"data":{},"api":{"error":{},"pending":{}}},"invitedModerators":{"api":{"error":null,"pending":false},"models":{},"userOrder":{}},"invitePending":{},"loadMoreModerators":{},"loadMoreEditableModerators":{},"models":{},"search":{"api":{"error":null,"pending":false},"result":null},"userOrder":{"data":{},"api":{"error":{},"pending":{}}}},"modListingPage":{"filteredSubreddits":{"api":{"error":null,"pending":false},"names":[]}},"modModeEnabled":true,"modQueue":{"bulkAction":{"api":{"error":null,"pending":false},"selectedItems":{},"undoLastAction":{}},"edited":{"api":{"error":null,"pending":false},"itemOrder":{},"loadMore":{}},"moderatedCommunitiesOrder":{"after":null,"data":[],"loaded":false,"pending":false},"modqueue":{"api":{"error":null,"pending":false},"itemOrder":{},"loadMore":{}},"reports":{"api":{"error":null,"pending":false},"itemOrder":{},"loadMore":{}},"spam":{"api":{"error":null,"pending":false},"itemOrder":{},"loadMore":{}},"unmoderated":{"api":{"error":null,"pending":false},"itemOrder":{},"loadMore":{}}},"moreComments":{"api":{"error":{},"pending":{}},"models":{}},"multireddits":{"api":{"addSubreddit":{"error":null,"fetched":false,"pending":null},"create":{"error":null,"fetched":false,"pending":false},"deleteMulti":{"error":null,"fetched":false,"pending":false},"duplicate":{"error":null,"fetched":false,"pending":false},"edit":{"error":null,"fetched":false,"pending":false},"forUser":{"fetched":false,"pending":false},"recommendations":{"error":null,"fetched":false,"pending":true},"removeSubreddit":{"error":null,"fetched":false,"pending":null}},"byUserId":{},"models":{},"recommendations":{}},"muted":{"api":{"error":null,"pending":{}},"fetchedTokens":{},"inContext":null,"loadMore":{},"models":{},"search":{"api":{"error":null,"pending":false},"result":null},"userOrder":{}},"notificationBannerId":null,"nps":{"pending":false,"success":false},"oldSiteRules":[],"originalContent":{"bestPosts":{"api":{"error":{},"pending":{}}},"categories":{"api":{"error":null,"pending":false},"models":{}},"topCommunities":{"api":{"error":{},"pending":{}}},"topCreators":{"api":{"error":{},"pending":{}}}},"partnerSubredditConnection":{"api":{"page":{"error":{},"fetched":{},"pending":{}}}},"platform":{"allowNavigationCallback":null,"currentPage":{"key":"/r/sysadmin/comments/7h6p4k/whose_using_starwind_hyperconverged_appliance_are/","meta":{"name":"comments"},"queryParams":{},"routeMatch":{"match":{"path":"/:routePrefix(r)/:subredditName/comments/:partialPostId/:urlSafePostTitle?","url":"/r/sysadmin/comments/7h6p4k/whose_using_starwind_hyperconverged_appliance_are/","isExact":true,"params":{"routePrefix":"r","subredditName":"sysadmin","partialPostId":"7h6p4k","urlSafePostTitle":"whose_using_starwind_hyperconverged_appliance_are"},"queryParams":{}},"route":{"path":"/:routePrefix(r)/:subredditName/comments/:partialPostId/:urlSafePostTitle?","chunk":"CommentsPage","exact":true,"meta":{"name":"comments"},"prefetches":["Frontpage","Subreddit"]}},"status":200,"url":"/r/sysadmin/comments/7h6p4k/whose_using_starwind_hyperconverged_appliance_are/","urlParams":{"routePrefix":"r","subredditName":"sysadmin","partialPostId":"7h6p4k","urlSafePostTitle":"whose_using_starwind_hyperconverged_appliance_are"},"isRobotIndexable":true},"lastPage":null,"referrers":{},"sessionReferrer":null,"metas":{"/r/sysadmin/comments/7h6p4k/whose_using_starwind_hyperconverged_appliance_are/":{"title":"Whose using Starwind Hyperconverged appliance? Are you happy with it? : sysadmin"}}},"postCollection":{"models":{},"subredditToIds":{},"api":{"error":{"reorderError":null,"updateDescriptionError":null,"updateLayoutError":null},"pending":{"reorderPending":false,"updateDescriptionPending":false,"updateLayoutPending":false}}},"polls":{"api":{"voting":{"error":{},"pending":{}}},"models":{},"results":{"byLockedVotingPower":{},"byVoters":{},"byVotingPower":{}},"rewards":{}},"postFlair":{"t5_2qnp7":{"displaySettings":{"position":"left","isEnabled":true},"permissions":{"canAssignOwn":true},"templateIds":[],"templates":{}}},"posts":{"bestOCPosts":{},"chained":{"dismissed":false,"dismissedIdToListingKey":{},"idToListingKey":{}},"embedAndImage":{"loadable":{}},"expanded":{},"focus":null,"instances":{},"metaMap":{},"models":{"t3_7h6p4k":{"domain":"self.sysadmin","isCrosspostable":false,"isMeta":false,"isStickied":false,"domainOverride":null,"callToAction":null,"eventsOnRender":[],"isScoreHidden":false,"saved":false,"numComments":76,"upvoteRatio":0.85,"author":"sunsetparkslope","postCategories":[{"categoryId":"c1016","categoryName":"Tech"}],"media":{"obfuscated":null,"richtextContent":{"document":[{"c":[{"e":"text","t":"After several weeks of research and getting quotes from Nutanix, vxrail, nimble, and simplivity, all in the neighborhood of $225k. I also received a quote from Starwind for an all flash 7.2TB (6Gbps SATA) 3 node hyper converged (Hyper-V) appliance for $85k which includes windows and SQL licenses.  I feel this is more than enough to run 5 virtual machines for 25 users todday and maybe 50 users later for a warehouse management system and file sharing."}],"e":"par"},{"c":[{"e":"text","t":"What I would like to know is who else uses this product and what their experience with it has been.   I do have a technical demo scheduled with Starwind, but it would be great to have some insight prior to that.  Their website does have info but nothing I find helpful."},{"e":"br"},{"e":"text","t":"thanks!"}],"e":"par"}]},"type":"rtjson","rteMode":"richtext","mediaMetadata":null},"numCrossposts":0,"isSponsored":false,"id":"t3_7h6p4k","contentCategories":null,"source":null,"isLocked":false,"score":25,"isSpoiler":false,"isArchived":true,"contestMode":false,"liveCommentsWebsocket":"wss://ws-021face97bba27158.wss.redditmedia.com/link/7h6p4k?m=AQAAmAVEXW3JrSSAQEqvB5XT2rIxTDqnsvXD6bRRr07QKX_teF5K","thumbnail":{"url":"self","width":null,"height":null},"belongsTo":{"type":"subreddit","id":"t5_2qnp7"},"crosspostRootId":null,"crosspostParentId":null,"sendReplies":true,"goldCount":0,"gildings":null,"authorId":"t2_8xw2f","isNSFW":false,"isMediaOnly":false,"postId":"t3_7h6p4k","suggestedSort":null,"hidden":false,"viewCount":0,"permalink":"https://www.reddit.com/r/sysadmin/comments/7h6p4k/whose_using_starwind_hyperconverged_appliance_are/","created":1512263461000,"title":"Whose using Starwind Hyperconverged appliance? Are you happy with it?","events":[],"isOriginalContent":false,"distinguishType":null,"discussionType":null,"voteState":0,"flair":[],"isBlank":false,"numDuplicates":0}},"recent":[],"video":{"autoPlayed":{},"buffering":{},"consumed":{},"continuousViewStartedAt":{},"fullscreen":null,"loadable":{},"loadTimes":{},"metadata":{},"paused":{},"playing":{},"started":{},"time":{}}},"postStickiedComments":{"data":{}},"givePremium":{"api":{"error":null,"pending":false},"givePremiumModalAccountName":""},"products":{"api":{"fetch":{"error":{},"pending":{}},"purchase":{"error":{},"pending":{}}},"currentlyPurchasing":null,"models":{}},"profileCommentsPage":{"api":{"error":{},"pending":{}},"endMarkers":{},"fetchedTokens":{},"commentIds":{},"loadMore":{}},"profilePrivatePage":{"api":{"error":{},"pending":{}},"ids":{},"pageInfo":{}},"profileModSettingsPage":{"api":{"pending":true}},"profileOverviewPage":{"chrono":{"api":{"error":{},"pending":{}},"fetchedTokens":{},"ids":{},"loadMore":{}},"conversations":{"api":{"error":{},"pending":{}},"extraComments":{"api":{"error":{},"pending":{}},"models":{}},"keyToCommentThreadLinkSets":{},"keyToHeadCommentId":{},"keyToPostId":{}}},"profilePostsPage":{},"profiles":{"about":{},"models":{},"moderated":{"api":{"pending":{}},"models":{},"pageInfo":{}},"multireddits":{"api":{"pending":{}},"pageInfo":{}},"pinnedPosts":{"data":{},"initialData":{},"pending":{}},"trophyCases":{}},"providerFlair":{"models":{"t5_2qnp7":{"[deleted]":null,"NISMO1968":null,"sunsetparkslope":null,"MiReTech":null,"baconisgooder":null,"blaat1234":null,"chuckpatel":null,"bad_sysadmin":null,"jello3d":null,"scottalanmiller":null,"PoSaP":null,"bjacksonokc":null,"MrYiff":null,"macboost84":null,"DerBootsMann":null,"StrangeWill":null,"bhos17":null,"Candy_Badger":null}}},"promos":{"mobilePromoBanner":false,"upsellSignUpBannerLarge":false,"upsellSignUpBannerMedium":false,"upsellSignUpBannerSmall":null},"recommendations":{},"removalReasons":{"api":{"error":null,"pending":false},"models":{},"reasonOrder":{},"removedItemIds":null},"reportFlow":{"api":{"error":{},"pending":{},"success":{}},"openedFromModalPage":false,"postOrCommentId":null,"userIsMod":false},"reportPage":{"reportPageApi":{"error":null,"pending":false,"success":false},"reportPageRules":[]},"requestHost":"www.reddit.com","runTimeEnvVars":{"staging":false,"startTimeInMillis":1564651204691},"search":{"relatedQueries":{},"searchQuery":null,"typeahead":{"idsByQuery":{},"models":{}},"viewTreatment":{}},"searchDiscoveryUnits":{"headerContent":{},"models":{},"order":{}},"seo":{"crawler":null,"linksModule":{}},"shortcuts":{"activeCommentId":null,"activePostId":"t3_7h6p4k","namespace":"CommentPage"},"sidebarPromotedPosts":{"firstFetch":false,"models":{}},"sitewideRules":[],"structuredStyles":{"draft":{},"exportStyles":{"error":null,"pending":false},"flairTemplate":{"models":{}},"imagePreviews":{},"isBladeEditorDirty":false,"isEditing":null,"models":{"t5_2qnp7":{"menuBackgroundBlur":null,"menuLinkColorInactive":null,"menuLinkColorHover":null,"bannerCommunityNameFormat":"pretty","postUpvoteIconInactive":null,"highlightColor":"#0079d3","menuBackgroundOpacity":null,"postUpvoteCountColor":null,"bannerHeight":"small","postBackgroundColor":null,"mobileBannerImage":null,"bannerOverlayColor":null,"bannerCommunityName":null,"postDownvoteIconActive":null,"postUpvoteIconActive":null,"menuBackgroundColor":null,"postBackgroundImagePosition":null,"backgroundImage":null,"bannerBackgroundImagePosition":null,"backgroundColor":"#bbbdbf","submenuBackgroundStyle":null,"backgroundImagePosition":null,"bannerShowCommunityIcon":null,"bannerBackgroundColor":null,"submenuBackgroundColor":null,"sidebarWidgetHeaderColor":null,"bannerPositionedImagePosition":null,"bannerBackgroundImage":null,"postDownvoteCountColor":null,"postPlaceholderImagePosition":null,"postDownvoteIconInactive":null,"primaryColor":"#7193ff","sidebarWidgetBackgroundColor":null,"mobileKeyColor":null,"menuPosition":null,"postVoteIcons":null,"menuLinkColorActive":null,"bannerPositionedImage":null,"secondaryBannerPositionedImage":null,"menuBackgroundImage":null,"postBackgroundImage":null,"postPlaceholderImage":null,"communityIcon":"https://styles.redditmedia.com/t5_2qnp7/styles/communityIcon_gcx9bz62dbg01.png","postTitleColor":null}}},"stylesheets":"https://www.redditstatic.com/desktop2x/chunkCSS/Reddit.44c4e6e827a82a16994e.css","subredditAutocomplete":{"api":{"error":{},"pending":{}},"models":{}},"subredditChannels":{"api":{"error":{},"pending":{},"whitelist":{}},"models":{},"selected":null},"subreddits":{"about":{"t5_2qnp7":{"contentCategory":"","publicDescription":"A reddit dedicated to the profession of Computer System Administration.","hasExternalAccount":false,"userIsSubscriber":null,"accountsActive":1743,"advertiserCategory":"Technology","allOriginalContent":false,"restrictCommenting":false,"showMedia":true,"restrictPosting":true,"subscribers":359362,"allowedPostTypes":{"images":false,"text":true,"videos":false,"links":false,"spoilers":true},"usingNewModmail":true,"emojisEnabled":true,"disableContributorRequests":false,"userIsContributor":null,"originalContentTagEnabled":false}},"api":{"about":{"error":{},"pending":false},"connectToPartner":{"error":null,"lastConnectedSubredditId":null,"pending":false},"create":{"error":{"apiError":null},"lastCreatedSubredditId":null,"pending":false},"rankings":{"error":null,"pending":false},"rules":false,"similar":{"pending":{}},"topContent":{"error":{},"pending":{}},"wiki":{"error":{},"pending":{}}},"appliedFilters":{"meta":{}},"byCategory":{},"communityInfo":{},"crosspostable":{"api":{"errors":null,"pending":false},"ids":{}},"duplicates":{"models":{}},"gov":{"assets":{},"communityJar":{},"distributions":{},"meta":{},"releaseNotes":{}},"models":{"t5_2qnp7":{"whitelistStatus":"all_ads","isNSFW":false,"subscribers":359362,"primaryColor":"#7193ff","id":"t5_2qnp7","icon":{"url":"","width":null,"height":null},"isQuarantined":false,"name":"sysadmin","title":"Sysadmin","url":"/r/sysadmin/","wls":6,"freeFormReports":true,"displayText":"r/sysadmin","type":"public","communityIcon":"https://styles.redditmedia.com/t5_2qnp7/styles/communityIcon_gcx9bz62dbg01.png"}},"moderated":{"api":{"errors":null,"fetched":false,"pending":false},"order":null},"original":[],"products":{},"rankings":{},"rankingsPageInfo":{},"rules":{},"settings":{},"similar":{},"subredditWiki":{"diff":{},"directory":{},"pages":{},"pageSettings":{},"revisions":{"api":{"error":{},"pending":{}},"listings":{},"models":{}}},"top":{},"topContent":{},"trending":[]},"subredditSettings":{"postRequirements":{"formState":{"isLoading":true,"isSaving":false,"hasFormError":false,"serverError":null,"titleStrings":{"isToggled":false,"strings":[]},"titleRegEx":{"isToggled":false,"regex":[]},"titleLength":{"isToggled":false,"min":null,"max":null},"postLength":{"isToggled":false,"min":null,"max":null},"postingGuidelines":{"requirement":"none","guidelines":null},"postBodyRequirement":"none","linkListPermission":"none","linkDomain":{"whitelist":[],"blacklist":[]},"reposts":{"isToggled":false,"days":null},"flair":{"isToggled":false}},"formErrors":{"titleRegEx":{"regex":null},"titleStrings":{"strings":null},"titleLength":{"min":null,"max":null},"postLength":{"min":null,"max":null},"postingGuidelines":{"guidelines":null},"postBodyRequirement":{"requirement":null},"linkListPermission":{"permission":null},"linkDomain":{"whitelist":null,"blacklist":null},"reposts":{"days":null}},"initialData":null},"requirementsBySubreddit":{}},"subredditStickyPosts":{"data":{}},"subscriptions":{"api":{"errors":null,"fetched":false,"pending":false},"favoriteMultiOrder":[],"favoriteProfileOrder":[],"favoriteSubredditOrder":[],"multiredditOrder":[],"profileOrder":[],"subredditOrder":[]},"tags":{"api":{"create":{"pending":false,"error":false},"deleteTag":{"pending":false,"error":false},"fetch":{"pending":false,"error":false},"update":{"pending":false,"error":false}},"availableGlobalTagOrder":{"global":[],"recommendedGlobal":[]},"models":{"globalSubredditTags":{},"subredditScopedTags":{},"itemTags":{},"suggestedItemTags":{},"sortedItemTags":{}},"selected":{"selectedOptions":{},"selectedSuggestedOptions":{},"deselectedOptions":{},"deselectedSuggestedOptions":{},"inputByItemId":{},"suggestedInputByItemId":{}}},"themes":{},"toaster":[],"tooltipId":null,"tracking":{"viewportDataLoaded":{}},"trafficStats":{"pending":false,"trafficStats":null},"transfers":{"communityPoints":{"api":{"error":null,"pending":false},"contentId":null,"initialRecipient":""}},"trending":{"models":[]},"trophies":{},"uploads":{},"user":{"account":null,"accountSettings":{"changeEmail":{"api":{"error":null,"pending":false}},"resetPassword":{"api":{"pending":false}},"sendResetEmail":{"api":{"pending":false,"emailSent":false}}},"blocked":{"api":{},"data":[]},"chatSettings":{"invitePolicy":"Everyone"},"drafts":null,"experiments":{"models":[{"id":207,"name":"android_email_digest_copy","variant":"treatment_1","version":"8"},{"id":328,"name":"android_graphql_all_feed_5","variant":"enabled","version":"1"},{"id":326,"name":"android_graphql_popular_feed_6","variant":"enabled","version":"1"},{"id":184,"name":"android_max_video_bitrate","variant":"2_0_mbps","version":"4"},{"id":62,"name":"best_sort_explore_batch","variant":"best_sort_explore_enabled","version":"5"},{"id":196,"name":"channels_subscriber_limit","variant":"limit_1000","version":"7"},{"id":206,"name":"chat_posts_android_2","variant":"control_2","version":"4"},{"id":210,"name":"chat_posts_android_2_features","variant":"true","version":"7"},{"id":127,"name":"d2x_graphql_home_feed","variant":"gql_home_feed","version":"21"},{"id":69,"name":"desktop_seo_post_test_v1","variant":"listing_on_bottom","version":"10"},{"id":164,"name":"desktop_seo_post_v2_truncate","variant":"both","version":"3"},{"id":58,"name":"dn_perms_current_pre_prompt","variant":"dark_system_dialogue","version":"9"},{"id":263,"name":"email_collection_v1","variant":"footer_2","version":"6"},{"id":226,"name":"email_digest_frequency","variant":"five_per_week","version":"4"},{"id":177,"name":"email_permissions","variant":"treatment_1","version":"5"},{"id":106,"name":"email_verification_banner","variant":"tooltip","version":"3"},{"id":285,"name":"hide_best_of_community","variant":"enabled","version":"2"},{"id":265,"name":"ios_email_permissions","variant":"treatment_1","version":"4"},{"id":310,"name":"ios_graphql_home_feed_3","variant":"enabled","version":"1"},{"id":311,"name":"ios_graphql_popular_feed_2","variant":"enabled","version":"1"},{"id":325,"name":"ios_graphql_post_feeds_1","variant":"enabled","version":"1"},{"id":245,"name":"ios_post_collections_v2","variant":"enabled","version":"1"},{"id":315,"name":"ios_screenshot_share","variant":"control_1","version":"2"},{"id":72,"name":"ios_wkwebview_youtube_rollout","variant":"enabled","version":"5"},{"id":86,"name":"jerome_test","variant":"0_3_50_unmetered","version":"12"},{"id":50,"name":"lnl_vs_best_vs_explore_exploit","variant":"best_sort","version":"33"},{"id":57,"name":"logged_in_transactional_dn_test","variant":"treatment","version":"5"},{"id":98,"name":"logged_in_trending_dns_2","variant":"trending_only","version":"5"},{"id":137,"name":"logged_out_pn_personalization","variant":"expanded_best_sort_tos","version":"15"},{"id":104,"name":"logged_out_trending_dns","variant":"enabled","version":"9"},{"id":155,"name":"logged_out_weighted_tos_notification","variant":"best_sort_tos_boosting_5","version":"7"},{"id":257,"name":"low_karma_rate_limit","variant":"limit_20_per_hour","version":"4"},{"id":120,"name":"manual_sr_recommendations","variant":"direct_tos","version":"5"},{"id":194,"name":"meta_features","variant":"true","version":"3"},{"id":212,"name":"new_media_transitions","variant":"enabled","version":"3"},{"id":90,"name":"non_personalized_notification_frequency","variant":"control_2","version":"8"},{"id":158,"name":"pn_sub_fallback","variant":"best_sort_fallback","version":"4"},{"id":47,"name":"popular_re_sort","variant":"linear_regression_v2_60","version":"23"},{"id":140,"name":"post_view_consume_killswitch","variant":"false","version":"2"},{"id":79,"name":"rails_search_results_redesign","variant":"treatment_1","version":"9"},{"id":169,"name":"redesign_feed_chaining_logged_in","variant":"factorization_similar","version":"14"},{"id":170,"name":"redesign_feed_chaining_logged_out","variant":"factorization_similar","version":"15"},{"id":43,"name":"redesign_go_to_home","variant":"home_after_0","version":"7"},{"id":83,"name":"related_queries_rollout","variant":"active","version":"9"},{"id":284,"name":"search_typeahead_v3","variant":"typeahead_v3","version":"4"},{"id":329,"name":"subreddit_recommendation_tod","variant":"control_2","version":"1"},{"id":78,"name":"time_on_subreddit_push_notifications","variant":"expanded_best_sort","version":"12"},{"id":63,"name":"trending_dropdown_redesign","variant":"treatment_1","version":"9"},{"id":81,"name":"trending_entrypoint_redesign","variant":"treatment_1","version":"7"},{"id":48,"name":"typeahead_redesign","variant":"treatment_1","version":"4"},{"id":153,"name":"weighted_random_tos_notification","variant":"best_sort_tos_boosting_5","version":"8"},{"id":119,"name":"work_manager_android","variant":"true","version":"6"}],"localPersisted":{},"overrides":{}},"features":{},"isCustomizeFlyoutShowing":false,"topContentDismissalPrefsSet":null,"language":"en","loggedOutData":{"accountCompleteness":{"collapsed":false,"step":"initial"},"dataLoaded":false,"feedMultiName":[],"homeFeed":{"similar":[],"topBanner":{"isClosed":false,"viewsCount":0},"views":["sysadmin"],"votes":{}},"isFrontpageHome":false,"postsCount":0,"tooltips":{"home_active":{},"subscribe_feed":{},"subscribe_id":{},"subscribe_reminder":{},"vote":{},"vote_reminder":{},"vote_success":{}},"views":{"count":{"beforeBanner":0,"total":1},"posts":["t3_7h6p4k"]},"votes":{"comments":{},"posts":{}}},"loid":{"blob":"Z0FBQUFBQmRRclFZTUpfXzM0OGRlLTR4Z3JkSjdNb29NS2RLaW9qbmhBVkNjYXhLOGZPT0VtVWpKSXpBOEFDNE8waWZ1U08xcnM0R19ZdWVZZVdGbTRFODdoTHI4SHJuY0JzOUVCOVIwSTh1eWJxSHA0bnhpNzAwZXdPd3M4VDIwUVpRdVVqdnlOTGc","loid":"00000000004a2bmgo4","loidCreated":"1564652568013","version":2},"notificationPrefs":{"api":{"getPreferences":{"error":null,"loaded":false,"pending":false},"setPreferences":{"error":null,"loaded":false,"pending":false}},"isPrePromptVisible":false,"preferences":{"chatMessages":false,"trendingPosts":false,"unreadMessages":false}},"ownedBadges":{},"prefs":{"allowClickTracking":false,"autoplayVideo":true,"collapsedTraySections":{"favorites":false,"multis":false,"moderating":false,"subscriptions":false,"profiles":false},"commentMode":"richtext","layout":"card","rememberCommunityLayout":false,"defaultCommentSort":"confidence","editorMode":"richtext","featuresViewedHistory":{"commentForm":{"markdownModeNotification":false}},"globalTheme":"REDDIT","hasSeenCustomizeFlyout":true,"hideNSFW":true,"ignoreSuggestedSort":false,"labelNSFW":true,"markMessagesRead":true,"nightmode":false,"openPostInNewTab":false,"over18":false,"showActiveCommunities":true,"showTwitter":false,"sort":"hot","stylesEnabled":true,"subreddit":{},"topContentDismissalTime":0,"topContentTimesDismissed":0,"rememberCommunitySort":false,"useMarkdown":false},"reddaid":"","session":{"accessToken":"-ylpFlBDI8cAZ3GuYZ9GSyB2fUdg","expires":"2019-08-01T10:42:48.048Z","expiresIn":3600,"unsafeLoggedOut":true,"safe":true},"sessionRefreshFailed":false,"sessionTracker":"7SirBjg48vH52dkhRa.0.1564652568435.Z0FBQUFBQmRRclFZM3M4YjExdGdjcmdqYV9zeHM4N2h0UjdEYWxqUjh5WnBmOVhHbzd2WWJXV254S0NRTzFjWnFDc2xGTHN5VGpaN2pTM0tDd2Nfalp2bEpOSnRqcFhleE9zaWlxY3k3M2o2QXhlU0hTdHJCT2RIcnFUWm9YU0FsaDJpUElhdmVUazU","shuffledCategories":["entertainment","outdoors","news","picsAndGifs","writing","food","art","advice","gaming","memes","health","videoGames","music","sports","vroom","dIY","science","photography","relationships","animals","tech","fashion","tv","videos","electronics","travel","funny"],"temporaryGQL":{"isEmployee":null,"isLoggedIn":false},"wallets":{},"whitelist":{"api":{},"data":[]}},"userFlair":{"t5_2qnp7":{"applied":null,"templates":{},"templateIds":[],"displaySettings":{"position":"right","isEnabled":true,"isUserEnabled":false},"permissions":{"canUserChange":false,"canAssignOwn":true}}},"users":{"api":{"error":{},"pending":false},"appliedBadges":{},"models":{},"nameAvailable":{},"publicWallets":{},"topOCCreators":{}},"widgets":{"idCardIds":{"t5_2qnp7":"widget_id-card-2qnp7"},"menuIds":{"t5_2qnp7":"widget_11vrut4itltcc"},"models":{"widget_rules-2qnp7":{"styles":{"headerColor":null,"backgroundColor":null},"kind":"subreddit-rules","id":"widget_rules-2qnp7","shortName":"Subreddit Rules","data":[{"violationReason":"Your account must be 24 hours old in order to post","description":" * Your account must be 24 hours old in order to post to this subreddit.\n * Please use your main account to post or comment, or wait 24 hours and resubmit. If the issue is urgent, feel free to message the moderation team.","createdUtc":1453837536,"priority":0,"descriptionHtml":"\u003C!-- SC_OFF --\u003E\u003Cdiv class=\"md\"\u003E\u003Cul\u003E\n\u003Cli\u003EYour account must be 24 hours old in order to post to this subreddit.\u003C/li\u003E\n\u003Cli\u003EPlease use your main account to post or comment, or wait 24 hours and resubmit. If the issue is urgent, feel free to message the moderation team.\u003C/li\u003E\n\u003C/ul\u003E\n\u003C/div\u003E\u003C!-- SC_ON --\u003E","shortName":"Account Age"},{"violationReason":"Be professional in conduct.","description":"* Please treat community members politely - even when you disagree.   \n* No personal attacks - debate issues, challenge sources - but don't make or take things personally.   \n* No posts that are entirely memes or AdviceAnimals or Kitty GIFs.   \n* Please try to keep politically \u0026 religiously charged messages out of discussions.   \n* Intentionally trolling is considered impolite, \u0026 will be acted against.   \n* The acts of Software Piracy, Hardware Theft, \u0026 Cheating are considered unprofessional.","createdUtc":1453837686,"priority":1,"descriptionHtml":"\u003C!-- SC_OFF --\u003E\u003Cdiv class=\"md\"\u003E\u003Cul\u003E\n\u003Cli\u003EPlease treat community members politely - even when you disagree.\u003Cbr/\u003E\u003C/li\u003E\n\u003Cli\u003ENo personal attacks - debate issues, challenge sources - but don\u0026#39;t make or take things personally.\u003Cbr/\u003E\u003C/li\u003E\n\u003Cli\u003ENo posts that are entirely memes or AdviceAnimals or Kitty GIFs.\u003Cbr/\u003E\u003C/li\u003E\n\u003Cli\u003EPlease try to keep politically \u0026amp; religiously charged messages out of discussions.\u003Cbr/\u003E\u003C/li\u003E\n\u003Cli\u003EIntentionally trolling is considered impolite, \u0026amp; will be acted against.\u003Cbr/\u003E\u003C/li\u003E\n\u003Cli\u003EThe acts of Software Piracy, Hardware Theft, \u0026amp; Cheating are considered unprofessional.\u003C/li\u003E\n\u003C/ul\u003E\n\u003C/div\u003E\u003C!-- SC_ON --\u003E","shortName":"Professionalism"},{"violationReason":"Do not expressly advertise your product.","description":"* The reddit advertising system exists for this purpose. Invest in either a promoted post, or sidebar ad space.  \n* Vendors are free to discuss their product in the context of an existing discussion.  \n* Posting articles from ones own blog is considered a product.  \n* As always, users must disclose any affiliation with a product.  \n* Content creators should refrain from directing this community to their own content.","createdUtc":1453838001,"priority":2,"descriptionHtml":"\u003C!-- SC_OFF --\u003E\u003Cdiv class=\"md\"\u003E\u003Cul\u003E\n\u003Cli\u003EThe reddit advertising system exists for this purpose. Invest in either a promoted post, or sidebar ad space.\u003Cbr/\u003E\u003C/li\u003E\n\u003Cli\u003EVendors are free to discuss their product in the context of an existing discussion.\u003Cbr/\u003E\u003C/li\u003E\n\u003Cli\u003EPosting articles from ones own blog is considered a product.\u003Cbr/\u003E\u003C/li\u003E\n\u003Cli\u003EAs always, users must disclose any affiliation with a product.\u003Cbr/\u003E\u003C/li\u003E\n\u003Cli\u003EContent creators should refrain from directing this community to their own content.\u003C/li\u003E\n\u003C/ul\u003E\n\u003C/div\u003E\u003C!-- SC_ON --\u003E","shortName":"Advertising"},{"violationReason":"Inappropriate use of the Community.","description":"* There are many reddit communities that exist that may be more catered to/dedicated your topic.\n* Requests for assistance are expected to contain basic situational information.\n - They should also contain evidence of basic troubleshooting \u0026 Googling for self-help.\n - Keep topics/questions related to technology/people/practices/etc within a business environment.\n* When asking a question or requesting advice, please update your original post with any new information, or solution (if found).","createdUtc":1496886695,"priority":3,"descriptionHtml":"\u003C!-- SC_OFF --\u003E\u003Cdiv class=\"md\"\u003E\u003Cul\u003E\n\u003Cli\u003EThere are many reddit communities that exist that may be more catered to/dedicated your topic.\u003C/li\u003E\n\u003Cli\u003ERequests for assistance are expected to contain basic situational information.\n\n\u003Cul\u003E\n\u003Cli\u003EThey should also contain evidence of basic troubleshooting \u0026amp; Googling for self-help.\u003C/li\u003E\n\u003Cli\u003EKeep topics/questions related to technology/people/practices/etc within a business environment.\u003C/li\u003E\n\u003C/ul\u003E\u003C/li\u003E\n\u003Cli\u003EWhen asking a question or requesting advice, please update your original post with any new information, or solution (if found).\u003C/li\u003E\n\u003C/ul\u003E\n\u003C/div\u003E\u003C!-- SC_ON --\u003E","shortName":"Wrong Community"},{"violationReason":"Inappropriate use of the Community.","description":"* Avoid low-quality posts. Make an effort to enrich the community where you can- provide details, context, opinions, etc. in your posts.  \n* Moronic Monday \u0026 Thickheaded Thursday are available for simple questions, or other requests that don't need their own full thread. Utilize them as much as possible.","createdUtc":1541128853,"priority":4,"descriptionHtml":"\u003C!-- SC_OFF --\u003E\u003Cdiv class=\"md\"\u003E\u003Cul\u003E\n\u003Cli\u003EAvoid low-quality posts. Make an effort to enrich the community where you can- provide details, context, opinions, etc. in your posts.\u003Cbr/\u003E\u003C/li\u003E\n\u003Cli\u003EMoronic Monday \u0026amp; Thickheaded Thursday are available for simple questions, or other requests that don\u0026#39;t need their own full thread. Utilize them as much as possible.\u003C/li\u003E\n\u003C/ul\u003E\n\u003C/div\u003E\u003C!-- SC_ON --\u003E","shortName":"Low Quality"}],"display":"compact"},"widget_12de6scqd4lma":{"styles":{"headerColor":"","backgroundColor":""},"kind":"button","description":"View only the following types of posts","buttons":[{"url":"https://www.reddit.com/r/sysadmin/search?q=flair_name%3A%22General%20Discussion%22\u0026restrict_sr=1\u0026sort=new","text":"General Discussion","kind":"text","color":"#000000"},{"url":"https://www.reddit.com/r/sysadmin/search?q=flair_name%3A%22Linux%22\u0026restrict_sr=1\u0026sort=new","text":"Linux","kind":"text","color":"#000000"},{"url":"https://www.reddit.com/r/sysadmin/search?q=flair_name%3A\"Apple\"\u0026restrict_sr=1\u0026sort=new","text":"Apple","kind":"text","color":"#000000"},{"url":"https://www.reddit.com/r/sysadmin/search?q=flair_name%3A\"Google\"\u0026restrict_sr=1\u0026sort=new","text":"Google","kind":"text","color":"#000000"},{"url":"https://www.reddit.com/r/sysadmin/search?q=flair_name%3A\"Amazon\"\u0026restrict_sr=1\u0026sort=new","text":"Amazon","kind":"text","color":"#000000"},{"url":"https://www.reddit.com/r/sysadmin/search?q=flair_name%3A\"Microsoft\"\u0026restrict_sr=1\u0026sort=new","text":"Microsoft","kind":"text","color":"#000000"},{"url":"https://www.reddit.com/r/sysadmin/search?q=flair_name%3A\"Rant\"\u0026restrict_sr=1\u0026sort=new","text":"Rant Only","kind":"text","color":"#000000"},{"url":"https://www.reddit.com/r/sysadmin/search?q=flair_name%3A%22Career%20%2F%20Job%20Related%22\u0026restrict_sr=1\u0026sort=new","text":"Career/Job Related","kind":"text","color":"#000000"}],"descriptionHtml":"\u003C!-- SC_OFF --\u003E\u003Cdiv class=\"md\"\u003E\u003Cp\u003EView only the following types of posts\u003C/p\u003E\n\u003C/div\u003E\u003C!-- SC_ON --\u003E","shortName":"Filter By Flair","id":"widget_12de6scqd4lma"},"widget_10gek7suswisj":{"styles":{"headerColor":null,"backgroundColor":null},"kind":"community-list","descriptionHtml":null,"shortName":"Associated Subreddits","data":[{"name":"ITCareerQuestions","isSubscribed":false,"isNSFW":false,"iconUrl":"","subscribers":82988,"primaryColor":"#646d73","type":"subreddit","communityIcon":""},{"name":"SysAdminBlogs","isSubscribed":false,"isNSFW":false,"iconUrl":"","subscribers":6965,"primaryColor":"","type":"subreddit","communityIcon":""},{"name":"sysadminjobs","isSubscribed":false,"isNSFW":false,"iconUrl":"","subscribers":15494,"primaryColor":"","type":"subreddit","communityIcon":""}],"id":"widget_10gek7suswisj"},"widget_10gekyvp4lknb":{"styles":{"headerColor":"","backgroundColor":""},"kind":"button","description":"A collection of useful references","buttons":[{"url":"https://www.reddit.com/r/sysadmin/wiki/posting_rules","text":"Rules (Detailed)","kind":"text","color":"#000000"},{"url":"http://webchat.freenode.net/?channels=#reddit-sysadmin","text":"Official IRC Channel","kind":"text","color":"#000000"},{"url":"https://discord.gg/sysadmin","text":"Official Discord","kind":"text","color":"#000000"},{"url":"https://www.reddit.com/r/sysadmin/wiki/index","text":"Sysadmin Wiki","kind":"text","color":"#000000"},{"url":"https://www.reddit.com/r/sysadmin/wiki/bootcamp","text":"RTFM","kind":"text","color":"#000000"},{"url":"https://www.reddit.com/r/sysadmin/wiki/faq","text":"FAQ","kind":"text","color":"#000000"},{"url":"https://www.reddit.com/r/sysadmin/wiki/filters","text":"Flair Filtering","kind":"text","color":"#000000"}],"descriptionHtml":"\u003C!-- SC_OFF --\u003E\u003Cdiv class=\"md\"\u003E\u003Cp\u003EA collection of useful references\u003C/p\u003E\n\u003C/div\u003E\u003C!-- SC_ON --\u003E","shortName":"Useful Links","id":"widget_10gekyvp4lknb"},"widget_moderators-2qnp7":{"styles":{"headerColor":null,"backgroundColor":null},"kind":"moderators","mods":[{"name":"mkosmo","authorFlairType":"richtext","authorFlairTextColor":"dark","authorFlairBackgroundColor":"","authorFlairRichText":[{"e":"text","t":"Permanently Banned"}],"authorFlairText":"Permanently Banned"},{"name":"AutoModerator","authorFlairType":"richtext","authorFlairTextColor":"light","authorFlairBackgroundColor":"#349e48","authorFlairRichText":[{"e":"text","t":"Master of All Trades"}],"authorFlairText":"Master of All Trades"},{"name":"BotBust","authorFlairType":"text","authorFlairTextColor":"dark","authorFlairBackgroundColor":"","authorFlairRichText":[],"authorFlairText":null},{"name":"bandman614","authorFlairType":"richtext","authorFlairTextColor":"dark","authorFlairBackgroundColor":"","authorFlairRichText":[{"e":"text","t":"Standalone SysAdmin"}],"authorFlairText":"Standalone SysAdmin"},{"name":"highlord_fox","authorFlairType":"richtext","authorFlairTextColor":"light","authorFlairBackgroundColor":"#349e48","authorFlairRichText":[{"e":"text","t":"Moderator | Sr. Moderation Engineer"}],"authorFlairText":"Moderator | Sr. Moderation Engineer"},{"name":"VA_Network_Nerd","authorFlairType":"richtext","authorFlairTextColor":"dark","authorFlairBackgroundColor":"","authorFlairRichText":[{"e":"text","t":"Moderator | Infrastructure Architect"}],"authorFlairText":"Moderator | Infrastructure Architect"},{"name":"Lord_NShYH","authorFlairType":"richtext","authorFlairTextColor":"dark","authorFlairBackgroundColor":"","authorFlairRichText":[{"e":"text","t":"Systems Architect"}],"authorFlairText":"Systems Architect"},{"name":"preperat","authorFlairType":"text","authorFlairTextColor":"dark","authorFlairBackgroundColor":"","authorFlairRichText":[],"authorFlairText":null},{"name":"cryptic_1","authorFlairType":"richtext","authorFlairTextColor":"dark","authorFlairBackgroundColor":"","authorFlairRichText":[{"e":"text","t":"It is always DNS"}],"authorFlairText":"It is always DNS"},{"name":"bad0seed","authorFlairType":"richtext","authorFlairTextColor":"dark","authorFlairBackgroundColor":"","authorFlairRichText":[{"e":"text","t":"Trusted VAR"}],"authorFlairText":"Trusted VAR"}],"totalMods":16,"id":"widget_moderators-2qnp7"},"widget_id-card-2qnp7":{"styles":{"headerColor":null,"backgroundColor":null},"kind":"id-card","description":"A reddit dedicated to the profession of Computer System Administration.","id":"widget_id-card-2qnp7","currentlyViewingCount":1743,"currentlyViewingText":"","subscribersCount":359362,"subscribersText":"","shortName":"Community Details"},"widget_11vrut4itltcc":{"styles":{"headerColor":null,"backgroundColor":null},"kind":"menu","data":[{"url":"https://www.reddit.com/r/sysadmin/wiki/index","text":"Wiki"}],"id":"widget_11vrut4itltcc","showWiki":false}},"moderatorIds":{"t5_2qnp7":"widget_moderators-2qnp7"},"sidebar":{"t5_2qnp7":["widget_rules-2qnp7","widget_10gekyvp4lknb","widget_10gek7suswisj","widget_12de6scqd4lma"]}}}