{"accountManagerModalData":{},"activeModalId":null,"ads":{},"apiRequestState":{},"approvedSubmitters":{"api":{"error":null,"pending":{}},"fetchedTokens":{},"loadMore":{},"models":{},"search":{"api":{"error":null,"pending":false},"result":null},"userOrder":{}},"authorFlair":{"inContext":null,"models":{"t5_gkgjv":{"BulkyPeanut":null,"caszm1":null,"_52_":null,"cliffcahill":null,"mandeville83":null,"VxJeremyFSU":null,"jbranton212":null,"UncleHoboBill":null,"groupers":null}}},"awards":{"blacklist":{},"create":{"api":{"error":null,"pending":false}},"manageable":{"api":{"error":null,"pending":{}},"order":{}},"models":{},"usable":{"api":{"error":null,"pending":{}},"order":{}}},"badges":{"api":{"subreddit":{"error":{},"pending":{}},"user":{"error":{},"pending":{}}},"models":{}},"banned":{"api":{"error":null,"pending":{}},"fetchedTokens":{},"inContext":null,"loadMore":{},"models":{},"search":{"api":{"error":null,"pending":false},"result":null},"userOrder":{}},"blockUser":{"api":{"error":{},"pending":{}}},"brandSafety":{"isViewSafe":true,"hasBrandSafetyBeenAssessed":false},"categories":{"api":{"list":{"error":null,"loaded":false,"pending":false},"subreddits":{"error":{},"loaded":{},"pending":{}}},"ids":[],"models":{},"nameToId":{}},"chat":{"isInited":false,"isUserSubredditChatEnabled":false,"subredditSettings":{"subredditId":null,"bannedWords":"","domains":"","rateLimit":-1,"regexes":[]},"promos":{"displaySubredditChatFtux":false},"unread":{"api":{"error":{"apiError":null},"pending":false},"count":{"basicChannelCount":0,"subredditChannelCount":0}}},"claimGold":{"api":{"error":null,"pending":false,"showLoader":false},"code":"","showModal":false},"comments":{"collapsed":{"commentsPage--[post:'t3_9zxi2r']":{}},"drafts":{"replyToPost_t3_9zxi2r":{"commentMode":"richtext","draftType":0,"hasFocus":false,"rteState":null,"text":""}},"focused":{},"hidden":{},"isEditing":{},"models":{"t1_efix8t5":{"editedAt":null,"isStickied":false,"isMod":false,"postAuthor":null,"isScoreHidden":false,"id":"t1_efix8t5","isDeleted":false,"author":"mandeville83","media":{"richtextContent":{"document":[{"c":[{"e":"text","t":"We upgraded our secondary cluster to 4.7 and started seeing what Dell have described as \"errors that can be ignored\".  As far as we can tell, the cluster is functioning normally, we just keep getting critical alarms in vCenter and in VxRail Manager.  They told us they'd be fixed in the next release, but we're running 4.7.100 now and still see the errors.  Dell have advised us to silence them."}],"e":"par"}]},"type":"rtjson","rteMode":"richtext"},"isAdmin":false,"isOp":false,"isLocked":false,"score":2,"parentId":null,"subredditId":"t5_gkgjv","collapsedReason":null,"collapsed":false,"sendReplies":true,"goldCount":0,"gildings":null,"authorId":"t2_21h6nq5t","postId":"t3_9zxi2r","permalink":"/r/vxrail/comments/9zxi2r/anyone_upgrade_to_47/efix8t5/","created":1549035271,"postTitle":null,"distinguishType":null,"isSaved":false,"voteState":0,"deletedBy":null},"t1_efsb124":{"editedAt":null,"isStickied":false,"isMod":false,"postAuthor":null,"isScoreHidden":false,"id":"t1_efsb124","isDeleted":false,"author":"BulkyPeanut","media":{"richtextContent":{"document":[{"c":[{"e":"text","t":"We're deploying a new E series cluster at the end of the month and the Dell engineer working on the PEQ also suggested that we keep with 4.5.300 for now. We have 2 other G series clusters running 4.5.300 and I've also been wondering if I should upgrade them."}],"e":"par"}]},"type":"rtjson","rteMode":"richtext"},"isAdmin":false,"isOp":false,"isLocked":false,"score":1,"parentId":"t1_efjqzcl","subredditId":"t5_gkgjv","collapsedReason":null,"collapsed":false,"sendReplies":true,"goldCount":0,"gildings":null,"authorId":"t2_193rz8hq","postId":"t3_9zxi2r","permalink":"/r/vxrail/comments/9zxi2r/anyone_upgrade_to_47/efsb124/","created":1549358944,"postTitle":null,"distinguishType":null,"isSaved":false,"voteState":0,"deletedBy":null},"t1_efsb2ru":{"editedAt":null,"isStickied":false,"isMod":false,"postAuthor":null,"isScoreHidden":false,"id":"t1_efsb2ru","isDeleted":false,"author":"BulkyPeanut","media":{"richtextContent":{"document":[{"c":[{"e":"text","t":"We saw these type of events from when we initially deployed our cluster with 4.5.210. Constant temperature warnings. Since upgrading to 4.5.300 these have gone away. I think I will hold off on upgrading to 4.7."}],"e":"par"}]},"type":"rtjson","rteMode":"richtext"},"isAdmin":false,"isOp":false,"isLocked":false,"score":2,"parentId":"t1_efix8t5","subredditId":"t5_gkgjv","collapsedReason":null,"collapsed":false,"sendReplies":true,"goldCount":0,"gildings":null,"authorId":"t2_193rz8hq","postId":"t3_9zxi2r","permalink":"/r/vxrail/comments/9zxi2r/anyone_upgrade_to_47/efsb2ru/","created":1549359038,"postTitle":null,"distinguishType":null,"isSaved":false,"voteState":0,"deletedBy":null},"t1_egh9ipf":{"editedAt":null,"isStickied":false,"isMod":false,"postAuthor":null,"isScoreHidden":false,"id":"t1_egh9ipf","isDeleted":false,"author":"UncleHoboBill","media":{"richtextContent":{"document":[{"c":[{"e":"text","t":"So far complete disaster; upgraded PSC \u0026 vCenter and every VxRail Manager crapped out..."}],"e":"par"}]},"type":"rtjson","rteMode":"richtext"},"isAdmin":false,"isOp":false,"isLocked":false,"score":1,"parentId":null,"subredditId":"t5_gkgjv","collapsedReason":null,"collapsed":false,"sendReplies":true,"goldCount":0,"gildings":null,"authorId":"t2_16dz9l","postId":"t3_9zxi2r","permalink":"/r/vxrail/comments/9zxi2r/anyone_upgrade_to_47/egh9ipf/","created":1550173792,"postTitle":null,"distinguishType":null,"isSaved":false,"voteState":0,"deletedBy":null},"t1_eactfae":{"editedAt":1543069897,"isStickied":false,"isMod":false,"postAuthor":null,"isScoreHidden":false,"id":"t1_eactfae","isDeleted":false,"author":"cliffcahill","media":{"richtextContent":{"document":[{"c":[{"e":"text","t":"Yes. No issues. 4 different systems via offline bundle."}],"e":"par"},{"c":[{"e":"link","u":"https://insidetherails.wordpress.com/2018/11/16/vxrail-4-7-000-upgrade-walk-through/","t":"https://insidetherails.wordpress.com/2018/11/16/vxrail-4-7-000-upgrade-walk-through/"}],"e":"par"},{"c":[{"e":"text","t":"Edit Added Link"}],"e":"par"}]},"type":"rtjson","rteMode":"richtext"},"isAdmin":false,"isOp":false,"isLocked":false,"score":3,"parentId":null,"subredditId":"t5_gkgjv","collapsedReason":null,"collapsed":false,"sendReplies":true,"goldCount":0,"gildings":null,"authorId":"t2_9gi3vf","postId":"t3_9zxi2r","permalink":"/r/vxrail/comments/9zxi2r/anyone_upgrade_to_47/eactfae/","created":1543062350,"postTitle":null,"distinguishType":null,"isSaved":false,"voteState":0,"deletedBy":null},"t1_efjqzcl":{"editedAt":null,"isStickied":false,"isMod":false,"postAuthor":null,"isScoreHidden":false,"id":"t1_efjqzcl","isDeleted":false,"author":"jbranton212","media":{"richtextContent":{"document":[{"c":[{"e":"text","t":"I was looking at doing it a couple of months ago, but my account rep advised me to wait.  Since then, I have changed jobs, and I am trying to get my new employer to go with VxRail."}],"e":"par"}]},"type":"rtjson","rteMode":"richtext"},"isAdmin":false,"isOp":false,"isLocked":false,"score":1,"parentId":null,"subredditId":"t5_gkgjv","collapsedReason":null,"collapsed":false,"sendReplies":true,"goldCount":0,"gildings":null,"authorId":"t2_15t4ir","postId":"t3_9zxi2r","permalink":"/r/vxrail/comments/9zxi2r/anyone_upgrade_to_47/efjqzcl/","created":1549055310,"postTitle":null,"distinguishType":null,"isSaved":false,"voteState":0,"deletedBy":null},"t1_edrv3iv":{"editedAt":null,"isStickied":false,"isMod":false,"postAuthor":null,"isScoreHidden":false,"id":"t1_edrv3iv","isDeleted":false,"author":"VxJeremyFSU","media":{"richtextContent":{"document":[{"c":[{"e":"text","t":"Follow SolVe - it'll tell you what's needed.  vCenter will need to be upgraded first."}],"e":"par"}]},"type":"rtjson","rteMode":"richtext"},"isAdmin":false,"isOp":false,"isLocked":false,"score":3,"parentId":"t1_earxcoo","subredditId":"t5_gkgjv","collapsedReason":null,"collapsed":false,"sendReplies":true,"goldCount":0,"gildings":null,"authorId":"t2_2o6gjfpt","postId":"t3_9zxi2r","permalink":"/r/vxrail/comments/9zxi2r/anyone_upgrade_to_47/edrv3iv/","created":1547179090,"postTitle":null,"distinguishType":null,"isSaved":false,"voteState":0,"deletedBy":null},"t1_earxcoo":{"editedAt":null,"isStickied":false,"isMod":false,"postAuthor":null,"isScoreHidden":false,"id":"t1_earxcoo","isDeleted":false,"author":"UncleHoboBill","media":{"richtextContent":{"document":[{"c":[{"e":"text","t":"I’m planning it out now.... I have an external vCenter and PSC, so I have to figure out what to do about that."}],"e":"par"}]},"type":"rtjson","rteMode":"richtext"},"isAdmin":false,"isOp":false,"isLocked":false,"score":2,"parentId":null,"subredditId":"t5_gkgjv","collapsedReason":null,"collapsed":false,"sendReplies":true,"goldCount":0,"gildings":null,"authorId":"t2_16dz9l","postId":"t3_9zxi2r","permalink":"/r/vxrail/comments/9zxi2r/anyone_upgrade_to_47/earxcoo/","created":1543565017,"postTitle":null,"distinguishType":null,"isSaved":false,"voteState":0,"deletedBy":null},"t1_eg5rj19":{"editedAt":null,"isStickied":false,"isMod":false,"postAuthor":null,"isScoreHidden":false,"id":"t1_eg5rj19","isDeleted":false,"author":"UncleHoboBill","media":{"richtextContent":{"document":[{"c":[{"e":"text","t":"I’m about to do the deed, let you all know how it goes."}],"e":"par"}]},"type":"rtjson","rteMode":"richtext"},"isAdmin":false,"isOp":false,"isLocked":false,"score":1,"parentId":null,"subredditId":"t5_gkgjv","collapsedReason":null,"collapsed":false,"sendReplies":true,"goldCount":0,"gildings":null,"authorId":"t2_16dz9l","postId":"t3_9zxi2r","permalink":"/r/vxrail/comments/9zxi2r/anyone_upgrade_to_47/eg5rj19/","created":1549813742,"postTitle":null,"distinguishType":null,"isSaved":false,"voteState":0,"deletedBy":null},"t1_egrial1":{"editedAt":null,"isStickied":false,"isMod":false,"postAuthor":null,"isScoreHidden":false,"id":"t1_egrial1","isDeleted":false,"author":"caszm1","media":{"richtextContent":{"document":[{"c":[{"e":"text","t":"Just upgrade 4 node P570F cluster today from 4.5 to 4.7. No issues at all. An initial shrink wrap install helps. Kept it simple..."}],"e":"par"}]},"type":"rtjson","rteMode":"richtext"},"isAdmin":false,"isOp":false,"isLocked":false,"score":1,"parentId":null,"subredditId":"t5_gkgjv","collapsedReason":null,"collapsed":false,"sendReplies":true,"goldCount":0,"gildings":null,"authorId":"t2_11cb14gq","postId":"t3_9zxi2r","permalink":"/r/vxrail/comments/9zxi2r/anyone_upgrade_to_47/egrial1/","created":1550532626,"postTitle":null,"distinguishType":null,"isSaved":false,"voteState":0,"deletedBy":null},"t1_egh9chy":{"editedAt":null,"isStickied":false,"isMod":false,"postAuthor":null,"isScoreHidden":false,"id":"t1_egh9chy","isDeleted":false,"author":"mandeville83","media":{"richtextContent":{"document":[{"c":[{"e":"text","t":"It'd be good to hear how you get on with the deployment and what your first impressions are"}],"e":"par"}]},"type":"rtjson","rteMode":"richtext"},"isAdmin":false,"isOp":false,"isLocked":false,"score":1,"parentId":"t1_eg5rj19","subredditId":"t5_gkgjv","collapsedReason":null,"collapsed":false,"sendReplies":true,"goldCount":0,"gildings":null,"authorId":"t2_21h6nq5t","postId":"t3_9zxi2r","permalink":"/r/vxrail/comments/9zxi2r/anyone_upgrade_to_47/egh9chy/","created":1550173676,"postTitle":null,"distinguishType":null,"isSaved":false,"voteState":0,"deletedBy":null},"t1_ej1osaa":{"editedAt":null,"isStickied":false,"isMod":false,"postAuthor":null,"isScoreHidden":false,"id":"t1_ej1osaa","isDeleted":false,"author":"UncleHoboBill","media":{"richtextContent":{"document":[{"c":[{"e":"text","t":"I got word yesterday that it’s PTAgent that’s failing for us. They have pulled 4.7.100 due to a high impact performance problem with HBA firmware, so once I get the upgrade to complete I get to do it all again with 4.7.110..."}],"e":"par"}]},"type":"rtjson","rteMode":"richtext"},"isAdmin":false,"isOp":false,"isLocked":false,"score":1,"parentId":null,"subredditId":"t5_gkgjv","collapsedReason":null,"collapsed":false,"sendReplies":true,"goldCount":0,"gildings":null,"authorId":"t2_16dz9l","postId":"t3_9zxi2r","permalink":"/r/vxrail/comments/9zxi2r/anyone_upgrade_to_47/ej1osaa/","created":1553183527,"postTitle":null,"distinguishType":null,"isSaved":false,"voteState":0,"deletedBy":null},"t1_ej1mm2y":{"editedAt":null,"isStickied":false,"isMod":false,"postAuthor":null,"isScoreHidden":false,"id":"t1_ej1mm2y","isDeleted":false,"author":"groupers","media":{"richtextContent":{"document":[{"c":[{"e":"text","t":"I'm experiencing something similar and now a downgrade to 4.5, but the required firmware is repeatedly failing to install."}],"e":"par"},{"c":[{"e":"text","t":"Utter fucking disaster"}],"e":"par"}]},"type":"rtjson","rteMode":"richtext"},"isAdmin":false,"isOp":false,"isLocked":false,"score":1,"parentId":"t1_egh9ipf","subredditId":"t5_gkgjv","collapsedReason":null,"collapsed":false,"sendReplies":true,"goldCount":0,"gildings":null,"authorId":"t2_7ojr6","postId":"t3_9zxi2r","permalink":"/r/vxrail/comments/9zxi2r/anyone_upgrade_to_47/ej1mm2y/","created":1553182243,"postTitle":null,"distinguishType":null,"isSaved":false,"voteState":0,"deletedBy":null}},"replyFormOpen":{},"submit":{"error":{},"pending":{}},"visitHighlightFilter":"Last"},"commentsListTruncated":true,"commentsPage":{"api":{"error":{"commentsPage--[post:'t3_9zxi2r']":null},"fullyLoaded":{"commentsPage--[post:'t3_9zxi2r']":true},"pending":{"commentsPage--[post:'t3_9zxi2r']":false}},"keyToChatCommentLinks":{"commentsPage--[post:'t3_9zxi2r']":[{"id":"t1_eactfae","created":1543062350,"stickied":false},{"id":"t1_earxcoo","created":1543565017,"stickied":false},{"id":"t1_edrv3iv","created":1547179090,"stickied":false},{"id":"t1_efix8t5","created":1549035271,"stickied":false},{"id":"t1_efjqzcl","created":1549055310,"stickied":false},{"id":"t1_efsb124","created":1549358944,"stickied":false},{"id":"t1_efsb2ru","created":1549359038,"stickied":false},{"id":"t1_eg5rj19","created":1549813742,"stickied":false},{"id":"t1_egh9chy","created":1550173676,"stickied":false},{"id":"t1_egh9ipf","created":1550173792,"stickied":false},{"id":"t1_egrial1","created":1550532626,"stickied":false},{"id":"t1_ej1mm2y","created":1553182243,"stickied":false},{"id":"t1_ej1osaa","created":1553183527,"stickied":false}]},"keyToCommentThreadLinkSets":{"commentsPage--[post:'t3_9zxi2r']":{"t1_efix8t5":{"depth":0,"next":{"type":"comment","id":"t1_efsb2ru"},"prev":{"type":"continueThread","id":"continueThread-t1_edrv3iv"}},"t1_efsb124":{"depth":1,"next":{"type":"comment","id":"t1_eg5rj19"},"prev":{"type":"comment","id":"t1_efjqzcl"}},"t1_efsb2ru":{"depth":1,"next":{"type":"continueThread","id":"continueThread-t1_efsb2ru"},"prev":{"type":"comment","id":"t1_efix8t5"}},"t1_egh9ipf":{"depth":0,"next":{"type":"comment","id":"t1_ej1mm2y"},"prev":{"type":"comment","id":"t1_egh9chy"}},"t1_eactfae":{"depth":0,"next":{"type":"comment","id":"t1_earxcoo"},"prev":null},"t1_efjqzcl":{"depth":0,"next":{"type":"comment","id":"t1_efsb124"},"prev":{"type":"continueThread","id":"continueThread-t1_efsb2ru"}},"t1_edrv3iv":{"depth":1,"next":{"type":"continueThread","id":"continueThread-t1_edrv3iv"},"prev":{"type":"comment","id":"t1_earxcoo"}},"t1_earxcoo":{"depth":0,"next":{"type":"comment","id":"t1_edrv3iv"},"prev":{"type":"comment","id":"t1_eactfae"}},"t1_eg5rj19":{"depth":0,"next":{"type":"comment","id":"t1_egh9chy"},"prev":{"type":"comment","id":"t1_efsb124"}},"t1_egrial1":{"depth":0,"next":{"type":"comment","id":"t1_ej1osaa"},"prev":{"type":"comment","id":"t1_ej1mm2y"}},"t1_egh9chy":{"depth":1,"next":{"type":"comment","id":"t1_egh9ipf"},"prev":{"type":"comment","id":"t1_eg5rj19"}},"t1_ej1osaa":{"depth":0,"next":null,"prev":{"type":"comment","id":"t1_egrial1"}},"t1_ej1mm2y":{"depth":1,"next":{"type":"comment","id":"t1_egrial1"},"prev":{"type":"comment","id":"t1_egh9ipf"}},"continueThread-t1_efsb2ru":{"depth":2,"next":{"type":"comment","id":"t1_efjqzcl"},"prev":{"type":"comment","id":"t1_efsb2ru"}},"continueThread-t1_edrv3iv":{"depth":2,"next":{"type":"comment","id":"t1_efix8t5"},"prev":{"type":"comment","id":"t1_edrv3iv"}}}},"keyToHeadCommentId":{"commentsPage--[post:'t3_9zxi2r']":"t1_eactfae"},"keyToPostId":{"commentsPage--[post:'t3_9zxi2r']":"t3_9zxi2r"},"ads":[]},"contentGate":{},"continueThreads":{"models":{"continueThread-t1_efsb2ru":{"postId":"t3_9zxi2r","next":{"type":"comment","id":"t1_efjqzcl"},"depth":2,"parentId":"t1_efsb2ru","prev":{"type":"comment","id":"t1_efsb2ru"},"id":"continueThread-t1_efsb2ru"},"continueThread-t1_edrv3iv":{"postId":"t3_9zxi2r","next":{"type":"comment","id":"t1_efix8t5"},"depth":2,"parentId":"t1_edrv3iv","prev":{"type":"comment","id":"t1_edrv3iv"},"id":"continueThread-t1_edrv3iv"}}},"creations":{"api":{"collection":{"createOrUpdate":{"error":null,"pending":false}},"draft":{"deleteDraft":{"error":{},"pending":{}},"listing":{"error":null,"pending":false},"save":{"error":{"apiError":null,"needsCaptcha":false,"validationError":null,"submitValidationError":null},"pending":false}},"editor":{"converting":{"pending":{}},"mediaUpload":{"error":null,"pending":false}},"page":{"error":{},"fetched":{},"pending":{}},"post":{"submit":{"error":{"apiError":null,"needsCaptcha":false,"validationError":null,"submitValidationError":null},"pending":false},"update":{"error":null,"pending":false}},"subreddit":{"change":{"error":null,"pending":false}}},"drafts":{},"formData":{"body":{"link":"","markdown":"","media":null,"rte":{"isBound":false,"editorKey":"00220b","initialRTJSON":{"document":[]}}},"eventSchedule":null,"flair":null,"govType":null,"isChatPost":false,"isNSFW":false,"isOC":false,"isPoll":false,"isPublicLink":false,"isSpoiler":false,"newSubreddit":"","newTopMod":"","nextSubreddit":null,"ocCategory":null,"postToTwitter":false,"polls":null,"recaptcha":"","sendReplies":true,"submissionType":"post","title":""},"formState":{"fieldValidation":{"title":null,"body":null,"link":null,"flair":null},"isChanged":false,"modalId":null,"ocCategory":null,"submitMode":0},"postEditing":{"draft":{"markdown":"","rte":{"isBound":false,"editorKey":"85779d","initialRTJSON":{"document":[]}}},"editorMode":"richtext","postId":null}},"dashboard":{"selectedComponent":null,"subredditPending":false,"subredditLoaded":{}},"discoveryUnits":{"api":{"list":{"error":null,"loaded":true,"pending":false}},"models":{"xd_66":{"enabled":true,"id":"xd_66","layout":"large","parameters":{"sort":"hot"},"surface":"explore","unitName":"posts_in_category_rails_hero","unitType":"listing","url":"/api/posts_in_category.json"},"xd_67":{"enabled":true,"id":"xd_67","layout":"large","surface":"explore","unitName":"posts_in_subreddit_hero","unitType":"listing","url":"/r/%{subredditName}/hot.json"},"xd_68":{"enabled":true,"id":"xd_68","layout":"large","parameters":{"sort":"hot"},"surface":"explore","unitName":"posts_in_category_rails_small","unitType":"listing","url":"/api/posts_in_category.json"},"xd_69":{"enabled":true,"id":"xd_69","layout":"large","surface":"explore","unitName":"posts_in_subreddit_small","unitType":"listing","url":"/r/%{subredditName}/hot.json"},"xd_70":{"enabled":true,"id":"xd_70","layout":"large","surface":"search","unitName":"search_posts","unitType":"community_category","url":"/api/posts_in_category.json"},"xd_71":{"enabled":true,"id":"xd_71","layout":"large","surface":"search","unitName":"search_subreddits","unitType":"community_category","url":"/api/subreddits_in_category.json"},"xd_72":{"enabled":true,"id":"xd_72","layout":"large","surface":"subreddit_listing","unitName":"community_banner_posts","unitType":"subreddit_listing","url":"/r/%{subredditName}/top.json"},"xd_83":{"enabled":true,"id":"xd_83","layout":"large","surface":"subreddit_listing","unitName":"best_of_community","unitType":"subreddit_listing","url":"/r/%{subredditName}/top.json"},"xd_88":{"enabled":true,"id":"xd_88","layout":"large","surface":"front_page","title":"Similar communities to %{subredditName}","unitName":"chaining_similar_subreddits_posts","unitType":"listing"},"xd_89":{"enabled":true,"id":"xd_89","layout":"large","surface":"front_page","title":"Mildy similar posts","unitName":"chaining_similar_posts","unitType":"listing"},"xd_90":{"enabled":true,"id":"xd_90","layout":"large","surface":"comments","title":"Posts in subreddit %{subredditName}","unitName":"posts_in_subreddit_vertical","unitType":"listing"},"xd_91":{"enabled":true,"id":"xd_91","layout":"large","surface":"comments","title":"Posts in recommended home","unitName":"posts_in_rec_home","unitType":"listing"}},"nameToId":{"posts_in_category_rails_hero":"xd_66","posts_in_subreddit_hero":"xd_67","posts_in_category_rails_small":"xd_68","posts_in_subreddit_small":"xd_69","search_posts":"xd_70","search_subreddits":"xd_71","community_banner_posts":"xd_72","best_of_community":"xd_83","chaining_similar_subreddits_posts":"xd_88","chaining_similar_posts":"xd_89","posts_in_subreddit_vertical":"xd_90","posts_in_rec_home":"xd_91"}},"economics":{"currentBadgeManagementScreen":{"badgeType":"cosmetic","view":"gallery"},"currentModalArgs":null,"currentPaymentTarget":null,"emotes":{},"ftue":{"tippingHighlightViewed":null,"topTippersViewed":null},"paymentSystems":{"status":2},"specialMemberships":{"allSubscriptionsFetched":false,"data":{}},"subredditPremium":{},"tipDetails":{}},"emojis":{"api":{"list":{"pending":{}}},"models":{}},"externalAccount":{"api":{"connect":{"error":{},"pending":{}},"disconnect":{"error":{},"pending":{}},"user":{"error":{},"pending":{}},"subreddit":{"error":{},"fetched":{},"pending":{}}},"user":{},"subreddit":{}},"featureFlags":{"overrides":{"introModal":null,"markdownMode":null,"modQueue":null,"spBadges":null,"spCommunityTipJar":null,"spEmotes":null,"spFavoriteCreators":null,"spGovPolls":null,"spHarberger":null,"spLeaderboard":null,"spLoadtest":null,"spPoints":null,"spPolls":null,"spPremium":null,"spPremiumSubscriptions":null,"spPremiumUpsells":null,"spPublicPoints":null,"spSpinoffs":null,"spSupport":null,"spTopTippers":null,"communityTopics":null,"adminCommunityTopics":null,"events":null,"collections":null,"rteVideoPoster":null,"userSeenSubredditChatFtux":null,"userInChat":null,"userInSubredditChat":null,"userInChatUserSettings":null,"devAndStagingWatermark":null,"fpsMeter":null,"rabbitHole":null,"measureScrollFPS":null,"showVerboseErrors":null,"uappBanner":null,"canProxyGild":null,"experiments":null,"enableGraphQl":null,"importExportThemes":null,"flairRestrictions":null,"spezModal":null,"superbOwl":null,"enableShadowMode":null,"useGraphQLInFrontpage":null,"wikiEditing":null,"pushNotificationsBrowserSupported":null,"enableCrowdControlMode":null,"customFeeds":null,"snoovatar30":null,"isEmailPermissionRequired":null,"__requiredDoNotRemove":null}},"flairedUsers":{"api":{"error":null,"pending":false},"models":{},"pageInfo":{},"search":{"api":{"error":null,"pending":false},"result":null},"userOrder":{}},"fontFiles":[{"family":"IBMPlexSans","weight":700,"style":"normal","woffUrl":"fonts/IBMPlexSans/Bold-c34ba754b7235b49d33b294ff7a54179.woff","woff2Url":"fonts/IBMPlexSans/Bold-875de5047556e7c822519d95d7ee692d.woff2"},{"family":"IBMPlexSans","weight":500,"style":"normal","woffUrl":"fonts/IBMPlexSans/Medium-1051a531d3e1ee3483a6533158557139.woff","woff2Url":"fonts/IBMPlexSans/Medium-c4b185e25a4dde85a29f902cd5ce5360.woff2"},{"family":"IBMPlexSans","weight":400,"style":"normal","woffUrl":"fonts/IBMPlexSans/Regular-e6bbcdd30d3bd4d6b170bcb6d3552cab.woff","woff2Url":"fonts/IBMPlexSans/Regular-116bb6d508f5307861d3b1269bc597e7.woff2"},{"family":"Noto Mono","weight":400,"style":"normal","woffUrl":"fonts/NotoMono/Regular-e6bbcdd30d3bd4d6b170bcb6d3552cab.woff","woff2Url":"fonts/NotoMono/Regular-b16bb0524a7e7ee597970333c0c67180.woff2"},{"family":"Noto Mono","weight":400,"style":"normal","woffUrl":"fonts/NotoMono/el-Regular-06ee3f893717454d11a16c3e8d0aa9f9.woff","woff2Url":"fonts/NotoMono/el-Regular-29d72243d2cd6145b28bcb80dc33f0e4.woff2"},{"family":"Noto Sans","weight":700,"style":"italic","woffUrl":"fonts/NotoSans/Bold-Italic-255b4934a1f414dd312aa89382d65114.woff","woff2Url":"fonts/NotoSans/Bold-Italic-be39cd37f002d25d500c67b88871bed4.woff2"},{"family":"Noto Sans","weight":700,"style":"normal","woffUrl":"fonts/NotoSans/Bold-c34ba754b7235b49d33b294ff7a54179.woff","woff2Url":"fonts/NotoSans/Bold-d4ba4ecba17e90993f442f7bb082a3a2.woff2"},{"family":"Noto Sans","weight":400,"style":"normal","woffUrl":"fonts/NotoSans/Regular-e6bbcdd30d3bd4d6b170bcb6d3552cab.woff","woff2Url":"fonts/NotoSans/Regular-d6a6aa8dc0f93416a832ea04a18c6fb8.woff2"},{"family":"Noto Sans","weight":700,"style":"italic","woffUrl":"fonts/OldNotoSans/Bold-Italic-255b4934a1f414dd312aa89382d65114.woff","woff2Url":"fonts/OldNotoSans/Bold-Italic-5a241c76c24e463ef9bcc5855d20209b.woff2"},{"family":"Noto Sans","weight":700,"style":"normal","woffUrl":"fonts/OldNotoSans/Bold-c34ba754b7235b49d33b294ff7a54179.woff","woff2Url":"fonts/OldNotoSans/Bold-b85bf848c28799f5ad34ee29db68051c.woff2"},{"family":"Noto Sans","weight":400,"style":"normal","woffUrl":"fonts/OldNotoSans/Regular-e6bbcdd30d3bd4d6b170bcb6d3552cab.woff","woff2Url":"fonts/OldNotoSans/Regular-e50c34178d20d5fa4ab3c1f6c67901a9.woff2"}],"gild":{"api":{"error":null,"pending":false,"showLoader":false},"gildModalThingId":null,"includeMessage":false,"isAnonymous":false,"isIframed":false,"message":"","selectedAward":{"awardType":"GLOBAL","coinPrice":500,"coinReward":100,"description":"","daysOfDripExtension":0,"icon":{"url":"https://www.redditstatic.com/desktop2x/img/gold/badges/award-gold-medium.png?v=2"},"id":"gid_2","isEnabled":true,"name":"Gold","daysOfPremium":7}},"goldPurchase":{"coinPurchaseModal":{"activePage":"selectPayment","gildThingId":null,"purchasePackage":null,"showModal":false},"payment":{"cardName":"","cardValidation":{"cardCvc":"","cardExpiry":"","cardNumber":"","nameOnCard":"","postalCode":""},"paymentMethod":"paypal","paypal":{"errorMessage":null,"passthrough":""},"rememberCard":true,"savedCards":[],"savedCardsPending":false,"stripeToken":{"errorMessage":null,"pending":false},"useSavedCard":null},"premiumPurchaseModal":{"activePage":"selectPayment","showModal":false},"updateCardModal":{"pending":false}},"header":{"isSubscriptionsDropdownOpen":false},"imageUploads":{},"isEmailVerificationTooltipShowing":true,"isModeratorWithPostPerms":false,"jsApi":[],"leaderboard":{"api":{"error":{},"pending":{}},"dateRangeSelection":{},"models":{}},"listings":{"activeKey":"","listingOrder":{"api":{"error":{},"pending":{}},"identifiers":{},"ids":{},"fetchedTokens":{},"loadMore":{}},"postOrder":{"api":{"error":{},"pending":{}},"endMarkers":{},"fetchedTokens":{},"ids":{},"listingSort":{},"loadMore":{}}},"live":{"featured":null,"isFrontpageLoaded":false},"mediaPlayback":{"isMuted":true,"volume":1},"meta":{"isBot":false,"isSessionSeo":false,"userAgent":"Mozilla/5.0 (Windows NT 10.0; Win64; x64) AppleWebKit/537.36 (KHTML, like Gecko) Chrome/75.0.3770.142 Safari/537.36","country":"US","domain":"www.reddit.com","protocol":"https","sessionReferrerDomain":"","method":"GET","pageloadServerTime":1564652734240},"moderatingSubreddits":{},"moderationLog":{"actions":{"itemOrder":{},"models":{}},"endCursor":null,"hasNextPage":{},"hasPreviousPage":{},"moderators":[],"startCursor":null},"moderators":{"editableModerators":{},"editableUserOrder":{"data":{},"api":{"error":{},"pending":{}}},"invitedModerators":{"api":{"error":null,"pending":false},"models":{},"userOrder":{}},"invitePending":{},"loadMoreModerators":{},"loadMoreEditableModerators":{},"models":{},"search":{"api":{"error":null,"pending":false},"result":null},"userOrder":{"data":{},"api":{"error":{},"pending":{}}}},"modListingPage":{"filteredSubreddits":{"api":{"error":null,"pending":false},"names":[]}},"modModeEnabled":true,"modQueue":{"bulkAction":{"api":{"error":null,"pending":false},"selectedItems":{},"undoLastAction":{}},"edited":{"api":{"error":null,"pending":false},"itemOrder":{},"loadMore":{}},"moderatedCommunitiesOrder":{"after":null,"data":[],"loaded":false,"pending":false},"modqueue":{"api":{"error":null,"pending":false},"itemOrder":{},"loadMore":{}},"reports":{"api":{"error":null,"pending":false},"itemOrder":{},"loadMore":{}},"spam":{"api":{"error":null,"pending":false},"itemOrder":{},"loadMore":{}},"unmoderated":{"api":{"error":null,"pending":false},"itemOrder":{},"loadMore":{}}},"moreComments":{"api":{"error":{},"pending":{}},"models":{}},"multireddits":{"api":{"addSubreddit":{"error":null,"fetched":false,"pending":null},"create":{"error":null,"fetched":false,"pending":false},"deleteMulti":{"error":null,"fetched":false,"pending":false},"duplicate":{"error":null,"fetched":false,"pending":false},"edit":{"error":null,"fetched":false,"pending":false},"forUser":{"fetched":false,"pending":false},"recommendations":{"error":null,"fetched":false,"pending":true},"removeSubreddit":{"error":null,"fetched":false,"pending":null}},"byUserId":{},"models":{},"recommendations":{}},"muted":{"api":{"error":null,"pending":{}},"fetchedTokens":{},"inContext":null,"loadMore":{},"models":{},"search":{"api":{"error":null,"pending":false},"result":null},"userOrder":{}},"notificationBannerId":null,"nps":{"pending":false,"success":false},"oldSiteRules":[],"originalContent":{"bestPosts":{"api":{"error":{},"pending":{}}},"categories":{"api":{"error":null,"pending":false},"models":{}},"topCommunities":{"api":{"error":{},"pending":{}}},"topCreators":{"api":{"error":{},"pending":{}}}},"partnerSubredditConnection":{"api":{"page":{"error":{},"fetched":{},"pending":{}}}},"platform":{"allowNavigationCallback":null,"currentPage":{"key":"/r/vxrail/comments/9zxi2r/anyone_upgrade_to_47/","meta":{"name":"comments"},"queryParams":{},"routeMatch":{"match":{"path":"/:routePrefix(r)/:subredditName/comments/:partialPostId/:urlSafePostTitle?","url":"/r/vxrail/comments/9zxi2r/anyone_upgrade_to_47/","isExact":true,"params":{"routePrefix":"r","subredditName":"vxrail","partialPostId":"9zxi2r","urlSafePostTitle":"anyone_upgrade_to_47"},"queryParams":{}},"route":{"path":"/:routePrefix(r)/:subredditName/comments/:partialPostId/:urlSafePostTitle?","chunk":"CommentsPage","exact":true,"meta":{"name":"comments"},"prefetches":["Frontpage","Subreddit"]}},"status":200,"url":"/r/vxrail/comments/9zxi2r/anyone_upgrade_to_47/","urlParams":{"routePrefix":"r","subredditName":"vxrail","partialPostId":"9zxi2r","urlSafePostTitle":"anyone_upgrade_to_47"},"isRobotIndexable":true},"lastPage":null,"referrers":{},"sessionReferrer":null,"metas":{"/r/vxrail/comments/9zxi2r/anyone_upgrade_to_47/":{"title":"Anyone upgrade to 4.7 : vxrail"}}},"postCollection":{"models":{},"subredditToIds":{},"api":{"error":{"reorderError":null,"updateDescriptionError":null,"updateLayoutError":null},"pending":{"reorderPending":false,"updateDescriptionPending":false,"updateLayoutPending":false}}},"polls":{"api":{"voting":{"error":{},"pending":{}}},"models":{},"results":{"byLockedVotingPower":{},"byVoters":{},"byVotingPower":{}},"rewards":{}},"postFlair":{"t5_gkgjv":{"displaySettings":{"position":"right","isEnabled":true},"permissions":{"canAssignOwn":true},"templateIds":[],"templates":{}}},"posts":{"bestOCPosts":{},"chained":{"dismissed":false,"dismissedIdToListingKey":{},"idToListingKey":{}},"embedAndImage":{"loadable":{}},"expanded":{},"focus":null,"instances":{},"metaMap":{},"models":{"t3_9zxi2r":{"domain":"self.vxrail","isCrosspostable":false,"isMeta":false,"isStickied":false,"domainOverride":null,"callToAction":null,"eventsOnRender":[],"isScoreHidden":false,"saved":false,"numComments":15,"upvoteRatio":1,"author":"_52_","postCategories":null,"media":{"obfuscated":null,"richtextContent":{"document":[]},"type":"rtjson","rteMode":"richtext","mediaMetadata":null},"numCrossposts":0,"isSponsored":false,"id":"t3_9zxi2r","contentCategories":null,"source":null,"isLocked":false,"score":8,"isSpoiler":false,"isArchived":true,"contestMode":false,"liveCommentsWebsocket":"wss://ws-00b2ec7e0811b4d7a.wss.redditmedia.com/link/9zxi2r?m=AQAAPgZEXdQtlIHJQ9Y4DoPGKjiyHW4P3q6_9uyolxYnNSZdIzfx","thumbnail":{"url":"self","width":null,"height":null},"belongsTo":{"type":"subreddit","id":"t5_gkgjv"},"crosspostRootId":null,"crosspostParentId":null,"sendReplies":false,"goldCount":0,"gildings":null,"authorId":"t2_4sgpj","isNSFW":false,"isMediaOnly":false,"postId":"t3_9zxi2r","suggestedSort":null,"hidden":false,"viewCount":0,"permalink":"https://www.reddit.com/r/vxrail/comments/9zxi2r/anyone_upgrade_to_47/","created":1543055409000,"title":"Anyone upgrade to 4.7","events":[],"isOriginalContent":false,"distinguishType":null,"discussionType":null,"voteState":0,"flair":[],"isBlank":false,"numDuplicates":0}},"recent":[],"video":{"autoPlayed":{},"buffering":{},"consumed":{},"continuousViewStartedAt":{},"fullscreen":null,"loadable":{},"loadTimes":{},"metadata":{},"paused":{},"playing":{},"started":{},"time":{}}},"postStickiedComments":{"data":{}},"givePremium":{"api":{"error":null,"pending":false},"givePremiumModalAccountName":""},"products":{"api":{"fetch":{"error":{},"pending":{}},"purchase":{"error":{},"pending":{}}},"currentlyPurchasing":null,"models":{}},"profileCommentsPage":{"api":{"error":{},"pending":{}},"endMarkers":{},"fetchedTokens":{},"commentIds":{},"loadMore":{}},"profilePrivatePage":{"api":{"error":{},"pending":{}},"ids":{},"pageInfo":{}},"profileModSettingsPage":{"api":{"pending":true}},"profileOverviewPage":{"chrono":{"api":{"error":{},"pending":{}},"fetchedTokens":{},"ids":{},"loadMore":{}},"conversations":{"api":{"error":{},"pending":{}},"extraComments":{"api":{"error":{},"pending":{}},"models":{}},"keyToCommentThreadLinkSets":{},"keyToHeadCommentId":{},"keyToPostId":{}}},"profilePostsPage":{},"profiles":{"about":{},"models":{},"moderated":{"api":{"pending":{}},"models":{},"pageInfo":{}},"multireddits":{"api":{"pending":{}},"pageInfo":{}},"pinnedPosts":{"data":{},"initialData":{},"pending":{}},"trophyCases":{}},"providerFlair":{"models":{"t5_gkgjv":{"BulkyPeanut":null,"caszm1":null,"_52_":null,"cliffcahill":null,"mandeville83":null,"VxJeremyFSU":null,"jbranton212":null,"UncleHoboBill":null,"groupers":null}}},"promos":{"mobilePromoBanner":false,"upsellSignUpBannerLarge":false,"upsellSignUpBannerMedium":false,"upsellSignUpBannerSmall":null},"recommendations":{},"removalReasons":{"api":{"error":null,"pending":false},"models":{},"reasonOrder":{},"removedItemIds":null},"reportFlow":{"api":{"error":{},"pending":{},"success":{}},"openedFromModalPage":false,"postOrCommentId":null,"userIsMod":false},"reportPage":{"reportPageApi":{"error":null,"pending":false,"success":false},"reportPageRules":[]},"requestHost":"www.reddit.com","runTimeEnvVars":{"staging":false,"startTimeInMillis":1564652284381},"search":{"relatedQueries":{},"searchQuery":null,"typeahead":{"idsByQuery":{},"models":{}},"viewTreatment":{}},"searchDiscoveryUnits":{"headerContent":{},"models":{},"order":{}},"seo":{"crawler":null,"linksModule":{}},"shortcuts":{"activeCommentId":null,"activePostId":"t3_9zxi2r","namespace":"CommentPage"},"sidebarPromotedPosts":{"firstFetch":false,"models":{}},"sitewideRules":[],"structuredStyles":{"draft":{},"exportStyles":{"error":null,"pending":false},"flairTemplate":{"models":{}},"imagePreviews":{},"isBladeEditorDirty":false,"isEditing":null,"models":{"t5_gkgjv":{"menuBackgroundBlur":null,"menuLinkColorInactive":null,"menuLinkColorHover":null,"bannerCommunityNameFormat":null,"postUpvoteIconInactive":null,"highlightColor":"#646d73","menuBackgroundOpacity":null,"postUpvoteCountColor":null,"bannerHeight":"large","postBackgroundColor":"#edeff1","mobileBannerImage":null,"bannerOverlayColor":null,"bannerCommunityName":null,"postDownvoteIconActive":null,"postUpvoteIconActive":null,"menuBackgroundColor":null,"postBackgroundImagePosition":null,"backgroundImage":"https://styles.redditmedia.com/t5_gkgjv/styles/backgroundImage_pg61qa7a9bk11.jpg?format=pjpg\u0026s=ada2b5115c8e23661749342696aadbe012b1485b","bannerBackgroundImagePosition":"tiled","backgroundColor":"#646d73","submenuBackgroundStyle":null,"backgroundImagePosition":"cover","bannerShowCommunityIcon":null,"bannerBackgroundColor":"#646d73","submenuBackgroundColor":null,"sidebarWidgetHeaderColor":"#646d73","bannerPositionedImagePosition":null,"bannerBackgroundImage":"https://styles.redditmedia.com/t5_gkgjv/styles/bannerBackgroundImage_c661ci1t8bk11.png","postDownvoteCountColor":null,"postPlaceholderImagePosition":null,"postDownvoteIconInactive":null,"primaryColor":"#edeff1","sidebarWidgetBackgroundColor":"#bbbdbf","mobileKeyColor":"#545452","menuPosition":null,"postVoteIcons":null,"menuLinkColorActive":null,"bannerPositionedImage":null,"secondaryBannerPositionedImage":null,"menuBackgroundImage":null,"postBackgroundImage":null,"postPlaceholderImage":null,"communityIcon":"https://styles.redditmedia.com/t5_gkgjv/styles/communityIcon_gie59vuzzak11.png","postTitleColor":null}}},"stylesheets":"https://www.redditstatic.com/desktop2x/chunkCSS/Reddit.44c4e6e827a82a16994e.css","subredditAutocomplete":{"api":{"error":{},"pending":{}},"models":{}},"subredditChannels":{"api":{"error":{},"pending":{},"whitelist":{}},"models":{},"selected":null},"subreddits":{"about":{"t5_gkgjv":{"contentCategory":"","publicDescription":"The un-official Dell EMC VxRail SubReddit.\n\nDell EMC VxRail Hyper-Converged Infrastructure Appliances (G Series, E Series, V Series, P Series, S Series), software running on them (VxRail Manager, VMware Virtual SAN Enterprise, VMware vCenter Server, VMware vRealize Log Insight, VMware vSphere Data Protection, VMware vSphere Replication, Dell EMC Recoverpoint for VMs, Dell EMC CloudArray).","hasExternalAccount":false,"userIsSubscriber":null,"accountsActive":4,"advertiserCategory":"","allOriginalContent":false,"restrictCommenting":false,"showMedia":true,"restrictPosting":true,"subscribers":253,"allowedPostTypes":{"images":true,"text":true,"videos":true,"links":true,"spoilers":true},"usingNewModmail":true,"emojisEnabled":true,"disableContributorRequests":false,"userIsContributor":null,"originalContentTagEnabled":false}},"api":{"about":{"error":{},"pending":false},"connectToPartner":{"error":null,"lastConnectedSubredditId":null,"pending":false},"create":{"error":{"apiError":null},"lastCreatedSubredditId":null,"pending":false},"rankings":{"error":null,"pending":false},"rules":false,"similar":{"pending":{}},"topContent":{"error":{},"pending":{}},"wiki":{"error":{},"pending":{}}},"appliedFilters":{"meta":{}},"byCategory":{},"communityInfo":{},"crosspostable":{"api":{"errors":null,"pending":false},"ids":{}},"duplicates":{"models":{}},"gov":{"assets":{},"communityJar":{},"distributions":{},"meta":{},"releaseNotes":{}},"models":{"t5_gkgjv":{"whitelistStatus":"no_ads","isNSFW":false,"subscribers":253,"primaryColor":"#edeff1","id":"t5_gkgjv","icon":{"url":"https://b.thumbs.redditmedia.com/27eKnzqwpmMb0aGj3TFo4IqlngjWGQAaRaTBWOz0u_E.png","width":256,"height":256},"isQuarantined":false,"name":"vxrail","title":"Dell EMC VxRail","url":"/r/vxrail/","wls":null,"freeFormReports":true,"displayText":"r/vxrail","type":"public","communityIcon":"https://styles.redditmedia.com/t5_gkgjv/styles/communityIcon_gie59vuzzak11.png"}},"moderated":{"api":{"errors":null,"fetched":false,"pending":false},"order":null},"original":[],"products":{},"rankings":{},"rankingsPageInfo":{},"rules":{},"settings":{},"similar":{},"subredditWiki":{"diff":{},"directory":{},"pages":{},"pageSettings":{},"revisions":{"api":{"error":{},"pending":{}},"listings":{},"models":{}}},"top":{},"topContent":{},"trending":[]},"subredditSettings":{"postRequirements":{"formState":{"isLoading":true,"isSaving":false,"hasFormError":false,"serverError":null,"titleStrings":{"isToggled":false,"strings":[]},"titleRegEx":{"isToggled":false,"regex":[]},"titleLength":{"isToggled":false,"min":null,"max":null},"postLength":{"isToggled":false,"min":null,"max":null},"postingGuidelines":{"requirement":"none","guidelines":null},"postBodyRequirement":"none","linkListPermission":"none","linkDomain":{"whitelist":[],"blacklist":[]},"reposts":{"isToggled":false,"days":null},"flair":{"isToggled":false}},"formErrors":{"titleRegEx":{"regex":null},"titleStrings":{"strings":null},"titleLength":{"min":null,"max":null},"postLength":{"min":null,"max":null},"postingGuidelines":{"guidelines":null},"postBodyRequirement":{"requirement":null},"linkListPermission":{"permission":null},"linkDomain":{"whitelist":null,"blacklist":null},"reposts":{"days":null}},"initialData":null},"requirementsBySubreddit":{}},"subredditStickyPosts":{"data":{}},"subscriptions":{"api":{"errors":null,"fetched":false,"pending":false},"favoriteMultiOrder":[],"favoriteProfileOrder":[],"favoriteSubredditOrder":[],"multiredditOrder":[],"profileOrder":[],"subredditOrder":[]},"tags":{"api":{"create":{"pending":false,"error":false},"deleteTag":{"pending":false,"error":false},"fetch":{"pending":false,"error":false},"update":{"pending":false,"error":false}},"availableGlobalTagOrder":{"global":[],"recommendedGlobal":[]},"models":{"globalSubredditTags":{},"subredditScopedTags":{},"itemTags":{},"suggestedItemTags":{},"sortedItemTags":{}},"selected":{"selectedOptions":{},"selectedSuggestedOptions":{},"deselectedOptions":{},"deselectedSuggestedOptions":{},"inputByItemId":{},"suggestedInputByItemId":{}}},"themes":{},"toaster":[],"tooltipId":null,"tracking":{"viewportDataLoaded":{}},"trafficStats":{"pending":false,"trafficStats":null},"transfers":{"communityPoints":{"api":{"error":null,"pending":false},"contentId":null,"initialRecipient":""}},"trending":{"models":[]},"trophies":{},"uploads":{},"user":{"account":null,"accountSettings":{"changeEmail":{"api":{"error":null,"pending":false}},"resetPassword":{"api":{"pending":false}},"sendResetEmail":{"api":{"pending":false,"emailSent":false}}},"blocked":{"api":{},"data":[]},"chatSettings":{"invitePolicy":"Everyone"},"drafts":null,"experiments":{"models":[{"id":207,"name":"android_email_digest_copy","variant":"treatment_1","version":"8"},{"id":328,"name":"android_graphql_all_feed_5","variant":"enabled","version":"1"},{"id":326,"name":"android_graphql_popular_feed_6","variant":"enabled","version":"1"},{"id":184,"name":"android_max_video_bitrate","variant":"2_0_mbps","version":"4"},{"id":62,"name":"best_sort_explore_batch","variant":"best_sort_explore_enabled","version":"5"},{"id":196,"name":"channels_subscriber_limit","variant":"limit_1000","version":"7"},{"id":206,"name":"chat_posts_android_2","variant":"chat_view","version":"4"},{"id":210,"name":"chat_posts_android_2_features","variant":"true","version":"7"},{"id":127,"name":"d2x_graphql_home_feed","variant":"gql_home_feed","version":"21"},{"id":69,"name":"desktop_seo_post_test_v1","variant":"listing_on_bottom","version":"10"},{"id":164,"name":"desktop_seo_post_v2_truncate","variant":"both","version":"3"},{"id":58,"name":"dn_perms_current_pre_prompt","variant":"dark_system_dialogue","version":"9"},{"id":263,"name":"email_collection_v1","variant":"footer_2","version":"6"},{"id":226,"name":"email_digest_frequency","variant":"once_per_week","version":"4"},{"id":177,"name":"email_permissions","variant":"treatment_1","version":"5"},{"id":106,"name":"email_verification_banner","variant":"tooltip","version":"3"},{"id":285,"name":"hide_best_of_community","variant":"enabled","version":"2"},{"id":265,"name":"ios_email_permissions","variant":"treatment_1","version":"4"},{"id":310,"name":"ios_graphql_home_feed_3","variant":"enabled","version":"1"},{"id":311,"name":"ios_graphql_popular_feed_2","variant":"enabled","version":"1"},{"id":325,"name":"ios_graphql_post_feeds_1","variant":"enabled","version":"1"},{"id":245,"name":"ios_post_collections_v2","variant":"enabled","version":"1"},{"id":315,"name":"ios_screenshot_share","variant":"control_2","version":"2"},{"id":72,"name":"ios_wkwebview_youtube_rollout","variant":"enabled","version":"5"},{"id":86,"name":"jerome_test","variant":"0_3_50_unmetered","version":"12"},{"id":50,"name":"lnl_vs_best_vs_explore_exploit","variant":"best_sort","version":"33"},{"id":57,"name":"logged_in_transactional_dn_test","variant":"treatment","version":"5"},{"id":98,"name":"logged_in_trending_dns_2","variant":"trending_only","version":"5"},{"id":137,"name":"logged_out_pn_personalization","variant":"expanded_best_sort_tos","version":"15"},{"id":104,"name":"logged_out_trending_dns","variant":"enabled","version":"9"},{"id":155,"name":"logged_out_weighted_tos_notification","variant":"best_sort_tos_boosting_5","version":"7"},{"id":257,"name":"low_karma_rate_limit","variant":"limit_10_per_hour","version":"4"},{"id":120,"name":"manual_sr_recommendations","variant":"direct_tos","version":"5"},{"id":194,"name":"meta_features","variant":"true","version":"3"},{"id":314,"name":"minimum_score","variant":"minimum_25","version":"1"},{"id":212,"name":"new_media_transitions","variant":"enabled","version":"3"},{"id":90,"name":"non_personalized_notification_frequency","variant":"control_1","version":"8"},{"id":158,"name":"pn_sub_fallback","variant":"best_sort_fallback","version":"4"},{"id":140,"name":"post_view_consume_killswitch","variant":"false","version":"2"},{"id":79,"name":"rails_search_results_redesign","variant":"treatment_1","version":"9"},{"id":169,"name":"redesign_feed_chaining_logged_in","variant":"factorization_similar","version":"14"},{"id":170,"name":"redesign_feed_chaining_logged_out","variant":"factorization_similar","version":"15"},{"id":43,"name":"redesign_go_to_home","variant":"home_after_0","version":"7"},{"id":83,"name":"related_queries_rollout","variant":"active","version":"9"},{"id":329,"name":"subreddit_recommendation_tod","variant":"control_2","version":"1"},{"id":78,"name":"time_on_subreddit_push_notifications","variant":"expanded_best_sort","version":"12"},{"id":63,"name":"trending_dropdown_redesign","variant":"treatment_1","version":"9"},{"id":81,"name":"trending_entrypoint_redesign","variant":"treatment_1","version":"7"},{"id":153,"name":"weighted_random_tos_notification","variant":"best_sort_tos_boosting_5","version":"8"},{"id":119,"name":"work_manager_android","variant":"true","version":"6"}],"localPersisted":{},"overrides":{}},"features":{},"isCustomizeFlyoutShowing":false,"topContentDismissalPrefsSet":null,"language":"en","loggedOutData":{"accountCompleteness":{"collapsed":false,"step":"initial"},"dataLoaded":false,"feedMultiName":[],"homeFeed":{"similar":[],"topBanner":{"isClosed":false,"viewsCount":0},"views":["vxrail"],"votes":{}},"isFrontpageHome":false,"postsCount":0,"tooltips":{"home_active":{},"subscribe_feed":{},"subscribe_id":{},"subscribe_reminder":{},"vote":{},"vote_reminder":{},"vote_success":{}},"views":{"count":{"beforeBanner":0,"total":1},"posts":["t3_9zxi2r"]},"votes":{"comments":{},"posts":{}}},"loid":{"blob":"Z0FBQUFBQmRRclMtTjNBajlCMlJFemhpSl81X09BN0RVSFcwT0FXYU9obkE3RkhuazJmNklaMVZ6R3ZYSWkwU25ISTdaQmZLWlhYU1Y5dzRJYlF0TmlSZnhxd01RVjl0R0NpSFFBcHRjNkdQUG1QYmVuSzR1T09hQU95aV8tTUE1aWJmdlE4NDhWaTM","loid":"00000000004a2c3hjd","loidCreated":"1564652734257","version":2},"notificationPrefs":{"api":{"getPreferences":{"error":null,"loaded":false,"pending":false},"setPreferences":{"error":null,"loaded":false,"pending":false}},"isPrePromptVisible":false,"preferences":{"chatMessages":false,"trendingPosts":false,"unreadMessages":false}},"ownedBadges":{},"prefs":{"allowClickTracking":false,"autoplayVideo":true,"collapsedTraySections":{"favorites":false,"multis":false,"moderating":false,"subscriptions":false,"profiles":false},"commentMode":"richtext","layout":"card","rememberCommunityLayout":false,"defaultCommentSort":"confidence","editorMode":"richtext","featuresViewedHistory":{"commentForm":{"markdownModeNotification":false}},"globalTheme":"REDDIT","hasSeenCustomizeFlyout":true,"hideNSFW":true,"ignoreSuggestedSort":false,"labelNSFW":true,"markMessagesRead":true,"nightmode":false,"openPostInNewTab":false,"over18":false,"showActiveCommunities":true,"showTwitter":false,"sort":"hot","stylesEnabled":true,"subreddit":{},"topContentDismissalTime":0,"topContentTimesDismissed":0,"rememberCommunitySort":false,"useMarkdown":false},"reddaid":"","session":{"accessToken":"-b-jXbbiuW6gwjmWBAbJizUEBhVU","expires":"2019-08-01T10:45:34.320Z","expiresIn":3600,"unsafeLoggedOut":true,"safe":true},"sessionRefreshFailed":false,"sessionTracker":"h4SLdbEkLinN89OZ3k.0.1564652734777.Z0FBQUFBQmRRclMtWnk4TzlyN0Ywb3ZjVGxoOVc1aVpGU1B4Zzc1Qk9LSjRIUndxeEZYU2U4SkNfLUFMT09uZWF1bXpha01WT0NVODVHLXdmb1ZmNmFYN1h1NnVHUGhXT2gwM2ZRcG9MaWRjUE5MOGcxNXVXX3Z3LUM1RklRbGxvdm1renp3d19PZHQ","shuffledCategories":["outdoors","sports","dIY","electronics","gaming","food","memes","writing","art","funny","music","tv","videoGames","picsAndGifs","videos","fashion","vroom","science","animals","entertainment","travel","photography","advice","health","tech","news","relationships"],"temporaryGQL":{"isEmployee":null,"isLoggedIn":false},"wallets":{},"whitelist":{"api":{},"data":[]}},"userFlair":{"t5_gkgjv":{"applied":null,"templates":{},"templateIds":[],"displaySettings":{"position":"right","isEnabled":true,"isUserEnabled":false},"permissions":{"canUserChange":false,"canAssignOwn":true}}},"users":{"api":{"error":{},"pending":false},"appliedBadges":{},"models":{},"nameAvailable":{},"publicWallets":{},"topOCCreators":{}},"widgets":{"idCardIds":{"t5_gkgjv":"widget_id-card-gkgjv"},"menuIds":{},"models":{"widget_moderators-gkgjv":{"styles":{"headerColor":null,"backgroundColor":null},"kind":"moderators","mods":[{"name":"xo_NetworkGod_xo","authorFlairType":"text","authorFlairTextColor":"dark","authorFlairBackgroundColor":"","authorFlairRichText":[],"authorFlairText":null},{"name":"UncleHoboBill","authorFlairType":"text","authorFlairTextColor":"dark","authorFlairBackgroundColor":"","authorFlairRichText":[],"authorFlairText":null}],"totalMods":2,"id":"widget_moderators-gkgjv"},"widget_id-card-gkgjv":{"styles":{"headerColor":null,"backgroundColor":null},"kind":"id-card","description":"The un-official Dell EMC VxRail SubReddit.\n\nDell EMC VxRail Hyper-Converged Infrastructure Appliances (G Series, E Series, V Series, P Series, S Series), software running on them (VxRail Manager, VMware Virtual SAN Enterprise, VMware vCenter Server, VMware vRealize Log Insight, VMware vSphere Data Protection, VMware vSphere Replication, Dell EMC Recoverpoint for VMs, Dell EMC CloudArray).","id":"widget_id-card-gkgjv","currentlyViewingCount":4,"currentlyViewingText":"","subscribersCount":253,"subscribersText":"","shortName":"Community Details"}},"moderatorIds":{"t5_gkgjv":"widget_moderators-gkgjv"},"sidebar":{"t5_gkgjv":[]}}}