{"accountManagerModalData":{},"activeModalId":null,"ads":{},"apiRequestState":{},"approvedSubmitters":{"api":{"error":null,"pending":{}},"fetchedTokens":{},"loadMore":{},"models":{},"search":{"api":{"error":null,"pending":false},"result":null},"userOrder":{}},"authorFlair":{"inContext":null,"models":{"t5_2qkaf":{"Novaz":null,"[deleted]":null,"kaisero":null,"Thraximundane":null,"trippinwontnothard":{"text":"Subject-matter expert","richtext":[],"backgroundColor":"","templateId":null,"textColor":"dark","type":"text"},"packet_whisperer":null,"kcornet":null}}},"awards":{"blacklist":{},"create":{"api":{"error":null,"pending":false}},"manageable":{"api":{"error":null,"pending":{}},"order":{}},"models":{},"usable":{"api":{"error":null,"pending":{}},"order":{}}},"badges":{"api":{"subreddit":{"error":{},"pending":{}},"user":{"error":{},"pending":{}}},"models":{}},"banned":{"api":{"error":null,"pending":{}},"fetchedTokens":{},"inContext":null,"loadMore":{},"models":{},"search":{"api":{"error":null,"pending":false},"result":null},"userOrder":{}},"blockUser":{"api":{"error":{},"pending":{}}},"brandSafety":{"isViewSafe":true,"hasBrandSafetyBeenAssessed":false},"categories":{"api":{"list":{"error":null,"loaded":false,"pending":false},"subreddits":{"error":{},"loaded":{},"pending":{}}},"ids":[],"models":{},"nameToId":{}},"chat":{"isInited":false,"isUserSubredditChatEnabled":false,"subredditSettings":{"subredditId":null,"bannedWords":"","domains":"","rateLimit":-1,"regexes":[]},"promos":{"displaySubredditChatFtux":false},"unread":{"api":{"error":{"apiError":null},"pending":false},"count":{"basicChannelCount":0,"subredditChannelCount":0}}},"claimGold":{"api":{"error":null,"pending":false,"showLoader":false},"code":"","showModal":false},"comments":{"collapsed":{"commentsPage--[post:'t3_6d5quy']":{}},"drafts":{"replyToPost_t3_6d5quy":{"commentMode":"richtext","draftType":0,"hasFocus":false,"rteState":null,"text":""}},"focused":{},"hidden":{},"isEditing":{},"models":{"t1_di06zr9":{"editedAt":null,"isStickied":false,"isMod":false,"postAuthor":null,"isScoreHidden":false,"id":"t1_di06zr9","isDeleted":false,"author":"packet_whisperer","media":{"richtextContent":{"document":[{"c":[{"e":"text","t":"You are likely spending a good chunk of money on a vxRail, but you're going to skimp on the switches? Those switches have shitty buffers and shitty latency, and they don't do proper leaf and spine. What you should be looking at is Nexus 9k, or 3k if you want to go the cheaper route."}],"e":"par"}]},"type":"rtjson","rteMode":"richtext"},"isAdmin":false,"isOp":false,"isLocked":false,"score":14,"parentId":null,"subredditId":"t5_2qkaf","collapsedReason":null,"collapsed":false,"sendReplies":true,"goldCount":0,"gildings":null,"authorId":"t2_peoy7","postId":"t3_6d5quy","permalink":"/r/networking/comments/6d5quy/any_feedback_on_the_cisco_sg500_small_business/di06zr9/","created":1495672626,"postTitle":null,"distinguishType":null,"isSaved":false,"voteState":0,"deletedBy":null},"t1_di124no":{"editedAt":null,"isStickied":false,"isMod":false,"postAuthor":null,"isScoreHidden":false,"id":"t1_di124no","isDeleted":false,"author":"kcornet","media":{"richtextContent":{"document":[{"c":[{"e":"text","t":"My personal opinion is that Nexus switches would be WAY overkill for connecting VDI clients to. I'd recommend 2960Xs at least. 3650 or 3850 would be better (but 3850 gets you up into the Nexus 3000 price range)."}],"e":"par"}]},"type":"rtjson","rteMode":"richtext"},"isAdmin":false,"isOp":false,"isLocked":false,"score":1,"parentId":null,"subredditId":"t5_2qkaf","collapsedReason":null,"collapsed":false,"sendReplies":true,"goldCount":0,"gildings":null,"authorId":"t2_151ozs","postId":"t3_6d5quy","permalink":"/r/networking/comments/6d5quy/any_feedback_on_the_cisco_sg500_small_business/di124no/","created":1495726419,"postTitle":null,"distinguishType":null,"isSaved":false,"voteState":0,"deletedBy":null},"t1_di1e4vr":{"editedAt":null,"isStickied":false,"isMod":false,"postAuthor":null,"isScoreHidden":false,"id":"t1_di1e4vr","isDeleted":false,"author":"Novaz","media":{"richtextContent":{"document":[{"c":[{"e":"text","t":"Awsome handle! Also your right this probbly isn't the project to be skimping on."}],"e":"par"}]},"type":"rtjson","rteMode":"richtext"},"isAdmin":false,"isOp":true,"isLocked":false,"score":1,"parentId":"t1_di06zr9","subredditId":"t5_2qkaf","collapsedReason":null,"collapsed":false,"sendReplies":true,"goldCount":0,"gildings":null,"authorId":"t2_94ly0","postId":"t3_6d5quy","permalink":"/r/networking/comments/6d5quy/any_feedback_on_the_cisco_sg500_small_business/di1e4vr/","created":1495739615,"postTitle":null,"distinguishType":null,"isSaved":false,"voteState":0,"deletedBy":null},"t1_di05wdu":{"editedAt":null,"isStickied":false,"isMod":false,"postAuthor":null,"isScoreHidden":false,"id":"t1_di05wdu","isDeleted":false,"author":"trippinwontnothard","media":{"richtextContent":{"document":[{"c":[{"e":"text","t":"yes, don't"}],"e":"par"}]},"type":"rtjson","rteMode":"richtext"},"isAdmin":false,"isOp":false,"isLocked":false,"score":16,"parentId":null,"subredditId":"t5_2qkaf","collapsedReason":null,"collapsed":false,"sendReplies":true,"goldCount":0,"gildings":null,"authorId":"t2_7x4aq","postId":"t3_6d5quy","permalink":"/r/networking/comments/6d5quy/any_feedback_on_the_cisco_sg500_small_business/di05wdu/","created":1495671243,"postTitle":null,"distinguishType":null,"isSaved":false,"voteState":0,"deletedBy":null},"t1_di0ds7p":{"editedAt":null,"isStickied":false,"isMod":false,"postAuthor":null,"isScoreHidden":false,"id":"t1_di0ds7p","isDeleted":false,"author":"Thraximundane","media":{"richtextContent":{"document":[{"c":[{"c":[{"e":"text","t":"Cisco SG500XG-8F8T - is it good?"}],"e":"par"}],"e":"blockquote"},{"c":[{"e":"text","t":"Sure? They do switching and do what they advertise."}],"e":"par"},{"c":[{"e":"text","t":"Is this good for a VDI deployment? Most definitely not. It will work, but it's not optimal."}],"e":"par"},{"c":[{"e":"text","t":"For leaf/spine architecture, you need to be using data center switches, as "},{"e":"u/","t":"packet_whisperer","l":true},{"e":"text","t":" stated. The Cisco SG family is for SMB, not data centers."}],"e":"par"},{"c":[{"e":"text","t":"A Nexus 9K would be ideal - 9200 if you don't need ACI in the near future, 9300 if you do see ACI in your near future so you don't have to do a hardware replacement."}],"e":"par"}]},"type":"rtjson","rteMode":"richtext"},"isAdmin":false,"isOp":false,"isLocked":false,"score":1,"parentId":null,"subredditId":"t5_2qkaf","collapsedReason":null,"collapsed":false,"sendReplies":true,"goldCount":0,"gildings":null,"authorId":"t2_kap2t","postId":"t3_6d5quy","permalink":"/r/networking/comments/6d5quy/any_feedback_on_the_cisco_sg500_small_business/di0ds7p/","created":1495681574,"postTitle":null,"distinguishType":null,"isSaved":false,"voteState":0,"deletedBy":null},"t1_di461wr":{"editedAt":null,"isStickied":false,"isMod":false,"postAuthor":null,"isScoreHidden":false,"id":"t1_di461wr","isDeleted":false,"author":"kaisero","media":{"richtextContent":{"document":[{"c":[{"e":"text","t":"Actually if you compared a 3850 with 24x 10G (WS-C3850-24XS-S) with a N3K with 24x 10G (N3K-C3524P-10GX) the 3850 will be twice the price (N3K @10K, CAT3850 @ 21K list price). It really depends on bandwidth requirements and features to be used but if OP wants some solid datacenter switches which offer 10G line-rate I wouldnt recommend catalyst since its way to expensive because it offers campus features not needed in the DC."}],"e":"par"}]},"type":"rtjson","rteMode":"richtext"},"isAdmin":false,"isOp":false,"isLocked":false,"score":1,"parentId":"t1_di124no","subredditId":"t5_2qkaf","collapsedReason":null,"collapsed":false,"sendReplies":true,"goldCount":0,"gildings":null,"authorId":"t2_t03ow","postId":"t3_6d5quy","permalink":"/r/networking/comments/6d5quy/any_feedback_on_the_cisco_sg500_small_business/di461wr/","created":1495902400,"postTitle":null,"distinguishType":null,"isSaved":false,"voteState":0,"deletedBy":null},"t1_di0e9dq":{"editedAt":null,"isStickied":false,"isMod":false,"postAuthor":null,"isScoreHidden":false,"id":"t1_di0e9dq","isDeleted":false,"author":"Thraximundane","media":{"richtextContent":{"document":[{"c":[{"c":[{"e":"text","t":"1 last thing, that switch is EoS."}],"e":"par"}],"e":"blockquote"},{"c":[{"e":"text","t":"Just clarifying for others - "},{"e":"u/","t":"PE_Norris","l":true},{"e":"text","t":" means that it is end of sale, not end of support."}],"e":"par"},{"c":[{"c":[{"e":"text","t":"End-of-Sale Date: 03-DEC-2016"}],"e":"par"}],"e":"blockquote"},{"c":[{"c":[{"e":"text","t":"End-of-Support Date: 31-DEC-2021"}],"e":"par"}],"e":"blockquote"}]},"type":"rtjson","rteMode":"richtext"},"isAdmin":false,"isOp":false,"isLocked":false,"score":3,"parentId":"t1_di04g7t","subredditId":"t5_2qkaf","collapsedReason":null,"collapsed":false,"sendReplies":true,"goldCount":0,"gildings":null,"authorId":"t2_kap2t","postId":"t3_6d5quy","permalink":"/r/networking/comments/6d5quy/any_feedback_on_the_cisco_sg500_small_business/di0e9dq/","created":1495682257,"postTitle":null,"distinguishType":null,"isSaved":false,"voteState":0,"deletedBy":null},"t1_di04g7t":{"editedAt":1555610208,"isStickied":false,"isMod":false,"postAuthor":null,"isScoreHidden":false,"id":"t1_di04g7t","isDeleted":true,"author":"[deleted]","media":{"richtextContent":{"document":[{"c":[{"e":"text","t":"[deleted]"}],"e":"par"}]},"type":"rtjson","rteMode":"richtext"},"isAdmin":false,"isOp":false,"isLocked":false,"score":5,"parentId":null,"subredditId":"t5_2qkaf","collapsedReason":null,"collapsed":false,"sendReplies":true,"goldCount":0,"gildings":null,"authorId":null,"postId":"t3_6d5quy","permalink":"/r/networking/comments/6d5quy/any_feedback_on_the_cisco_sg500_small_business/di04g7t/","created":1495669368,"postTitle":null,"distinguishType":null,"isSaved":false,"voteState":0,"deletedBy":"user"}},"replyFormOpen":{},"submit":{"error":{},"pending":{}},"visitHighlightFilter":"Last"},"commentsListTruncated":true,"commentsPage":{"api":{"error":{"commentsPage--[post:'t3_6d5quy']":null},"fullyLoaded":{"commentsPage--[post:'t3_6d5quy']":true},"pending":{"commentsPage--[post:'t3_6d5quy']":false}},"keyToChatCommentLinks":{"commentsPage--[post:'t3_6d5quy']":[{"id":"t1_di04g7t","created":1495669368,"stickied":false},{"id":"t1_di05wdu","created":1495671243,"stickied":false},{"id":"t1_di06zr9","created":1495672626,"stickied":false},{"id":"t1_di0ds7p","created":1495681574,"stickied":false},{"id":"t1_di0e9dq","created":1495682257,"stickied":false},{"id":"t1_di124no","created":1495726419,"stickied":false},{"id":"t1_di1e4vr","created":1495739615,"stickied":false},{"id":"t1_di461wr","created":1495902400,"stickied":false}]},"keyToCommentThreadLinkSets":{"commentsPage--[post:'t3_6d5quy']":{"t1_di06zr9":{"depth":0,"next":{"type":"comment","id":"t1_di1e4vr"},"prev":{"type":"comment","id":"t1_di05wdu"}},"t1_di124no":{"depth":0,"next":{"type":"comment","id":"t1_di461wr"},"prev":{"type":"comment","id":"t1_di0ds7p"}},"t1_di1e4vr":{"depth":1,"next":{"type":"comment","id":"t1_di04g7t"},"prev":{"type":"comment","id":"t1_di06zr9"}},"t1_di05wdu":{"depth":0,"next":{"type":"comment","id":"t1_di06zr9"},"prev":null},"t1_di0ds7p":{"depth":0,"next":{"type":"comment","id":"t1_di124no"},"prev":{"type":"comment","id":"t1_di0e9dq"}},"t1_di461wr":{"depth":1,"next":null,"prev":{"type":"comment","id":"t1_di124no"}},"t1_di0e9dq":{"depth":1,"next":{"type":"comment","id":"t1_di0ds7p"},"prev":{"type":"comment","id":"t1_di04g7t"}},"t1_di04g7t":{"depth":0,"next":{"type":"comment","id":"t1_di0e9dq"},"prev":{"type":"comment","id":"t1_di1e4vr"}}}},"keyToHeadCommentId":{"commentsPage--[post:'t3_6d5quy']":"t1_di05wdu"},"keyToPostId":{"commentsPage--[post:'t3_6d5quy']":"t3_6d5quy"},"ads":[]},"contentGate":{},"continueThreads":{"models":{}},"creations":{"api":{"collection":{"createOrUpdate":{"error":null,"pending":false}},"draft":{"deleteDraft":{"error":{},"pending":{}},"listing":{"error":null,"pending":false},"save":{"error":{"apiError":null,"needsCaptcha":false,"validationError":null,"submitValidationError":null},"pending":false}},"editor":{"converting":{"pending":{}},"mediaUpload":{"error":null,"pending":false}},"page":{"error":{},"fetched":{},"pending":{}},"post":{"submit":{"error":{"apiError":null,"needsCaptcha":false,"validationError":null,"submitValidationError":null},"pending":false},"update":{"error":null,"pending":false}},"subreddit":{"change":{"error":null,"pending":false}}},"drafts":{},"formData":{"body":{"link":"","markdown":"","media":null,"rte":{"isBound":false,"editorKey":"456c09","initialRTJSON":{"document":[]}}},"eventSchedule":null,"flair":null,"govType":null,"isChatPost":false,"isNSFW":false,"isOC":false,"isPoll":false,"isPublicLink":false,"isSpoiler":false,"newSubreddit":"","newTopMod":"","nextSubreddit":null,"ocCategory":null,"postToTwitter":false,"polls":null,"recaptcha":"","sendReplies":true,"submissionType":"post","title":""},"formState":{"fieldValidation":{"title":null,"body":null,"link":null,"flair":null},"isChanged":false,"modalId":null,"ocCategory":null,"submitMode":0},"postEditing":{"draft":{"markdown":"","rte":{"isBound":false,"editorKey":"59690a","initialRTJSON":{"document":[]}}},"editorMode":"richtext","postId":null}},"dashboard":{"selectedComponent":null,"subredditPending":false,"subredditLoaded":{}},"discoveryUnits":{"api":{"list":{"error":null,"loaded":true,"pending":false}},"models":{"xd_66":{"enabled":true,"id":"xd_66","layout":"large","parameters":{"sort":"hot"},"surface":"explore","unitName":"posts_in_category_rails_hero","unitType":"listing","url":"/api/posts_in_category.json"},"xd_67":{"enabled":true,"id":"xd_67","layout":"large","surface":"explore","unitName":"posts_in_subreddit_hero","unitType":"listing","url":"/r/%{subredditName}/hot.json"},"xd_68":{"enabled":true,"id":"xd_68","layout":"large","parameters":{"sort":"hot"},"surface":"explore","unitName":"posts_in_category_rails_small","unitType":"listing","url":"/api/posts_in_category.json"},"xd_69":{"enabled":true,"id":"xd_69","layout":"large","surface":"explore","unitName":"posts_in_subreddit_small","unitType":"listing","url":"/r/%{subredditName}/hot.json"},"xd_70":{"enabled":true,"id":"xd_70","layout":"large","surface":"search","unitName":"search_posts","unitType":"community_category","url":"/api/posts_in_category.json"},"xd_71":{"enabled":true,"id":"xd_71","layout":"large","surface":"search","unitName":"search_subreddits","unitType":"community_category","url":"/api/subreddits_in_category.json"},"xd_72":{"enabled":true,"id":"xd_72","layout":"large","surface":"subreddit_listing","unitName":"community_banner_posts","unitType":"subreddit_listing","url":"/r/%{subredditName}/top.json"},"xd_83":{"enabled":true,"id":"xd_83","layout":"large","surface":"subreddit_listing","unitName":"best_of_community","unitType":"subreddit_listing","url":"/r/%{subredditName}/top.json"},"xd_88":{"enabled":true,"id":"xd_88","layout":"large","surface":"front_page","title":"Similar communities to %{subredditName}","unitName":"chaining_similar_subreddits_posts","unitType":"listing"},"xd_89":{"enabled":true,"id":"xd_89","layout":"large","surface":"front_page","title":"Mildy similar posts","unitName":"chaining_similar_posts","unitType":"listing"},"xd_90":{"enabled":true,"id":"xd_90","layout":"large","surface":"comments","title":"Posts in subreddit %{subredditName}","unitName":"posts_in_subreddit_vertical","unitType":"listing"},"xd_91":{"enabled":true,"id":"xd_91","layout":"large","surface":"comments","title":"Posts in recommended home","unitName":"posts_in_rec_home","unitType":"listing"}},"nameToId":{"posts_in_category_rails_hero":"xd_66","posts_in_subreddit_hero":"xd_67","posts_in_category_rails_small":"xd_68","posts_in_subreddit_small":"xd_69","search_posts":"xd_70","search_subreddits":"xd_71","community_banner_posts":"xd_72","best_of_community":"xd_83","chaining_similar_subreddits_posts":"xd_88","chaining_similar_posts":"xd_89","posts_in_subreddit_vertical":"xd_90","posts_in_rec_home":"xd_91"}},"economics":{"currentBadgeManagementScreen":{"badgeType":"cosmetic","view":"gallery"},"currentModalArgs":null,"currentPaymentTarget":null,"emotes":{},"ftue":{"tippingHighlightViewed":null,"topTippersViewed":null},"paymentSystems":{"status":2},"specialMemberships":{"allSubscriptionsFetched":false,"data":{}},"subredditPremium":{},"tipDetails":{}},"emojis":{"api":{"list":{"pending":{}}},"models":{}},"externalAccount":{"api":{"connect":{"error":{},"pending":{}},"disconnect":{"error":{},"pending":{}},"user":{"error":{},"pending":{}},"subreddit":{"error":{},"fetched":{},"pending":{}}},"user":{},"subreddit":{}},"featureFlags":{"overrides":{"introModal":null,"markdownMode":null,"modQueue":null,"spBadges":null,"spCommunityTipJar":null,"spEmotes":null,"spFavoriteCreators":null,"spGovPolls":null,"spHarberger":null,"spLeaderboard":null,"spLoadtest":null,"spPoints":null,"spPolls":null,"spPremium":null,"spPremiumSubscriptions":null,"spPremiumUpsells":null,"spPublicPoints":null,"spSpinoffs":null,"spSupport":null,"spTopTippers":null,"communityTopics":null,"adminCommunityTopics":null,"events":null,"collections":null,"rteVideoPoster":null,"userSeenSubredditChatFtux":null,"userInChat":null,"userInSubredditChat":null,"userInChatUserSettings":null,"devAndStagingWatermark":null,"fpsMeter":null,"rabbitHole":null,"measureScrollFPS":null,"showVerboseErrors":null,"uappBanner":null,"canProxyGild":null,"experiments":null,"enableGraphQl":null,"importExportThemes":null,"flairRestrictions":null,"spezModal":null,"superbOwl":null,"enableShadowMode":null,"useGraphQLInFrontpage":null,"wikiEditing":null,"pushNotificationsBrowserSupported":null,"enableCrowdControlMode":null,"customFeeds":null,"snoovatar30":null,"isEmailPermissionRequired":null,"__requiredDoNotRemove":null}},"flairedUsers":{"api":{"error":null,"pending":false},"models":{},"pageInfo":{},"search":{"api":{"error":null,"pending":false},"result":null},"userOrder":{}},"fontFiles":[{"family":"IBMPlexSans","weight":700,"style":"normal","woffUrl":"fonts/IBMPlexSans/Bold-c34ba754b7235b49d33b294ff7a54179.woff","woff2Url":"fonts/IBMPlexSans/Bold-875de5047556e7c822519d95d7ee692d.woff2"},{"family":"IBMPlexSans","weight":500,"style":"normal","woffUrl":"fonts/IBMPlexSans/Medium-1051a531d3e1ee3483a6533158557139.woff","woff2Url":"fonts/IBMPlexSans/Medium-c4b185e25a4dde85a29f902cd5ce5360.woff2"},{"family":"IBMPlexSans","weight":400,"style":"normal","woffUrl":"fonts/IBMPlexSans/Regular-e6bbcdd30d3bd4d6b170bcb6d3552cab.woff","woff2Url":"fonts/IBMPlexSans/Regular-116bb6d508f5307861d3b1269bc597e7.woff2"},{"family":"Noto Mono","weight":400,"style":"normal","woffUrl":"fonts/NotoMono/Regular-e6bbcdd30d3bd4d6b170bcb6d3552cab.woff","woff2Url":"fonts/NotoMono/Regular-b16bb0524a7e7ee597970333c0c67180.woff2"},{"family":"Noto Mono","weight":400,"style":"normal","woffUrl":"fonts/NotoMono/el-Regular-06ee3f893717454d11a16c3e8d0aa9f9.woff","woff2Url":"fonts/NotoMono/el-Regular-29d72243d2cd6145b28bcb80dc33f0e4.woff2"},{"family":"Noto Sans","weight":700,"style":"italic","woffUrl":"fonts/NotoSans/Bold-Italic-255b4934a1f414dd312aa89382d65114.woff","woff2Url":"fonts/NotoSans/Bold-Italic-be39cd37f002d25d500c67b88871bed4.woff2"},{"family":"Noto Sans","weight":700,"style":"normal","woffUrl":"fonts/NotoSans/Bold-c34ba754b7235b49d33b294ff7a54179.woff","woff2Url":"fonts/NotoSans/Bold-d4ba4ecba17e90993f442f7bb082a3a2.woff2"},{"family":"Noto Sans","weight":400,"style":"normal","woffUrl":"fonts/NotoSans/Regular-e6bbcdd30d3bd4d6b170bcb6d3552cab.woff","woff2Url":"fonts/NotoSans/Regular-d6a6aa8dc0f93416a832ea04a18c6fb8.woff2"},{"family":"Noto Sans","weight":700,"style":"italic","woffUrl":"fonts/OldNotoSans/Bold-Italic-255b4934a1f414dd312aa89382d65114.woff","woff2Url":"fonts/OldNotoSans/Bold-Italic-5a241c76c24e463ef9bcc5855d20209b.woff2"},{"family":"Noto Sans","weight":700,"style":"normal","woffUrl":"fonts/OldNotoSans/Bold-c34ba754b7235b49d33b294ff7a54179.woff","woff2Url":"fonts/OldNotoSans/Bold-b85bf848c28799f5ad34ee29db68051c.woff2"},{"family":"Noto Sans","weight":400,"style":"normal","woffUrl":"fonts/OldNotoSans/Regular-e6bbcdd30d3bd4d6b170bcb6d3552cab.woff","woff2Url":"fonts/OldNotoSans/Regular-e50c34178d20d5fa4ab3c1f6c67901a9.woff2"}],"gild":{"api":{"error":null,"pending":false,"showLoader":false},"gildModalThingId":null,"includeMessage":false,"isAnonymous":false,"isIframed":false,"message":"","selectedAward":{"awardType":"GLOBAL","coinPrice":500,"coinReward":100,"description":"","daysOfDripExtension":0,"icon":{"url":"https://www.redditstatic.com/desktop2x/img/gold/badges/award-gold-medium.png?v=2"},"id":"gid_2","isEnabled":true,"name":"Gold","daysOfPremium":7}},"goldPurchase":{"coinPurchaseModal":{"activePage":"selectPayment","gildThingId":null,"purchasePackage":null,"showModal":false},"payment":{"cardName":"","cardValidation":{"cardCvc":"","cardExpiry":"","cardNumber":"","nameOnCard":"","postalCode":""},"paymentMethod":"paypal","paypal":{"errorMessage":null,"passthrough":""},"rememberCard":true,"savedCards":[],"savedCardsPending":false,"stripeToken":{"errorMessage":null,"pending":false},"useSavedCard":null},"premiumPurchaseModal":{"activePage":"selectPayment","showModal":false},"updateCardModal":{"pending":false}},"header":{"isSubscriptionsDropdownOpen":false},"imageUploads":{},"isEmailVerificationTooltipShowing":true,"isModeratorWithPostPerms":false,"jsApi":[],"leaderboard":{"api":{"error":{},"pending":{}},"dateRangeSelection":{},"models":{}},"listings":{"activeKey":"","listingOrder":{"api":{"error":{},"pending":{}},"identifiers":{},"ids":{},"fetchedTokens":{},"loadMore":{}},"postOrder":{"api":{"error":{},"pending":{}},"endMarkers":{},"fetchedTokens":{},"ids":{},"listingSort":{},"loadMore":{}}},"live":{"featured":null,"isFrontpageLoaded":false},"mediaPlayback":{"isMuted":true,"volume":1},"meta":{"isBot":false,"isSessionSeo":false,"userAgent":"Mozilla/5.0 (Windows NT 10.0; Win64; x64) AppleWebKit/537.36 (KHTML, like Gecko) Chrome/75.0.3770.142 Safari/537.36","country":"US","domain":"www.reddit.com","protocol":"https","sessionReferrerDomain":"","method":"GET","pageloadServerTime":1564652822484},"moderatingSubreddits":{},"moderationLog":{"actions":{"itemOrder":{},"models":{}},"endCursor":null,"hasNextPage":{},"hasPreviousPage":{},"moderators":[],"startCursor":null},"moderators":{"editableModerators":{},"editableUserOrder":{"data":{},"api":{"error":{},"pending":{}}},"invitedModerators":{"api":{"error":null,"pending":false},"models":{},"userOrder":{}},"invitePending":{},"loadMoreModerators":{},"loadMoreEditableModerators":{},"models":{},"search":{"api":{"error":null,"pending":false},"result":null},"userOrder":{"data":{},"api":{"error":{},"pending":{}}}},"modListingPage":{"filteredSubreddits":{"api":{"error":null,"pending":false},"names":[]}},"modModeEnabled":true,"modQueue":{"bulkAction":{"api":{"error":null,"pending":false},"selectedItems":{},"undoLastAction":{}},"edited":{"api":{"error":null,"pending":false},"itemOrder":{},"loadMore":{}},"moderatedCommunitiesOrder":{"after":null,"data":[],"loaded":false,"pending":false},"modqueue":{"api":{"error":null,"pending":false},"itemOrder":{},"loadMore":{}},"reports":{"api":{"error":null,"pending":false},"itemOrder":{},"loadMore":{}},"spam":{"api":{"error":null,"pending":false},"itemOrder":{},"loadMore":{}},"unmoderated":{"api":{"error":null,"pending":false},"itemOrder":{},"loadMore":{}}},"moreComments":{"api":{"error":{},"pending":{}},"models":{}},"multireddits":{"api":{"addSubreddit":{"error":null,"fetched":false,"pending":null},"create":{"error":null,"fetched":false,"pending":false},"deleteMulti":{"error":null,"fetched":false,"pending":false},"duplicate":{"error":null,"fetched":false,"pending":false},"edit":{"error":null,"fetched":false,"pending":false},"forUser":{"fetched":false,"pending":false},"recommendations":{"error":null,"fetched":false,"pending":true},"removeSubreddit":{"error":null,"fetched":false,"pending":null}},"byUserId":{},"models":{},"recommendations":{}},"muted":{"api":{"error":null,"pending":{}},"fetchedTokens":{},"inContext":null,"loadMore":{},"models":{},"search":{"api":{"error":null,"pending":false},"result":null},"userOrder":{}},"notificationBannerId":null,"nps":{"pending":false,"success":false},"oldSiteRules":[],"originalContent":{"bestPosts":{"api":{"error":{},"pending":{}}},"categories":{"api":{"error":null,"pending":false},"models":{}},"topCommunities":{"api":{"error":{},"pending":{}}},"topCreators":{"api":{"error":{},"pending":{}}}},"partnerSubredditConnection":{"api":{"page":{"error":{},"fetched":{},"pending":{}}}},"platform":{"allowNavigationCallback":null,"currentPage":{"key":"/r/networking/comments/6d5quy/any_feedback_on_the_cisco_sg500_small_business/","meta":{"name":"comments"},"queryParams":{},"routeMatch":{"match":{"path":"/:routePrefix(r)/:subredditName/comments/:partialPostId/:urlSafePostTitle?","url":"/r/networking/comments/6d5quy/any_feedback_on_the_cisco_sg500_small_business/","isExact":true,"params":{"routePrefix":"r","subredditName":"networking","partialPostId":"6d5quy","urlSafePostTitle":"any_feedback_on_the_cisco_sg500_small_business"},"queryParams":{}},"route":{"path":"/:routePrefix(r)/:subredditName/comments/:partialPostId/:urlSafePostTitle?","chunk":"CommentsPage","exact":true,"meta":{"name":"comments"},"prefetches":["Frontpage","Subreddit"]}},"status":200,"url":"/r/networking/comments/6d5quy/any_feedback_on_the_cisco_sg500_small_business/","urlParams":{"routePrefix":"r","subredditName":"networking","partialPostId":"6d5quy","urlSafePostTitle":"any_feedback_on_the_cisco_sg500_small_business"},"isRobotIndexable":true},"lastPage":null,"referrers":{},"sessionReferrer":null,"metas":{"/r/networking/comments/6d5quy/any_feedback_on_the_cisco_sg500_small_business/":{"title":"Any feedback on the Cisco SG500 Small Business Series with a VDI Deployment : networking"}}},"postCollection":{"models":{},"subredditToIds":{},"api":{"error":{"reorderError":null,"updateDescriptionError":null,"updateLayoutError":null},"pending":{"reorderPending":false,"updateDescriptionPending":false,"updateLayoutPending":false}}},"polls":{"api":{"voting":{"error":{},"pending":{}}},"models":{},"results":{"byLockedVotingPower":{},"byVoters":{},"byVotingPower":{}},"rewards":{}},"postFlair":{"t5_2qkaf":{"displaySettings":{"position":"right","isEnabled":true},"permissions":{"canAssignOwn":false},"templateIds":[],"templates":{}}},"posts":{"bestOCPosts":{},"chained":{"dismissed":false,"dismissedIdToListingKey":{},"idToListingKey":{}},"embedAndImage":{"loadable":{}},"expanded":{},"focus":null,"instances":{},"metaMap":{},"models":{"t3_6d5quy":{"domain":"self.networking","isCrosspostable":false,"isMeta":false,"isStickied":false,"domainOverride":null,"callToAction":null,"eventsOnRender":[],"isScoreHidden":false,"saved":false,"numComments":7,"upvoteRatio":0.78,"author":"Novaz","postCategories":null,"media":{"obfuscated":null,"richtextContent":{"document":[{"c":[{"e":"text","t":"So, working on a new vxRail deployment and we opted out of the Brocade VDX's because we already have some deployed as the core and were thinking we would just do some home runs to those. Now where moving towards a \"leaf and spine\" spine build with 2 Cisco SG500XG-8F8T. Was wondering if anyone has worked with these switches before and could offer up some feedback."}],"e":"par"},{"c":[{"e":"text","t":"TL:DR - Cisco SG500XG-8F8T  - is it good?"}],"e":"par"},{"c":[{"e":"text","t":"Mahalos"}],"e":"par"}]},"type":"rtjson","rteMode":"richtext","mediaMetadata":null},"numCrossposts":0,"isSponsored":false,"id":"t3_6d5quy","contentCategories":null,"source":null,"isLocked":false,"score":10,"isSpoiler":false,"isArchived":true,"contestMode":false,"liveCommentsWebsocket":"wss://ws-00b2ec7e0811b4d7a.wss.redditmedia.com/link/6d5quy?m=AQAAlgZEXUSVUoZ7KZo9_50nwO3HLlt43tmk2oDwQvMqQTDX09NL","thumbnail":{"url":"self","width":null,"height":null},"belongsTo":{"type":"subreddit","id":"t5_2qkaf"},"crosspostRootId":null,"crosspostParentId":null,"sendReplies":true,"goldCount":0,"gildings":null,"authorId":"t2_94ly0","isNSFW":false,"isMediaOnly":false,"postId":"t3_6d5quy","suggestedSort":null,"hidden":false,"viewCount":0,"permalink":"https://www.reddit.com/r/networking/comments/6d5quy/any_feedback_on_the_cisco_sg500_small_business/","created":1495667003000,"title":"Any feedback on the Cisco SG500 Small Business Series with a VDI Deployment","events":[],"isOriginalContent":false,"distinguishType":null,"discussionType":null,"voteState":0,"flair":[],"isBlank":false,"numDuplicates":0}},"recent":[],"video":{"autoPlayed":{},"buffering":{},"consumed":{},"continuousViewStartedAt":{},"fullscreen":null,"loadable":{},"loadTimes":{},"metadata":{},"paused":{},"playing":{},"started":{},"time":{}}},"postStickiedComments":{"data":{}},"givePremium":{"api":{"error":null,"pending":false},"givePremiumModalAccountName":""},"products":{"api":{"fetch":{"error":{},"pending":{}},"purchase":{"error":{},"pending":{}}},"currentlyPurchasing":null,"models":{}},"profileCommentsPage":{"api":{"error":{},"pending":{}},"endMarkers":{},"fetchedTokens":{},"commentIds":{},"loadMore":{}},"profilePrivatePage":{"api":{"error":{},"pending":{}},"ids":{},"pageInfo":{}},"profileModSettingsPage":{"api":{"pending":true}},"profileOverviewPage":{"chrono":{"api":{"error":{},"pending":{}},"fetchedTokens":{},"ids":{},"loadMore":{}},"conversations":{"api":{"error":{},"pending":{}},"extraComments":{"api":{"error":{},"pending":{}},"models":{}},"keyToCommentThreadLinkSets":{},"keyToHeadCommentId":{},"keyToPostId":{}}},"profilePostsPage":{},"profiles":{"about":{},"models":{},"moderated":{"api":{"pending":{}},"models":{},"pageInfo":{}},"multireddits":{"api":{"pending":{}},"pageInfo":{}},"pinnedPosts":{"data":{},"initialData":{},"pending":{}},"trophyCases":{}},"providerFlair":{"models":{"t5_2qkaf":{"Novaz":null,"[deleted]":null,"kaisero":null,"Thraximundane":null,"trippinwontnothard":null,"packet_whisperer":null,"kcornet":null}}},"promos":{"mobilePromoBanner":false,"upsellSignUpBannerLarge":false,"upsellSignUpBannerMedium":false,"upsellSignUpBannerSmall":null},"recommendations":{},"removalReasons":{"api":{"error":null,"pending":false},"models":{},"reasonOrder":{},"removedItemIds":null},"reportFlow":{"api":{"error":{},"pending":{},"success":{}},"openedFromModalPage":false,"postOrCommentId":null,"userIsMod":false},"reportPage":{"reportPageApi":{"error":null,"pending":false,"success":false},"reportPageRules":[]},"requestHost":"www.reddit.com","runTimeEnvVars":{"staging":false,"startTimeInMillis":1564651743879},"search":{"relatedQueries":{},"searchQuery":null,"typeahead":{"idsByQuery":{},"models":{}},"viewTreatment":{}},"searchDiscoveryUnits":{"headerContent":{},"models":{},"order":{}},"seo":{"crawler":null,"linksModule":{}},"shortcuts":{"activeCommentId":null,"activePostId":"t3_6d5quy","namespace":"CommentPage"},"sidebarPromotedPosts":{"firstFetch":false,"models":{}},"sitewideRules":[],"structuredStyles":{"draft":{},"exportStyles":{"error":null,"pending":false},"flairTemplate":{"models":{}},"imagePreviews":{},"isBladeEditorDirty":false,"isEditing":null,"models":{"t5_2qkaf":{"menuBackgroundBlur":null,"menuLinkColorInactive":null,"menuLinkColorHover":null,"bannerCommunityNameFormat":"slashtag","postUpvoteIconInactive":null,"highlightColor":null,"menuBackgroundOpacity":null,"postUpvoteCountColor":null,"bannerHeight":"medium","postBackgroundColor":null,"mobileBannerImage":null,"bannerOverlayColor":null,"bannerCommunityName":null,"postDownvoteIconActive":null,"postUpvoteIconActive":null,"menuBackgroundColor":null,"postBackgroundImagePosition":null,"backgroundImage":null,"bannerBackgroundImagePosition":"cover","backgroundColor":"#bbbdbf","submenuBackgroundStyle":null,"backgroundImagePosition":null,"bannerShowCommunityIcon":"hide","bannerBackgroundColor":"#0079d3","submenuBackgroundColor":null,"sidebarWidgetHeaderColor":null,"bannerPositionedImagePosition":null,"bannerBackgroundImage":"https://styles.redditmedia.com/t5_2qkaf/styles/bannerBackgroundImage_6gtqcb2320111.png","postDownvoteCountColor":null,"postPlaceholderImagePosition":null,"postDownvoteIconInactive":null,"primaryColor":null,"sidebarWidgetBackgroundColor":null,"mobileKeyColor":null,"menuPosition":null,"postVoteIcons":null,"menuLinkColorActive":null,"bannerPositionedImage":null,"secondaryBannerPositionedImage":null,"menuBackgroundImage":null,"postBackgroundImage":null,"postPlaceholderImage":null,"communityIcon":null,"postTitleColor":null}}},"stylesheets":"https://www.redditstatic.com/desktop2x/chunkCSS/Reddit.44c4e6e827a82a16994e.css","subredditAutocomplete":{"api":{"error":{},"pending":{}},"models":{}},"subredditChannels":{"api":{"error":{},"pending":{},"whitelist":{}},"models":{},"selected":null},"subreddits":{"about":{"t5_2qkaf":{"contentCategory":"","publicDescription":"###Enterprise Networking\n\nRouters, switches and firewalls. Network blogs, news and network management articles. Cisco, Juniper, Brocade and more all welcome.","hasExternalAccount":false,"userIsSubscriber":null,"accountsActive":410,"advertiserCategory":"Technology","allOriginalContent":false,"restrictCommenting":false,"showMedia":false,"restrictPosting":true,"subscribers":177758,"allowedPostTypes":{"images":false,"text":true,"videos":false,"links":false,"spoilers":true},"usingNewModmail":true,"emojisEnabled":false,"disableContributorRequests":false,"userIsContributor":null,"originalContentTagEnabled":false}},"api":{"about":{"error":{},"pending":false},"connectToPartner":{"error":null,"lastConnectedSubredditId":null,"pending":false},"create":{"error":{"apiError":null},"lastCreatedSubredditId":null,"pending":false},"rankings":{"error":null,"pending":false},"rules":false,"similar":{"pending":{}},"topContent":{"error":{},"pending":{}},"wiki":{"error":{},"pending":{}}},"appliedFilters":{"meta":{}},"byCategory":{},"communityInfo":{},"crosspostable":{"api":{"errors":null,"pending":false},"ids":{}},"duplicates":{"models":{}},"gov":{"assets":{},"communityJar":{},"distributions":{},"meta":{},"releaseNotes":{}},"models":{"t5_2qkaf":{"whitelistStatus":"all_ads","isNSFW":false,"subscribers":177758,"primaryColor":"","id":"t5_2qkaf","icon":{"url":"","width":null,"height":null},"isQuarantined":false,"name":"networking","title":"Enterprise Networking news, blogs and discussion.","url":"/r/networking/","wls":6,"freeFormReports":true,"displayText":"r/networking","type":"public","communityIcon":""}},"moderated":{"api":{"errors":null,"fetched":false,"pending":false},"order":null},"original":[],"products":{},"rankings":{},"rankingsPageInfo":{},"rules":{},"settings":{},"similar":{},"subredditWiki":{"diff":{},"directory":{},"pages":{},"pageSettings":{},"revisions":{"api":{"error":{},"pending":{}},"listings":{},"models":{}}},"top":{},"topContent":{},"trending":[]},"subredditSettings":{"postRequirements":{"formState":{"isLoading":true,"isSaving":false,"hasFormError":false,"serverError":null,"titleStrings":{"isToggled":false,"strings":[]},"titleRegEx":{"isToggled":false,"regex":[]},"titleLength":{"isToggled":false,"min":null,"max":null},"postLength":{"isToggled":false,"min":null,"max":null},"postingGuidelines":{"requirement":"none","guidelines":null},"postBodyRequirement":"none","linkListPermission":"none","linkDomain":{"whitelist":[],"blacklist":[]},"reposts":{"isToggled":false,"days":null},"flair":{"isToggled":false}},"formErrors":{"titleRegEx":{"regex":null},"titleStrings":{"strings":null},"titleLength":{"min":null,"max":null},"postLength":{"min":null,"max":null},"postingGuidelines":{"guidelines":null},"postBodyRequirement":{"requirement":null},"linkListPermission":{"permission":null},"linkDomain":{"whitelist":null,"blacklist":null},"reposts":{"days":null}},"initialData":null},"requirementsBySubreddit":{}},"subredditStickyPosts":{"data":{}},"subscriptions":{"api":{"errors":null,"fetched":false,"pending":false},"favoriteMultiOrder":[],"favoriteProfileOrder":[],"favoriteSubredditOrder":[],"multiredditOrder":[],"profileOrder":[],"subredditOrder":[]},"tags":{"api":{"create":{"pending":false,"error":false},"deleteTag":{"pending":false,"error":false},"fetch":{"pending":false,"error":false},"update":{"pending":false,"error":false}},"availableGlobalTagOrder":{"global":[],"recommendedGlobal":[]},"models":{"globalSubredditTags":{},"subredditScopedTags":{},"itemTags":{},"suggestedItemTags":{},"sortedItemTags":{}},"selected":{"selectedOptions":{},"selectedSuggestedOptions":{},"deselectedOptions":{},"deselectedSuggestedOptions":{},"inputByItemId":{},"suggestedInputByItemId":{}}},"themes":{},"toaster":[],"tooltipId":null,"tracking":{"viewportDataLoaded":{}},"trafficStats":{"pending":false,"trafficStats":null},"transfers":{"communityPoints":{"api":{"error":null,"pending":false},"contentId":null,"initialRecipient":""}},"trending":{"models":[]},"trophies":{},"uploads":{},"user":{"account":null,"accountSettings":{"changeEmail":{"api":{"error":null,"pending":false}},"resetPassword":{"api":{"pending":false}},"sendResetEmail":{"api":{"pending":false,"emailSent":false}}},"blocked":{"api":{},"data":[]},"chatSettings":{"invitePolicy":"Everyone"},"drafts":null,"experiments":{"models":[{"id":207,"name":"android_email_digest_copy","variant":"treatment_1","version":"8"},{"id":328,"name":"android_graphql_all_feed_5","variant":"enabled","version":"1"},{"id":326,"name":"android_graphql_popular_feed_6","variant":"control_1","version":"1"},{"id":184,"name":"android_max_video_bitrate","variant":"2_0_mbps","version":"4"},{"id":62,"name":"best_sort_explore_batch","variant":"best_sort_explore_enabled","version":"5"},{"id":196,"name":"channels_subscriber_limit","variant":"no_limit","version":"7"},{"id":206,"name":"chat_posts_android_2","variant":"control_2","version":"4"},{"id":210,"name":"chat_posts_android_2_features","variant":"true","version":"7"},{"id":127,"name":"d2x_graphql_home_feed","variant":"gql_home_feed","version":"21"},{"id":312,"name":"desktop_general_cleanup","variant":"sort_view","version":"2"},{"id":272,"name":"desktop_post_cleanup_frontpage","variant":"control_2","version":"4"},{"id":69,"name":"desktop_seo_post_test_v1","variant":"listing_on_bottom","version":"10"},{"id":164,"name":"desktop_seo_post_v2_truncate","variant":"both","version":"3"},{"id":58,"name":"dn_perms_current_pre_prompt","variant":"dark_system_dialogue","version":"9"},{"id":263,"name":"email_collection_v1","variant":"control_1","version":"6"},{"id":226,"name":"email_digest_frequency","variant":"once_per_week","version":"4"},{"id":200,"name":"email_digest_rollout","variant":"enabled","version":"24"},{"id":177,"name":"email_permissions","variant":"treatment_1","version":"5"},{"id":106,"name":"email_verification_banner","variant":"tooltip","version":"3"},{"id":285,"name":"hide_best_of_community","variant":"control_2","version":"2"},{"id":265,"name":"ios_email_permissions","variant":"treatment_1","version":"4"},{"id":310,"name":"ios_graphql_home_feed_3","variant":"enabled","version":"1"},{"id":311,"name":"ios_graphql_popular_feed_2","variant":"enabled","version":"1"},{"id":325,"name":"ios_graphql_post_feeds_1","variant":"enabled","version":"1"},{"id":245,"name":"ios_post_collections_v2","variant":"enabled","version":"1"},{"id":315,"name":"ios_screenshot_share","variant":"control_2","version":"2"},{"id":72,"name":"ios_wkwebview_youtube_rollout","variant":"enabled","version":"5"},{"id":86,"name":"jerome_test","variant":"0_3_50_unmetered","version":"12"},{"id":50,"name":"lnl_vs_best_vs_explore_exploit","variant":"best_sort","version":"33"},{"id":57,"name":"logged_in_transactional_dn_test","variant":"treatment","version":"5"},{"id":98,"name":"logged_in_trending_dns_2","variant":"trending_only","version":"5"},{"id":137,"name":"logged_out_pn_personalization","variant":"expanded_best_sort_tos","version":"15"},{"id":104,"name":"logged_out_trending_dns","variant":"enabled","version":"9"},{"id":155,"name":"logged_out_weighted_tos_notification","variant":"best_sort_tos_boosting_5","version":"7"},{"id":257,"name":"low_karma_rate_limit","variant":"control_1","version":"4"},{"id":120,"name":"manual_sr_recommendations","variant":"direct_tos","version":"5"},{"id":194,"name":"meta_features","variant":"true","version":"3"},{"id":212,"name":"new_media_transitions","variant":"enabled","version":"3"},{"id":90,"name":"non_personalized_notification_frequency","variant":"control_1","version":"8"},{"id":158,"name":"pn_sub_fallback","variant":"best_sort_fallback","version":"4"},{"id":47,"name":"popular_re_sort","variant":"linear_regression_v2_80","version":"23"},{"id":140,"name":"post_view_consume_killswitch","variant":"false","version":"2"},{"id":79,"name":"rails_search_results_redesign","variant":"treatment_1","version":"9"},{"id":169,"name":"redesign_feed_chaining_logged_in","variant":"factorization_similar","version":"14"},{"id":170,"name":"redesign_feed_chaining_logged_out","variant":"factorization_similar","version":"15"},{"id":43,"name":"redesign_go_to_home","variant":"home_after_0","version":"7"},{"id":83,"name":"related_queries_rollout","variant":"active","version":"9"},{"id":329,"name":"subreddit_recommendation_tod","variant":"control_2","version":"1"},{"id":78,"name":"time_on_subreddit_push_notifications","variant":"expanded_best_sort","version":"12"},{"id":63,"name":"trending_dropdown_redesign","variant":"treatment_1","version":"9"},{"id":81,"name":"trending_entrypoint_redesign","variant":"treatment_1","version":"7"},{"id":48,"name":"typeahead_redesign","variant":"treatment_1","version":"4"},{"id":153,"name":"weighted_random_tos_notification","variant":"best_sort_tos_boosting_5","version":"8"},{"id":119,"name":"work_manager_android","variant":"true","version":"6"}],"localPersisted":{},"overrides":{}},"features":{},"isCustomizeFlyoutShowing":false,"topContentDismissalPrefsSet":null,"language":"en","loggedOutData":{"accountCompleteness":{"collapsed":false,"step":"initial"},"dataLoaded":false,"feedMultiName":[],"homeFeed":{"similar":[],"topBanner":{"isClosed":false,"viewsCount":0},"views":["networking"],"votes":{}},"isFrontpageHome":false,"postsCount":0,"tooltips":{"home_active":{},"subscribe_feed":{},"subscribe_id":{},"subscribe_reminder":{},"vote":{},"vote_reminder":{},"vote_success":{}},"views":{"count":{"beforeBanner":0,"total":1},"posts":["t3_6d5quy"]},"votes":{"comments":{},"posts":{}}},"loid":{"blob":"Z0FBQUFBQmRRclVXQThPRkJ0Rl9la1l4VElPbTh3STRmM0JHaXcwWWJKaDBYQTExMFJnbVY3Q3BPcjJCLVNPZWdzN1dRRW9yWFBPOTd4SXdpZnF1X05jXy0tb0lfdlhPV25wMTVIakp2SFlBd1lJbjJfU1I5dC1tLTUwMDBYQkxPWEJaTHNHYWtVbHY","loid":"00000000004a2cced2","loidCreated":"1564652822569","version":2},"notificationPrefs":{"api":{"getPreferences":{"error":null,"loaded":false,"pending":false},"setPreferences":{"error":null,"loaded":false,"pending":false}},"isPrePromptVisible":false,"preferences":{"chatMessages":false,"trendingPosts":false,"unreadMessages":false}},"ownedBadges":{},"prefs":{"allowClickTracking":false,"autoplayVideo":true,"collapsedTraySections":{"favorites":false,"multis":false,"moderating":false,"subscriptions":false,"profiles":false},"commentMode":"richtext","layout":"card","rememberCommunityLayout":false,"defaultCommentSort":"confidence","editorMode":"richtext","featuresViewedHistory":{"commentForm":{"markdownModeNotification":false}},"globalTheme":"REDDIT","hasSeenCustomizeFlyout":true,"hideNSFW":true,"ignoreSuggestedSort":false,"labelNSFW":true,"markMessagesRead":true,"nightmode":false,"openPostInNewTab":false,"over18":false,"showActiveCommunities":true,"showTwitter":false,"sort":"hot","stylesEnabled":true,"subreddit":{},"topContentDismissalTime":0,"topContentTimesDismissed":0,"rememberCommunitySort":false,"useMarkdown":false},"reddaid":"","session":{"accessToken":"-Giq2AIG3L89FEfmje9zaejaNsHc","expires":"2019-08-01T10:47:02.661Z","expiresIn":3600,"unsafeLoggedOut":true,"safe":true},"sessionRefreshFailed":false,"sessionTracker":"krXAX6on5h4KCHtzgB.0.1564652822827.Z0FBQUFBQmRRclVXYjZoTjdrdDM4TGtRMFNFU1UyVnBHT0g1MVBNZjB1TFBpZVBKckVoWVVtNVhGT0Y1N0FsWEVHM3QyYUd4RlpremIyamdqSWN3S01sYUQ3N29sUDVTeXVSTVVEOUdjejZPaTN6aGlKRXpPLUhiYjQ1WnZWclJUT1RJRW8ydjhkTFM","shuffledCategories":["travel","outdoors","animals","electronics","music","gaming","tech","fashion","vroom","sports","relationships","health","dIY","writing","memes","food","news","science","tv","entertainment","picsAndGifs","funny","videoGames","photography","advice","art","videos"],"temporaryGQL":{"isEmployee":null,"isLoggedIn":false},"wallets":{},"whitelist":{"api":{},"data":[]}},"userFlair":{"t5_2qkaf":{"applied":null,"templates":{},"templateIds":[],"displaySettings":{"position":"right","isEnabled":true,"isUserEnabled":false},"permissions":{"canUserChange":false,"canAssignOwn":true}}},"users":{"api":{"error":{},"pending":false},"appliedBadges":{},"models":{},"nameAvailable":{},"publicWallets":{},"topOCCreators":{}},"widgets":{"idCardIds":{"t5_2qkaf":"widget_id-card-2qkaf"},"menuIds":{},"models":{"widget_id-card-2qkaf":{"styles":{"headerColor":null,"backgroundColor":null},"kind":"id-card","description":"###Enterprise Networking\n\nRouters, switches and firewalls. Network blogs, news and network management articles. Cisco, Juniper, Brocade and more all welcome.","id":"widget_id-card-2qkaf","currentlyViewingCount":410,"currentlyViewingText":"","subscribersCount":177758,"subscribersText":"","shortName":"Community Details"},"widget_moderators-2qkaf":{"styles":{"headerColor":null,"backgroundColor":null},"kind":"moderators","mods":[{"name":"ugnaught","authorFlairType":"text","authorFlairTextColor":"dark","authorFlairBackgroundColor":"","authorFlairRichText":[],"authorFlairText":"Network Stooge"},{"name":"Mikecom32","authorFlairType":"text","authorFlairTextColor":"dark","authorFlairBackgroundColor":"","authorFlairRichText":[],"authorFlairText":null},{"name":"BridgeBum","authorFlairType":"text","authorFlairTextColor":"dark","authorFlairBackgroundColor":"","authorFlairRichText":[],"authorFlairText":"Former CCSI"},{"name":"noreallyimthepope","authorFlairType":"text","authorFlairTextColor":"dark","authorFlairBackgroundColor":"","authorFlairRichText":[],"authorFlairText":"CCNAnger"},{"name":"DavisTasar","authorFlairType":"text","authorFlairTextColor":"dark","authorFlairBackgroundColor":"","authorFlairRichText":[],"authorFlairText":null},{"name":"dubcroster","authorFlairType":"text","authorFlairTextColor":"dark","authorFlairBackgroundColor":"","authorFlairRichText":[],"authorFlairText":"Artisinal Labelswapper"},{"name":"jpeek","authorFlairType":"text","authorFlairTextColor":"dark","authorFlairBackgroundColor":"","authorFlairRichText":[],"authorFlairText":null},{"name":"HoorayInternetDrama","authorFlairType":"text","authorFlairTextColor":"dark","authorFlairBackgroundColor":"","authorFlairRichText":[],"authorFlairText":"(=^･ω･^=)"},{"name":"the-packet-thrower","authorFlairType":"text","authorFlairTextColor":"dark","authorFlairBackgroundColor":"","authorFlairRichText":[],"authorFlairText":"AMA TP-Link,DrayTek and SonicWall"},{"name":"VA_Network_Nerd","authorFlairType":"text","authorFlairTextColor":"dark","authorFlairBackgroundColor":"","authorFlairRichText":[],"authorFlairText":"Moderator | Infrastructure Architect"}],"totalMods":15,"id":"widget_moderators-2qkaf"},"widget_rules-2qkaf":{"styles":{"headerColor":null,"backgroundColor":null},"kind":"subreddit-rules","id":"widget_rules-2qkaf","shortName":"Subreddit Rules","data":[{"violationReason":null,"description":"Home Networking Topics.  \n\n* We aren't here to troubleshoot your \"advanced\" video game latency issues.  \n\n* Home Networks, even complex ones are best discussed elsewhere like /r/homenetworking  \n\n* HomeLab discussions, as a tool for learning \u0026 certifications are welcomed.  \n","createdUtc":1453963470,"priority":0,"descriptionHtml":"\u003C!-- SC_OFF --\u003E\u003Cdiv class=\"md\"\u003E\u003Cp\u003EHome Networking Topics.  \u003C/p\u003E\n\n\u003Cul\u003E\n\u003Cli\u003E\u003Cp\u003EWe aren\u0026#39;t here to troubleshoot your \u0026quot;advanced\u0026quot; video game latency issues.  \u003C/p\u003E\u003C/li\u003E\n\u003Cli\u003E\u003Cp\u003EHome Networks, even complex ones are best discussed elsewhere like \u003Ca href=\"/r/homenetworking\"\u003E/r/homenetworking\u003C/a\u003E  \u003C/p\u003E\u003C/li\u003E\n\u003Cli\u003E\u003Cp\u003EHomeLab discussions, as a tool for learning \u0026amp; certifications are welcomed.  \u003C/p\u003E\u003C/li\u003E\n\u003C/ul\u003E\n\u003C/div\u003E\u003C!-- SC_ON --\u003E","shortName":"Rule #1: No Home Networking."},{"violationReason":null,"description":"No Braindump / Certification Cheating.  \n\n* These topics pollute our industry and devalue the hard work of others.  \n\n* These posts will be deleted without mercy.  \n","createdUtc":1453963512,"priority":1,"descriptionHtml":"\u003C!-- SC_OFF --\u003E\u003Cdiv class=\"md\"\u003E\u003Cp\u003ENo Braindump / Certification Cheating.  \u003C/p\u003E\n\n\u003Cul\u003E\n\u003Cli\u003E\u003Cp\u003EThese topics pollute our industry and devalue the hard work of others.  \u003C/p\u003E\u003C/li\u003E\n\u003Cli\u003E\u003Cp\u003EThese posts will be deleted without mercy.  \u003C/p\u003E\u003C/li\u003E\n\u003C/ul\u003E\n\u003C/div\u003E\u003C!-- SC_ON --\u003E","shortName":"Rule #2: No Certification Brain Dumps / Cheating."},{"violationReason":null,"description":"Blogspam / Traffic Redirection.  \n\n* This sub prefers to share knowledge within the sub community.  \n\n* Directing our members to resources elsewhere is closely monitored.  \n\n - You may announce the existance of your blog/YouTube Channel.  \n\n - You may share a URL to a blog that answers questions already in discussion.  \n\n - But harassing members to check out your content will not be tolerated.  \n","createdUtc":1453963556,"priority":2,"descriptionHtml":"\u003C!-- SC_OFF --\u003E\u003Cdiv class=\"md\"\u003E\u003Cp\u003EBlogspam / Traffic Redirection.  \u003C/p\u003E\n\n\u003Cul\u003E\n\u003Cli\u003E\u003Cp\u003EThis sub prefers to share knowledge within the sub community.  \u003C/p\u003E\u003C/li\u003E\n\u003Cli\u003E\u003Cp\u003EDirecting our members to resources elsewhere is closely monitored.  \u003C/p\u003E\n\n\u003Cul\u003E\n\u003Cli\u003EYou may announce the existance of your blog/YouTube Channel.\u003Cbr/\u003E\u003C/li\u003E\n\u003Cli\u003EYou may share a URL to a blog that answers questions already in discussion.\u003Cbr/\u003E\u003C/li\u003E\n\u003Cli\u003EBut harassing members to check out your content will not be tolerated.\u003Cbr/\u003E\u003C/li\u003E\n\u003C/ul\u003E\u003C/li\u003E\n\u003C/ul\u003E\n\u003C/div\u003E\u003C!-- SC_ON --\u003E","shortName":"Rule #3: No BlogSpam / Traffic re-direction."},{"violationReason":null,"description":"No Low-quality posts.  \n\n* Any post that fails to display a minimal level of effort prior to asking for help is at risk of being Locked or Deleted.  \n\n* We expect our members to treat each other as fellow professionals. Professionals research \u0026 troubleshoot before they ask others for help.  \n\n* Please review [How to ask Intelligent Questions](http://www.catb.org/esr/faqs/smart-questions.html) to avoid this issue.  \n","createdUtc":1453963603,"priority":3,"descriptionHtml":"\u003C!-- SC_OFF --\u003E\u003Cdiv class=\"md\"\u003E\u003Cp\u003ENo Low-quality posts.  \u003C/p\u003E\n\n\u003Cul\u003E\n\u003Cli\u003E\u003Cp\u003EAny post that fails to display a minimal level of effort prior to asking for help is at risk of being Locked or Deleted.  \u003C/p\u003E\u003C/li\u003E\n\u003Cli\u003E\u003Cp\u003EWe expect our members to treat each other as fellow professionals. Professionals research \u0026amp; troubleshoot before they ask others for help.  \u003C/p\u003E\u003C/li\u003E\n\u003Cli\u003E\u003Cp\u003EPlease review \u003Ca href=\"http://www.catb.org/esr/faqs/smart-questions.html\"\u003EHow to ask Intelligent Questions\u003C/a\u003E to avoid this issue.  \u003C/p\u003E\u003C/li\u003E\n\u003C/ul\u003E\n\u003C/div\u003E\u003C!-- SC_ON --\u003E","shortName":"Rule #4: No Low Quality Posts."},{"violationReason":null,"description":"Networking Career Advice  \n\n* Topics asking for information about getting into the networking field will be removed. This topic has been discussed at length, please use the search feature.  Please visit /r/itcareerquestions.  \n* Topics regarding senior-level networking career progression are permitted.","createdUtc":1453963758,"priority":4,"descriptionHtml":"\u003C!-- SC_OFF --\u003E\u003Cdiv class=\"md\"\u003E\u003Cp\u003ENetworking Career Advice  \u003C/p\u003E\n\n\u003Cul\u003E\n\u003Cli\u003ETopics asking for information about getting into the networking field will be removed. This topic has been discussed at length, please use the search feature.  Please visit \u003Ca href=\"/r/itcareerquestions\"\u003E/r/itcareerquestions\u003C/a\u003E.\u003Cbr/\u003E\u003C/li\u003E\n\u003Cli\u003ETopics regarding senior-level networking career progression are permitted.\u003C/li\u003E\n\u003C/ul\u003E\n\u003C/div\u003E\u003C!-- SC_ON --\u003E","shortName":"Rule #5: No Early Career Advice."},{"violationReason":null,"description":"Homework / Educational Questions must display effort.  \n\n* We are not here to repeat the content of a Wikipedia Article.  \n\n* We are not here to explain anything Like You Are Five - ELI5 requests will be deleted.  \n\n* However, intelligent questions that display a reasonable effort by the poster to understand a subject are permitted, and encouraged.  \n","createdUtc":1453964004,"priority":5,"descriptionHtml":"\u003C!-- SC_OFF --\u003E\u003Cdiv class=\"md\"\u003E\u003Cp\u003EHomework / Educational Questions must display effort.  \u003C/p\u003E\n\n\u003Cul\u003E\n\u003Cli\u003E\u003Cp\u003EWe are not here to repeat the content of a Wikipedia Article.  \u003C/p\u003E\u003C/li\u003E\n\u003Cli\u003E\u003Cp\u003EWe are not here to explain anything Like You Are Five - ELI5 requests will be deleted.  \u003C/p\u003E\u003C/li\u003E\n\u003Cli\u003E\u003Cp\u003EHowever, intelligent questions that display a reasonable effort by the poster to understand a subject are permitted, and encouraged.  \u003C/p\u003E\u003C/li\u003E\n\u003C/ul\u003E\n\u003C/div\u003E\u003C!-- SC_ON --\u003E","shortName":"Rule #6: Educational Questions must show effort."},{"violationReason":null,"description":"* This subreddit invites redditors from all around the globe to discuss enterprise networking.\n* Political posts tend to attract the wrong crowd and overly aggressive vocalization.\n* Topics that may affect one locale does not contribute enterprise networking discussions.","createdUtc":1540535982,"priority":6,"descriptionHtml":"\u003C!-- SC_OFF --\u003E\u003Cdiv class=\"md\"\u003E\u003Cul\u003E\n\u003Cli\u003EThis subreddit invites redditors from all around the globe to discuss enterprise networking.\u003C/li\u003E\n\u003Cli\u003EPolitical posts tend to attract the wrong crowd and overly aggressive vocalization.\u003C/li\u003E\n\u003Cli\u003ETopics that may affect one locale does not contribute enterprise networking discussions.\u003C/li\u003E\n\u003C/ul\u003E\n\u003C/div\u003E\u003C!-- SC_ON --\u003E","shortName":"Rule #7: No Political Posts."}],"display":"compact"}},"moderatorIds":{"t5_2qkaf":"widget_moderators-2qkaf"},"sidebar":{"t5_2qkaf":["widget_rules-2qkaf"]}}}